{
"type": "FeatureCollection",
"name": "114wrasb_fac",
"crs": { "type": "name", "properties": { "name": "urn:ogc:def:crs:OGC:1.3:CRS84" } },
"features": [
{ "type": "Feature", "properties": { "工程（財產）名稱": "護岸", "工程（財產）別名": "護岸/108年阿公店水庫邊緣設施崩塌地處理工", "財產編號": "1110102-008H 00-0000498", "保管單位": "阿管中心", "入帳日期(購置日期)": "2020-09-15", "清查日期": "2021/05/12", "地籍": "高雄市田寮區牛稠埔段500-29地號(本局)", "座標X(1)": 185443.0, "座標Y(1)": 2525248.0, "座標X(2)": "185447", "座標Y(2)": "2525248", "有無貼牌": "是", "有無QRCode": "無", "說明": null, "保管人": "陳煌祥" }, "geometry": { "type": "Point", "coordinates": [ 120.371059300260015, 22.82685551688234 ] } },
{ "type": "Feature", "properties": { "工程（財產）名稱": "護岸", "工程（財產）別名": "石籠護岸/102水庫集水區牡丹三號橋上游野溪", "財產編號": "1110102-008H 00-0000496", "保管單位": "養護科", "入帳日期(購置日期)": "2013-10-29", "清查日期": "2020/09/23", "地籍": "河川地無地籍(牡丹區牡丹段)", "座標X(1)": 232451.0, "座標Y(1)": 2452340.0, "座標X(2)": null, "座標Y(2)": null, "有無貼牌": "--", "有無QRCode": "無", "說明": null, "保管人": "吳宗翰" }, "geometry": { "type": "Point", "coordinates": [ 120.829834054225955, 22.16955391944764 ] } },
{ "type": "Feature", "properties": { "工程（財產）名稱": "護岸", "工程（財產）別名": "石籠護岸/101年牡丹水庫周邊零星工程", "財產編號": "1110102-008H 00-0000494", "保管單位": "養護科", "入帳日期(購置日期)": "2013-01-15", "清查日期": "2020/09/23", "地籍": "河川地無籍(牡丹區牡丹段)", "座標X(1)": 232498.0, "座標Y(1)": 2452275.0, "座標X(2)": null, "座標Y(2)": null, "有無貼牌": "--", "有無QRCode": "無", "說明": null, "保管人": "吳宗翰" }, "geometry": { "type": "Point", "coordinates": [ 120.830290498188234, 22.168967338556044 ] } },
{ "type": "Feature", "properties": { "工程（財產）名稱": "護岸", "工程（財產）別名": "護岸/109阿公店水庫集水區水土保持暨邊坡治", "財產編號": "1110102-008H 00-0000501", "保管單位": "阿管中心", "入帳日期(購置日期)": "2021-03-05", "清查日期": "--", "地籍": "高雄市田寮區水蛙潭段323-94號", "座標X(1)": 187715.446, "座標Y(1)": 2524817.766, "座標X(2)": "187705.042", "座標Y(2)": "2524817.766", "有無貼牌": "--", "有無QRCode": "無", "說明": "長4米(工區5)", "保管人": "邱柏翰" }, "geometry": { "type": "Point", "coordinates": [ 120.39321464445554, 22.823056175581932 ] } },
{ "type": "Feature", "properties": { "工程（財產）名稱": "護岸", "工程（財產）別名": "護岸/109阿公店水庫集水區水土保持暨邊治理", "財產編號": "1110102-008H 00-0000500", "保管單位": "阿管中心", "入帳日期(購置日期)": "2021-03-05", "清查日期": "--", "地籍": "高雄市田寮區牛稠埔段68-8,68-24及68-25號", "座標X(1)": 184110.652, "座標Y(1)": 2525721.552, "座標X(2)": "183994.637", "座標Y(2)": "2525721.552", "有無貼牌": "--", "有無QRCode": "無", "說明": "長150公尺(工區1)", "保管人": "邱柏翰" }, "geometry": { "type": "Point", "coordinates": [ 120.358059587619309, 22.831080094953471 ] } },
{ "type": "Feature", "properties": { "工程（財產）名稱": "護岸", "工程（財產）別名": "石籠護岸/101年牡丹水庫周邊零星工程", "財產編號": "1110102-008H 00-0000492", "保管單位": "養護科", "入帳日期(購置日期)": "2013-01-15", "清查日期": "2020/09/23", "地籍": "河川地無地籍(牡丹區東源段)", "座標X(1)": 234076.0, "座標Y(1)": 2453656.0, "座標X(2)": null, "座標Y(2)": null, "有無貼牌": "--", "有無QRCode": "無", "說明": null, "保管人": "吳宗翰" }, "geometry": { "type": "Point", "coordinates": [ 120.845578030906097, 22.181455231590373 ] } },
{ "type": "Feature", "properties": { "工程（財產）名稱": "護岸", "工程（財產）別名": "護岸/曾文水庫達德安壩下游右岸崩塌地整治", "財產編號": "1110102-008H 00-0000491", "保管單位": "曾管中心", "入帳日期(購置日期)": "2018-11-06", "清查日期": "--", "地籍": "嘉義縣阿里山鄉達邦段(0947)9017-90地號", "座標X(1)": 223435.629, "座標Y(1)": 2594545.878, "座標X(2)": null, "座標Y(2)": null, "有無貼牌": "--", "有無QRCode": "無", "說明": null, "保管人": "周駿宏" }, "geometry": { "type": "Point", "coordinates": [ 120.739989997946722, 23.453679999239824 ] } },
{ "type": "Feature", "properties": { "工程（財產）名稱": "護岸", "工程（財產）別名": "103曾文水庫週邊零星工程(和平)", "財產編號": "1110102-008H 00-0000014", "保管單位": "養護科", "入帳日期(購置日期)": "2015-01-16", "清查日期": "--", "地籍": "嘉義縣大埔鄉水寮段31", "座標X(1)": 213107.0, "座標Y(1)": 2578391.0, "座標X(2)": null, "座標Y(2)": null, "有無貼牌": "--", "有無QRCode": "無", "說明": null, "保管人": "吳宗翰" }, "geometry": { "type": "Point", "coordinates": [ 120.639290554737329, 23.307598296637074 ] } },
{ "type": "Feature", "properties": { "工程（財產）名稱": "護岸", "工程（財產）別名": "102年度曾文水庫週邊零星工程", "財產編號": "1110102-008H 00-0000009", "保管單位": "養護科", "入帳日期(購置日期)": "2014-01-09", "清查日期": "--", "地籍": "嘉義縣大埔鄉大埔段1445-160", "座標X(1)": 206268.0, "座標Y(1)": 2570515.0, "座標X(2)": null, "座標Y(2)": null, "有無貼牌": "--", "有無QRCode": "無", "說明": null, "保管人": "吳宗翰" }, "geometry": { "type": "Point", "coordinates": [ 120.572652681718807, 23.236308558403238 ] } },
{ "type": "Feature", "properties": { "工程（財產）名稱": "護岸", "工程（財產）別名": "內門農塘邊坡工程-120", "財產編號": "1110102-008F 00-0000026", "保管單位": "阿管中心", "入帳日期(購置日期)": "2007-12-14", "清查日期": "2012/05/24", "地籍": "高雄市內門區腳帛寮段1-5號", "座標X(1)": 194919.0, "座標Y(1)": 2534667.0, "座標X(2)": null, "座標Y(2)": null, "有無貼牌": "--", "有無QRCode": "無", "說明": null, "保管人": "李冠緯" }, "geometry": { "type": "Point", "coordinates": [ 120.463040759177233, 22.912251356040599 ] } },
{ "type": "Feature", "properties": { "工程（財產）名稱": "護岸", "工程（財產）別名": "石籠護岸-尖山村", "財產編號": "1110102-008F 93-0000008", "保管單位": "阿管中心", "入帳日期(購置日期)": "2004-12-31", "清查日期": "2015/04/23", "地籍": "高市燕巢尖山段995-7號", "座標X(1)": 185576.0, "座標Y(1)": 2523559.0, "座標X(2)": null, "座標Y(2)": null, "有無貼牌": "--", "有無QRCode": "無", "說明": null, "保管人": "呂元鈞" }, "geometry": { "type": "Point", "coordinates": [ 120.372424879969827, 22.811608284504608 ] } },
{ "type": "Feature", "properties": { "工程（財產）名稱": "護坡", "工程（財產）別名": "95曾文公共設施4290M2", "財產編號": "1110102-003A 95-0000057", "保管單位": "曾管中心", "入帳日期(購置日期)": "2006-12-29", "清查日期": "2015/07/30", "地籍": "台南市楠西區密枝段98-9號", "座標X(1)": 199009.9, "座標Y(1)": 2569402.87, "座標X(2)": null, "座標Y(2)": null, "有無貼牌": "--", "有無QRCode": "無", "說明": "山芙蓉下方曾庫公路邊坡", "保管人": "周駿宏" }, "geometry": { "type": "Point", "coordinates": [ 120.501766027841171, 23.226057008727906 ] } },
{ "type": "Feature", "properties": { "工程（財產）名稱": "辦公房屋", "工程（財產）別名": "高屏堰-舊辦公室", "財產編號": "2010201-001A 00-0000008", "保管單位": "高屏溪攔河堰", "入帳日期(購置日期)": "1999-10-21", "清查日期": "2025/02/27", "地籍": "大樹區保安段河川公地", "座標X(1)": 192063.0, "座標Y(1)": 2509810.0, "座標X(2)": "182047", "座標Y(2)": "2509793", "有無貼牌": "是", "有無QRCode": "有", "說明": "高屏堰操作大樓", "保管人": "蔡易龍" }, "geometry": { "type": "Point", "coordinates": [ 120.436124082439548, 22.687683080672105 ] } },
{ "type": "Feature", "properties": { "工程（財產）名稱": "護坡", "工程（財產）別名": "護坡/107曾文水庫湖域保護帶治理(第一期", "財產編號": "1110102-003D 00-0000060", "保管單位": "曾管中心", "入帳日期(購置日期)": "2018-11-26", "清查日期": "--", "地籍": "嘉義縣大埔鄉大埔段1484-34號", "座標X(1)": 202916.127, "座標Y(1)": 2570356.855, "座標X(2)": null, "座標Y(2)": null, "有無貼牌": "--", "有無QRCode": "無", "說明": null, "保管人": "李勝雄" }, "geometry": { "type": "Point", "coordinates": [ 120.539903999340027, 23.234787999483508 ] } },
{ "type": "Feature", "properties": { "工程（財產）名稱": "擋土牆", "工程（財產）別名": "擋土牆/108阿公店水庫集水區水土保持零星工", "財產編號": "1110102-0004 00-0000555", "保管單位": "阿管中心", "入帳日期(購置日期)": "2020-04-07", "清查日期": "2022/12/15", "地籍": "高雄市岡山區三和段724地號(國產署)", "座標X(1)": 182570.0, "座標Y(1)": 2525161.0, "座標X(2)": "182577", "座標Y(2)": "2525171", "有無貼牌": "是", "有無QRCode": "無", "說明": null, "保管人": "陳煌祥" }, "geometry": { "type": "Point", "coordinates": [ 120.343074515990025, 22.825956930206097 ] } },
{ "type": "Feature", "properties": { "工程（財產）名稱": "擋土牆", "工程（財產）別名": "擋土牆106阿公店水庫集水區水土保持零星", "財產編號": "1110102-0004 00-0000511", "保管單位": "阿管中心", "入帳日期(購置日期)": "2017-12-30", "清查日期": "2019/04/01", "地籍": "高雄市燕巢區尖山段1163地號", "座標X(1)": 184268.0, "座標Y(1)": 2524654.0, "座標X(2)": null, "座標Y(2)": null, "有無貼牌": "--", "有無QRCode": "無", "說明": null, "保管人": "陳煌祥" }, "geometry": { "type": "Point", "coordinates": [ 120.359637604101437, 22.821445878083789 ] } },
{ "type": "Feature", "properties": { "工程（財產）名稱": "擋土牆", "工程（財產）別名": "106曾文水庫壩區及蓄水範圍邊坡治理工程", "財產編號": "1110102-0004 00-0000509", "保管單位": "曾管中心", "入帳日期(購置日期)": "2018-04-25", "清查日期": "--", "地籍": "嘉義縣大埔鄉大埔段1845號(公)", "座標X(1)": 207797.26, "座標Y(1)": 2577898.07, "座標X(2)": null, "座標Y(2)": null, "有無貼牌": "--", "有無QRCode": "無", "說明": null, "保管人": "周駿宏" }, "geometry": { "type": "Point", "coordinates": [ 120.587390986834478, 23.303019031760879 ] } },
{ "type": "Feature", "properties": { "工程（財產）名稱": "擋土牆", "工程（財產）別名": "擋土牆", "財產編號": "1110102-0004 00-0000466", "保管單位": "阿管中心", "入帳日期(購置日期)": "2016-04-21", "清查日期": "2019/06/21", "地籍": "岡山挖子段2874", "座標X(1)": 182155.0, "座標Y(1)": 2524342.0, "座標X(2)": null, "座標Y(2)": null, "有無貼牌": "--", "有無QRCode": "無", "說明": "高雄市岡山區拕子段2874號地岡山區104年度阿公店水庫集水區水土保持零星工程", "保管人": "陳煌祥" }, "geometry": { "type": "Point", "coordinates": [ 120.339067354594434, 22.818544365018219 ] } },
{ "type": "Feature", "properties": { "工程（財產）名稱": "擋土牆", "工程（財產）別名": "105年阿公店水庫集水區水土保持工程", "財產編號": "1110102-0004 00-0000495", "保管單位": "阿管中心", "入帳日期(購置日期)": "2017-01-30", "清查日期": "2019/06/21", "地籍": "高雄市岡山區 子段6-1號", "座標X(1)": 182559.0, "座標Y(1)": 2525293.0, "座標X(2)": null, "座標Y(2)": null, "有無貼牌": "--", "有無QRCode": "無", "說明": null, "保管人": "陳煌祥" }, "geometry": { "type": "Point", "coordinates": [ 120.34296163478507, 22.827148492856171 ] } },
{ "type": "Feature", "properties": { "工程（財產）名稱": "擋土牆", "工程（財產）別名": "105年阿公店水庫集水區水土保持擋土牆", "財產編號": "1110102-0004 00-0000494", "保管單位": "阿管中心", "入帳日期(購置日期)": "2017-01-30", "清查日期": "2019/06/21", "地籍": "高雄市燕巢區尖山段1163號", "座標X(1)": 184268.0, "座標Y(1)": 2524654.0, "座標X(2)": null, "座標Y(2)": null, "有無貼牌": "--", "有無QRCode": "無", "說明": null, "保管人": "陳煌祥" }, "geometry": { "type": "Point", "coordinates": [ 120.359637604101437, 22.821445878083789 ] } },
{ "type": "Feature", "properties": { "工程（財產）名稱": "擋土牆", "工程（財產）別名": "擋土牆106曾文水庫週邊零星工程", "財產編號": "1110102-0004 00-0000515", "保管單位": "養護科", "入帳日期(購置日期)": "2018-03-31", "清查日期": "--", "地籍": null, "座標X(1)": 215781.0, "座標Y(1)": 2587577.0, "座標X(2)": "215783", "座標Y(2)": "2587577", "有無貼牌": "--", "有無QRCode": "無", "說明": null, "保管人": "吳宗翰" }, "geometry": { "type": "Point", "coordinates": [ 120.665226388103804, 23.390607516966654 ] } },
{ "type": "Feature", "properties": { "工程（財產）名稱": "擋土牆", "工程（財產）別名": "擋土牆/108高屏堰週邊改善零星工程", "財產編號": "1110102-0004 00-0000542", "保管單位": "高屏溪攔河堰", "入帳日期(購置日期)": "2020-02-06", "清查日期": "2023/01/05", "地籍": "興和段555及621地號等1筆土地", "座標X(1)": 191943.0, "座標Y(1)": 2512815.0, "座標X(2)": "191941", "座標Y(2)": "2512815", "有無貼牌": "是", "有無QRCode": "無", "說明": "X191951 Y2512802", "保管人": "沈文忠" }, "geometry": { "type": "Point", "coordinates": [ 120.434844885853622, 22.71481601870304 ] } },
{ "type": "Feature", "properties": { "工程（財產）名稱": "擋土牆", "工程（財產）別名": "擋土牆/108阿公店水庫集水區水土保持零星工", "財產編號": "1110102-0004 00-0000546", "保管單位": "阿管中心", "入帳日期(購置日期)": "2020-03-09", "清查日期": "2021/05/14", "地籍": "水蛙潭段381-1(國產屬)地號", "座標X(1)": 186820.0, "座標Y(1)": 2524621.0, "座標X(2)": "186811", "座標Y(2)": "2524621", "有無貼牌": "是", "有無QRCode": "無", "說明": "1.依112年1月10日阿管中心陳煌祥工程司1123100115號簽陳再辦理繼續延長增值(增加價值為新台幣726,024元整)故增值後本案財產之總淨值為新台幣792,236元整,@故於112年8月份作盤點時再貼一塊財產標籤牌2.增值97座標 X186808 Y2524615(共有兩塊貼牌)", "保管人": "陳煌祥" }, "geometry": { "type": "Point", "coordinates": [ 120.384499449002774, 22.821245839518649 ] } },
{ "type": "Feature", "properties": { "工程（財產）名稱": "擋土牆", "工程（財產）別名": "擋土牆(RC段)曾文水庫防隧道工程", "財產編號": "1110102-0004 00-0000518", "保管單位": "曾管中心", "入帳日期(購置日期)": "2018-11-30", "清查日期": "--", "地籍": "河床無地籍資料", "座標X(1)": 200923.07, "座標Y(1)": 2571034.58, "座標X(2)": null, "座標Y(2)": null, "有無貼牌": "--", "有無QRCode": "無", "說明": "擋土牆(RC段)", "保管人": "周駿宏" }, "geometry": { "type": "Point", "coordinates": [ 120.520406813901914, 23.240849733034157 ] } },
{ "type": "Feature", "properties": { "工程（財產）名稱": "擋土牆", "工程（財產）別名": "擋土牆107年曾文水庫週邊零星工程", "財產編號": "1110102-0004 00-0000532", "保管單位": "養護科", "入帳日期(購置日期)": "2019-02-26", "清查日期": "--", "地籍": "大埔段1200號地", "座標X(1)": 208991.0, "座標Y(1)": 2574895.0, "座標X(2)": null, "座標Y(2)": null, "有無貼牌": "--", "有無QRCode": "無", "說明": "長87公尺,面積178平方公尺", "保管人": "吳宗翰" }, "geometry": { "type": "Point", "coordinates": [ 120.599142971285772, 23.275931034887929 ] } },
{ "type": "Feature", "properties": { "工程（財產）名稱": "擋土牆", "工程（財產）別名": "擋土牆/108曾文水庫週邊零星工程", "財產編號": "1110102-0004 00-0000564", "保管單位": "養護科", "入帳日期(購置日期)": "2020-03-18", "清查日期": "--", "地籍": "嘉義縣大埔段867-1地號", "座標X(1)": 209039.0, "座標Y(1)": 2577826.0, "座標X(2)": null, "座標Y(2)": null, "有無貼牌": "--", "有無QRCode": "無", "說明": null, "保管人": "吳宗翰" }, "geometry": { "type": "Point", "coordinates": [ 120.599532982845929, 23.302399702318297 ] } },
{ "type": "Feature", "properties": { "工程（財產）名稱": "擋土牆", "工程（財產）別名": "擋土牆/108阿公店水庫集水區水土保持零星工", "財產編號": "1110102-0004 00-0000545", "保管單位": "阿管中心", "入帳日期(購置日期)": "2020-03-09", "清查日期": "2021/05/14", "地籍": "水蛙潭段323-158(田寮區公所)及323-114(國產屬)地號", "座標X(1)": 187136.0, "座標Y(1)": 2525214.0, "座標X(2)": "187135", "座標Y(2)": "2525214", "有無貼牌": "是", "有無QRCode": "無", "說明": null, "保管人": "陳煌祥" }, "geometry": { "type": "Point", "coordinates": [ 120.387553836777158, 22.826612738205167 ] } },
{ "type": "Feature", "properties": { "工程（財產）名稱": "擋土牆", "工程（財產）別名": "104年曾文水庫週邊零星工程", "財產編號": "1110102-0004 00-0000462", "保管單位": "養護科", "入帳日期(購置日期)": "2015-12-31", "清查日期": "--", "地籍": "嘉義縣大埔鄉大埔段1265-103", "座標X(1)": 208137.0, "座標Y(1)": 2574593.0, "座標X(2)": null, "座標Y(2)": null, "有無貼牌": "--", "有無QRCode": "無", "說明": null, "保管人": "吳宗翰" }, "geometry": { "type": "Point", "coordinates": [ 120.590803738752854, 23.273182374456379 ] } },
{ "type": "Feature", "properties": { "工程（財產）名稱": "擋土牆", "工程（財產）別名": "護坡/108曾文水庫湖域保護帶治理第一", "財產編號": "1110102-0004 00-0000556", "保管單位": "曾管中心", "入帳日期(購置日期)": "2020-03-25", "清查日期": "2020/03/25", "地籍": "無地籍", "座標X(1)": 201170.328, "座標Y(1)": 2571004.117, "座標X(2)": null, "座標Y(2)": null, "有無貼牌": "--", "有無QRCode": "無", "說明": "擋土牆", "保管人": "周駿宏" }, "geometry": { "type": "Point", "coordinates": [ 120.522824000030539, 23.240582004055096 ] } },
{ "type": "Feature", "properties": { "工程（財產）名稱": "擋土牆", "工程（財產）別名": "擋土牆/105曾文水庫密枝里排水溝三進暨王萊", "財產編號": "1110102-0004 00-0000598", "保管單位": "曾管中心", "入帳日期(購置日期)": "2016-11-20", "清查日期": "2020/12/10", "地籍": "台南市楠西區密枝段936號", "座標X(1)": 203379.61, "座標Y(1)": 2567220.03, "座標X(2)": null, "座標Y(2)": null, "有無貼牌": "--", "有無QRCode": "無", "說明": "位置密枝王萊山路", "保管人": "周駿宏" }, "geometry": { "type": "Point", "coordinates": [ 120.544529041820965, 23.206475043204833 ] } },
{ "type": "Feature", "properties": { "工程（財產）名稱": "擋土牆", "工程（財產）別名": "擋土牆/105曾文水庫密枝里排水溝三進暨王萊", "財產編號": "1110102-0004 00-0000596", "保管單位": "曾管中心", "入帳日期(購置日期)": "2016-11-20", "清查日期": "2020/12/10", "地籍": "台南市楠西區雙溪段606號", "座標X(1)": 199959.26, "座標Y(1)": 2566912.64, "座標X(2)": null, "座標Y(2)": null, "有無貼牌": "--", "有無QRCode": "無", "說明": "位置台南楠溪雙溪", "保管人": "周駿宏" }, "geometry": { "type": "Point", "coordinates": [ 120.511123979565681, 23.203598957189435 ] } },
{ "type": "Feature", "properties": { "工程（財產）名稱": "擋土牆", "工程（財產）別名": "擋土牆/104曾文水庫改善工程(楠西區)", "財產編號": "1110102-0004 00-0000595", "保管單位": "曾管中心", "入帳日期(購置日期)": "2015-12-02", "清查日期": "2020/12/07", "地籍": "台南市楠西區王萊宅段19號", "座標X(1)": 198143.75, "座標Y(1)": 2566405.25, "座標X(2)": null, "座標Y(2)": null, "有無貼牌": "--", "有無QRCode": "無", "說明": "位置:台南市楠西區興北", "保管人": "周駿宏" }, "geometry": { "type": "Point", "coordinates": [ 120.493405038823724, 23.198961032663306 ] } },
{ "type": "Feature", "properties": { "工程（財產）名稱": "擋土牆", "工程（財產）別名": "擋土牆/104曾文水庫改善工程(楠西區)", "財產編號": "1110102-0004 00-0000594", "保管單位": "曾管中心", "入帳日期(購置日期)": "2015-12-02", "清查日期": "--", "地籍": "台南市楠西區王萊宅段19號", "座標X(1)": 198037.19, "座標Y(1)": 2566435.3, "座標X(2)": null, "座標Y(2)": null, "有無貼牌": "--", "有無QRCode": "無", "說明": "楠西區照興里興北", "保管人": "周駿宏" }, "geometry": { "type": "Point", "coordinates": [ 120.492363038032352, 23.199229033715188 ] } },
{ "type": "Feature", "properties": { "工程（財產）名稱": "擋土牆", "工程（財產）別名": "擋土牆/104曾文水庫改善工程(楠西區)", "財產編號": "1110102-0004 00-0000593", "保管單位": "曾管中心", "入帳日期(購置日期)": "2015-12-02", "清查日期": "2020/12/08", "地籍": "台南市楠西區龜丹段26-13號", "座標X(1)": 199486.95, "座標Y(1)": 2559565.24, "座標X(2)": null, "座標Y(2)": null, "有無貼牌": "--", "有無QRCode": "無", "說明": "位置:台南市龜丹里", "保管人": "周駿宏" }, "geometry": { "type": "Point", "coordinates": [ 120.506752990865465, 23.137236017397754 ] } },
{ "type": "Feature", "properties": { "工程（財產）名稱": "擋土牆", "工程（財產）別名": "擋土牆107年曾文水庫週邊零星工程", "財產編號": "1110102-0004 00-0000531", "保管單位": "養護科", "入帳日期(購置日期)": "2019-02-26", "清查日期": "--", "地籍": "溪頭段30號地", "座標X(1)": 212967.0, "座標Y(1)": 2572046.0, "座標X(2)": null, "座標Y(2)": null, "有無貼牌": "--", "有無QRCode": "無", "說明": "長15米,面積31.8平方公尺", "保管人": "吳宗翰" }, "geometry": { "type": "Point", "coordinates": [ 120.63807663969061, 23.250298291509317 ] } },
{ "type": "Feature", "properties": { "工程（財產）名稱": "擋土牆", "工程（財產）別名": "106曾文水庫壩區及蓄水範圍邊坡治理工程", "財產編號": "1110102-0004 00-0000510", "保管單位": "曾管中心", "入帳日期(購置日期)": "2018-04-25", "清查日期": "2018/10/30", "地籍": "台南市東山區下南勢段948-9地號", "座標X(1)": 213749.52, "座標Y(1)": 2577156.86, "座標X(2)": null, "座標Y(2)": null, "有無貼牌": "--", "有無QRCode": "無", "說明": "位於曾庫公路四號橋過100公尺處", "保管人": "周駿宏" }, "geometry": { "type": "Point", "coordinates": [ 120.645602017772163, 23.296468071257351 ] } },
{ "type": "Feature", "properties": { "工程（財產）名稱": "擋土牆", "工程（財產）別名": "擋土牆", "財產編號": "1110102-0004 00-0000538", "保管單位": "養護科", "入帳日期(購置日期)": "2019-03-31", "清查日期": "--", "地籍": "嘉義縣阿里山鄉達邦段521號", "座標X(1)": 223304.0, "座標Y(1)": 2591613.0, "座標X(2)": null, "座標Y(2)": null, "有無貼牌": "--", "有無QRCode": "無", "說明": "工區F", "保管人": "吳宗翰" }, "geometry": { "type": "Point", "coordinates": [ 120.738753701933987, 23.427193557143244 ] } },
{ "type": "Feature", "properties": { "工程（財產）名稱": "擋土牆", "工程（財產）別名": "106年曾文水庫週邊零星工程", "財產編號": "1110102-0004 00-0000498", "保管單位": "養護科", "入帳日期(購置日期)": "2018-02-09", "清查日期": "--", "地籍": "大埔段1304-1地號", "座標X(1)": 208169.0, "座標Y(1)": 2573873.0, "座標X(2)": null, "座標Y(2)": null, "有無貼牌": "--", "有無QRCode": "無", "說明": "擋土牆", "保管人": "吳宗翰" }, "geometry": { "type": "Point", "coordinates": [ 120.591136362083674, 23.266681447851695 ] } },
{ "type": "Feature", "properties": { "工程（財產）名稱": "擋土牆", "工程（財產）別名": "擋土牆(含集水井及涵管)", "財產編號": "1110102-0004 00-0000537", "保管單位": "養護科", "入帳日期(購置日期)": "2019-03-31", "清查日期": "--", "地籍": "嘉義縣阿里山鄉樂野段597、600", "座標X(1)": 221039.0, "座標Y(1)": 2593029.0, "座標X(2)": null, "座標Y(2)": null, "有無貼牌": "--", "有無QRCode": "無", "說明": "工區D", "保管人": "吳宗翰" }, "geometry": { "type": "Point", "coordinates": [ 120.716561417213597, 23.439941567295502 ] } },
{ "type": "Feature", "properties": { "工程（財產）名稱": "擋土牆", "工程（財產）別名": "擋土牆(LA段)曾文水庫防隧道工程", "財產編號": "1110102-0004 00-0000520", "保管單位": "曾管中心", "入帳日期(購置日期)": "2018-11-30", "清查日期": "--", "地籍": "河川地無地籍資料", "座標X(1)": 201039.46, "座標Y(1)": 2570978.47, "座標X(2)": null, "座標Y(2)": null, "有無貼牌": "--", "有無QRCode": "無", "說明": "擋土牆(LA段)", "保管人": "周駿宏" }, "geometry": { "type": "Point", "coordinates": [ 120.521545984869348, 23.24034651903111 ] } },
{ "type": "Feature", "properties": { "工程（財產）名稱": "擋土牆", "工程（財產）別名": "擋土牆(RD段)曾文水庫防隧道工程", "財產編號": "1110102-0004 00-0000519", "保管單位": "曾管中心", "入帳日期(購置日期)": "2018-11-30", "清查日期": "--", "地籍": "河床無地籍資料", "座標X(1)": 200692.94, "座標Y(1)": 2570962.04, "座標X(2)": null, "座標Y(2)": null, "有無貼牌": "--", "有無QRCode": "無", "說明": "擋土牆(RD段)", "保管人": "周駿宏" }, "geometry": { "type": "Point", "coordinates": [ 120.518160334304298, 23.240187806444812 ] } },
{ "type": "Feature", "properties": { "工程（財產）名稱": "擋土牆", "工程（財產）別名": "擋土牆/108阿公店水庫集水區水土保持零星工", "財產編號": "1110102-0004 00-0000543", "保管單位": "阿管中心", "入帳日期(購置日期)": "2020-03-09", "清查日期": "2021/05/12", "地籍": "牛稠埔段700-4地號", "座標X(1)": 183408.0, "座標Y(1)": 2525876.0, "座標X(2)": "183414", "座標Y(2)": "2525876", "有無貼牌": "是", "有無QRCode": "無", "說明": null, "保管人": "陳煌祥" }, "geometry": { "type": "Point", "coordinates": [ 120.35120758191681, 22.832447081058653 ] } },
{ "type": "Feature", "properties": { "工程（財產）名稱": "擋土牆", "工程（財產）別名": "擋土牆107年曾文水庫週邊零星工程", "財產編號": "1110102-0004 00-0000530", "保管單位": "養護科", "入帳日期(購置日期)": "2019-02-26", "清查日期": "--", "地籍": "大埔段1146地號", "座標X(1)": 211263.0, "座標Y(1)": 2571330.0, "座標X(2)": null, "座標Y(2)": null, "有無貼牌": "--", "有無QRCode": "無", "說明": "長36公尺,面積82.7平方公尺", "保管人": "吳宗翰" }, "geometry": { "type": "Point", "coordinates": [ 120.621441977493404, 23.243793375494633 ] } },
{ "type": "Feature", "properties": { "工程（財產）名稱": "擋土牆", "工程（財產）別名": "擋土牆107阿公店水庫集水區水土保持零星工", "財產編號": "1110102-0004 00-0000526", "保管單位": "阿管中心", "入帳日期(購置日期)": "2018-12-20", "清查日期": "2022/11/17", "地籍": "高雄市岡山區拕子段四小段2273號", "座標X(1)": 182746.0, "座標Y(1)": 2525232.0, "座標X(2)": "182753", "座標Y(2)": "2525235", "有無貼牌": "是", "有無QRCode": "無", "說明": null, "保管人": "陳煌祥" }, "geometry": { "type": "Point", "coordinates": [ 120.344786011438657, 22.826605144651229 ] } },
{ "type": "Feature", "properties": { "工程（財產）名稱": "擋土牆", "工程（財產）別名": "擋土牆106曾文水庫週邊零星工程", "財產編號": "1110102-0004 00-0000513", "保管單位": "養護科", "入帳日期(購置日期)": "2018-03-31", "清查日期": "--", "地籍": null, "座標X(1)": 217492.0, "座標Y(1)": 2581235.0, "座標X(2)": "217532", "座標Y(2)": "2581235", "有無貼牌": "--", "有無QRCode": "無", "說明": null, "保管人": "吳宗翰" }, "geometry": { "type": "Point", "coordinates": [ 120.68210186176762, 23.333373045851538 ] } },
{ "type": "Feature", "properties": { "工程（財產）名稱": "擋土牆", "工程（財產）別名": "擋土牆106曾文水庫週邊零星工程", "財產編號": "1110102-0004 00-0000514", "保管單位": "養護科", "入帳日期(購置日期)": "2018-03-31", "清查日期": "--", "地籍": null, "座標X(1)": 217492.0, "座標Y(1)": 2581235.0, "座標X(2)": "217532", "座標Y(2)": "2581235", "有無貼牌": "--", "有無QRCode": "無", "說明": null, "保管人": "吳宗翰" }, "geometry": { "type": "Point", "coordinates": [ 120.68210186176762, 23.333373045851538 ] } },
{ "type": "Feature", "properties": { "工程（財產）名稱": "擋土牆", "工程（財產）別名": "擋土牆/106曾文水庫集水區主流山美段河道護", "財產編號": "1110102-0004 00-0000585", "保管單位": "曾管中心", "入帳日期(購置日期)": "2018-04-30", "清查日期": "2022/12/21", "地籍": "嘉義縣阿里山鄉南美段31號", "座標X(1)": 216522.0, "座標Y(1)": 2585820.0, "座標X(2)": "216100", "座標Y(2)": "2585820", "有無貼牌": "是", "有無QRCode": "無", "說明": "擋土牆400公尺+300公尺+14公尺(延長) 總長合計714公尺111年12月21日實際盤點97座標為X216713 Y2586183", "保管人": "許玿瑛" }, "geometry": { "type": "Point", "coordinates": [ 120.672514687908759, 23.374756897323884 ] } },
{ "type": "Feature", "properties": { "工程（財產）名稱": "擋土牆", "工程（財產）別名": "擋土牆/106曾文水庫湖域保護帶治理第二期", "財產編號": "1110102-0004 00-0000584", "保管單位": "曾管中心", "入帳日期(購置日期)": "2017-10-06", "清查日期": "--", "地籍": "台南市楠西區密枝段1-56", "座標X(1)": 202834.0, "座標Y(1)": 2566950.0, "座標X(2)": null, "座標Y(2)": null, "有無貼牌": "--", "有無QRCode": "無", "說明": "擋土牆51.8公尺(3工區)", "保管人": "許玿瑛" }, "geometry": { "type": "Point", "coordinates": [ 120.539207044603472, 23.204021091779705 ] } },
{ "type": "Feature", "properties": { "工程（財產）名稱": "擋土牆", "工程（財產）別名": "擋土牆/111年阿公店水庫集水區水土保持工程", "財產編號": "1110102-0004 00-0000661", "保管單位": "阿管中心", "入帳日期(購置日期)": "2022-11-22", "清查日期": "2023/08/15", "地籍": "高市田寮區牛稠埔段500-50號", "座標X(1)": 185191.0, "座標Y(1)": 2525266.0, "座標X(2)": "185197", "座標Y(2)": "2525252", "有無貼牌": "是", "有無QRCode": "無", "說明": "1.依阿管中心陳煌祥工程司112年1月10日1123100115號簽陳辦理新增財產,主計室開立112年2月1日轉#24之傳票,並列112年2月份之財產帳務2.貼牌97座標X185197 Y2525252", "保管人": "陳煌祥" }, "geometry": { "type": "Point", "coordinates": [ 120.368603578078421, 22.827008353495696 ] } },
{ "type": "Feature", "properties": { "工程（財產）名稱": "擋土牆", "工程（財產）別名": null, "財產編號": "1110102-0004 00-0000634", "保管單位": "牡管中心", "入帳日期(購置日期)": "2021-11-25", "清查日期": "2022/11/18", "地籍": "屏東縣牡丹鄉牡丹段721-1號", "座標X(1)": 227226.0, "座標Y(1)": 2450784.0, "座標X(2)": null, "座標Y(2)": null, "有無貼牌": "是", "有無QRCode": "無", "說明": null, "保管人": "蔡國山" }, "geometry": { "type": "Point", "coordinates": [ 120.779191415830937, 22.155439973866159 ] } },
{ "type": "Feature", "properties": { "工程（財產）名稱": "擋土牆", "工程（財產）別名": "擋土牆/110大樹公所代辦零星工程", "財產編號": "1110102-0004 00-0000640", "保管單位": "高屏溪攔河堰", "入帳日期(購置日期)": "2022-01-12", "清查日期": "2014/10/23", "地籍": "田寮段405,424-1地號等2筆土地", "座標X(1)": 192504.0, "座標Y(1)": 2515627.0, "座標X(2)": "192488", "座標Y(2)": "2515637", "有無貼牌": "是", "有無QRCode": "無", "說明": "1.於113年10月23日現地盤點時,發現結構物在溪溝的對岸,人力無法到達,並於結構物之對岸貼牌並定位(97座標X192480 Y2515642)", "保管人": "沈文忠" }, "geometry": { "type": "Point", "coordinates": [ 120.440202404337711, 22.740229306056385 ] } },
{ "type": "Feature", "properties": { "工程（財產）名稱": "擋土牆", "工程（財產）別名": "擋土牆/110年代辦零星工程", "財產編號": "1110102-0004 00-0000638", "保管單位": "高屏溪攔河堰", "入帳日期(購置日期)": "2022-01-12", "清查日期": "2014/10/23", "地籍": "統嶺段1020,1021,1022地號等3筆土地", "座標X(1)": 193222.0, "座標Y(1)": 2517853.0, "座標X(2)": "193233", "座標Y(2)": "2517856", "有無貼牌": "是", "有無QRCode": "無", "說明": null, "保管人": "沈文忠" }, "geometry": { "type": "Point", "coordinates": [ 120.447111930204017, 22.760355753050334 ] } },
{ "type": "Feature", "properties": { "工程（財產）名稱": "擋土牆", "工程（財產）別名": "擋土牆/牡丹水庫集水區汝仍溪攔木設施工程", "財產編號": "1110102-0004 00-0000637", "保管單位": "牡管中心", "入帳日期(購置日期)": "2021-11-25", "清查日期": "2022/11/18", "地籍": "屏東縣牡丹鄉牡丹段721-1及713號", "座標X(1)": 227232.605, "座標Y(1)": 2450816.324, "座標X(2)": "227235", "座標Y(2)": "2450773", "有無貼牌": "是", "有無QRCode": "無", "說明": null, "保管人": "蔡國山" }, "geometry": { "type": "Point", "coordinates": [ 120.779254999834762, 22.155731998575536 ] } },
{ "type": "Feature", "properties": { "工程（財產）名稱": "擋土牆", "工程（財產）別名": "擋土牆/110曾文水庫周邊零星工程", "財產編號": "1110102-0004 00-0000633", "保管單位": "養護科", "入帳日期(購置日期)": "2021-11-10", "清查日期": "--", "地籍": "嘉義縣阿里山鄉樂野段532號", "座標X(1)": 220346.0, "座標Y(1)": 2594443.0, "座標X(2)": null, "座標Y(2)": null, "有無貼牌": "--", "有無QRCode": "無", "說明": "半重力式擋土牆長15米封牆2座塊狀護欄10座", "保管人": "吳宗翰" }, "geometry": { "type": "Point", "coordinates": [ 120.709751264480104, 23.452697678211024 ] } },
{ "type": "Feature", "properties": { "工程（財產）名稱": "擋土牆", "工程（財產）別名": "擋土牆/110曾文水庫周邊零星工程", "財產編號": "1110102-0004 00-0000632", "保管單位": "養護科", "入帳日期(購置日期)": "2021-11-10", "清查日期": "--", "地籍": "嘉義縣阿里山鄉", "座標X(1)": 219051.0, "座標Y(1)": 2594857.0, "座標X(2)": null, "座標Y(2)": null, "有無貼牌": "--", "有無QRCode": "無", "說明": "L型溝擋土牆長27公尺,封牆2座", "保管人": "吳宗翰" }, "geometry": { "type": "Point", "coordinates": [ 120.697067613193411, 23.456412042938535 ] } },
{ "type": "Feature", "properties": { "工程（財產）名稱": "擋土牆", "工程（財產）別名": "擋土牆/110曾文水庫周邊零星工程", "財產編號": "1110102-0004 00-0000631", "保管單位": "養護科", "入帳日期(購置日期)": "2021-11-10", "清查日期": "--", "地籍": "嘉義縣阿里山鄉", "座標X(1)": 222552.0, "座標Y(1)": 2588740.0, "座標X(2)": null, "座標Y(2)": null, "有無貼牌": "--", "有無QRCode": "無", "說明": "半重力擋土牆長12米,封牆2座, 塊狀護欄8座", "保管人": "吳宗翰" }, "geometry": { "type": "Point", "coordinates": [ 120.731447078865429, 23.401237418286126 ] } },
{ "type": "Feature", "properties": { "工程（財產）名稱": "擋土牆", "工程（財產）別名": "擋土牆/110曾文水庫周邊零星工程", "財產編號": "1110102-0004 00-0000630", "保管單位": "養護科", "入帳日期(購置日期)": "2021-11-10", "清查日期": "--", "地籍": "嘉義縣阿里山鄉烏戡茲那段24號", "座標X(1)": 221969.0, "座標Y(1)": 2592248.0, "座標X(2)": null, "座標Y(2)": null, "有無貼牌": "--", "有無QRCode": "無", "說明": "長16公尺 含一個集水井及一個排水明渠長9米", "保管人": "吳宗翰" }, "geometry": { "type": "Point", "coordinates": [ 120.725677712905863, 23.432905294957589 ] } },
{ "type": "Feature", "properties": { "工程（財產）名稱": "擋土牆", "工程（財產）別名": "擋土牆/110曾文水庫周邊零星工程", "財產編號": "1110102-0004 00-0000629", "保管單位": "養護科", "入帳日期(購置日期)": "2021-11-10", "清查日期": "--", "地籍": "嘉義縣阿里山鄉達邦段562號", "座標X(1)": 222006.0, "座標Y(1)": 2592301.0, "座標X(2)": null, "座標Y(2)": null, "有無貼牌": "--", "有無QRCode": "無", "說明": "長13公尺 高5公尺 有塊狀護欄", "保管人": "吳宗翰" }, "geometry": { "type": "Point", "coordinates": [ 120.726038819838251, 23.433384527903293 ] } },
{ "type": "Feature", "properties": { "工程（財產）名稱": "擋土牆", "工程（財產）別名": "擋土牆/109曾文水庫集水區主流達邦橋下游右", "財產編號": "1110102-0004 00-0000621", "保管單位": "曾管中心", "入帳日期(購置日期)": "2021-06-10", "清查日期": "--", "地籍": "嘉義縣阿里山鄉達邦段434號", "座標X(1)": 222992.0, "座標Y(1)": 2594128.0, "座標X(2)": null, "座標Y(2)": null, "有無貼牌": "否", "有無QRCode": "無", "說明": "新建擋土牆210公尺", "保管人": "許玿瑛" }, "geometry": { "type": "Point", "coordinates": [ 120.735655337362161, 23.449899214075305 ] } },
{ "type": "Feature", "properties": { "工程（財產）名稱": "擋土牆", "工程（財產）別名": "擋土牆(含封牆1座)108曾文水庫周邊零星工程", "財產編號": "1110102-0004 00-0000549", "保管單位": "養護科", "入帳日期(購置日期)": "2020-03-18", "清查日期": "2022/03/04", "地籍": "嘉義縣阿里山鄉樂野村樂野段472號、476號、477-2號", "座標X(1)": 219732.0, "座標Y(1)": 2594192.0, "座標X(2)": "219737", "座標Y(2)": "2594291", "有無貼牌": "是", "有無QRCode": "無", "說明": null, "保管人": "吳宗翰" }, "geometry": { "type": "Point", "coordinates": [ 120.70374664512542, 23.450419829534663 ] } },
{ "type": "Feature", "properties": { "工程（財產）名稱": "擋土牆", "工程（財產）別名": "擋土牆(含護欄)111年阿公店水庫集水區水土", "財產編號": "1110102-0004 00-0000656", "保管單位": "阿管中心", "入帳日期(購置日期)": "2022-09-05", "清查日期": "2022/12/15", "地籍": "高雄市岡山區拕子段四小段2260號及三和段724號", "座標X(1)": 182626.0, "座標Y(1)": 2525327.0, "座標X(2)": "182618", "座標Y(2)": "2525336", "有無貼牌": "是", "有無QRCode": "無", "說明": "本筆財產分成2段,故貼2塊財產牌地勢較下面貼牌座標為X182629 Y2525327", "保管人": "陳煌祥" }, "geometry": { "type": "Point", "coordinates": [ 120.343612871552949, 22.827458214810527 ] } },
{ "type": "Feature", "properties": { "工程（財產）名稱": "擋土牆", "工程（財產）別名": "擋土牆/110大樹公所代辦零星工程", "財產編號": "1110102-0004 00-0000639", "保管單位": "高屏溪攔河堰", "入帳日期(購置日期)": "2022-01-12", "清查日期": "2014/10/23", "地籍": "田寮段396地號等1筆土地", "座標X(1)": 192654.0, "座標Y(1)": 2515560.0, "座標X(2)": "192661", "座標Y(2)": "2515519", "有無貼牌": "是", "有無QRCode": "無", "說明": "1.於113年10月23日盤點時,因在溪流的對岸,無法到達,僅能在建物對岸,人可及之處再貼一牌並定位居要津(97座標X192655 Y2512237)", "保管人": "沈文忠" }, "geometry": { "type": "Point", "coordinates": [ 120.441665251268986, 22.739629365221038 ] } },
{ "type": "Feature", "properties": { "工程（財產）名稱": "擋土牆", "工程（財產）別名": "擋土牆", "財產編號": "1110102-0004 00-0000655", "保管單位": "甲仙攔河堰管理中心", "入帳日期(購置日期)": "2022-08-15", "清查日期": "2022/11/16", "地籍": "位高雄市甲仙區東阿里關段9016-5及9016-3河床上", "座標X(1)": 210590.0, "座標Y(1)": 2557262.0, "座標X(2)": "210589", "座標Y(2)": "2557255", "有無貼牌": "是", "有無QRCode": "無", "說明": "長30公尺 零星工程", "保管人": "洪瑞隆" }, "geometry": { "type": "Point", "coordinates": [ 120.615228600183428, 23.116738764713158 ] } },
{ "type": "Feature", "properties": { "工程（財產）名稱": "擋土牆", "工程（財產）別名": "擋土牆", "財產編號": "1110102-0004 00-0000654", "保管單位": "甲仙攔河堰管理中心", "入帳日期(購置日期)": "2022-08-15", "清查日期": "2022/11/16", "地籍": "高雄市甲仙區東阿里關段328-6及328-4號", "座標X(1)": 209161.0, "座標Y(1)": 2555626.0, "座標X(2)": "209169", "座標Y(2)": "2555645", "有無貼牌": "是", "有無QRCode": "無", "說明": "長110公尺 零星工程", "保管人": "洪瑞隆" }, "geometry": { "type": "Point", "coordinates": [ 120.601320731990057, 23.101930402159915 ] } },
{ "type": "Feature", "properties": { "工程（財產）名稱": "擋土牆", "工程（財產）別名": "擋土牆/105曾文水庫密枝里排水溝三進暨王萊", "財產編號": "1110102-0004 00-0000599", "保管單位": "曾管中心", "入帳日期(購置日期)": "2016-11-20", "清查日期": "2020/12/10", "地籍": "台南市楠西區密枝段448號", "座標X(1)": 203295.47, "座標Y(1)": 2567156.72, "座標X(2)": null, "座標Y(2)": null, "有無貼牌": "--", "有無QRCode": "無", "說明": "位置楠西密枝王萊山道路", "保管人": "周駿宏" }, "geometry": { "type": "Point", "coordinates": [ 120.543708973626224, 23.205900958152416 ] } },
{ "type": "Feature", "properties": { "工程（財產）名稱": "擋土牆", "工程（財產）別名": "擋土牆107高屏溪攔河堰上游週邊環境委辦零", "財產編號": "1110102-0004 00-0000529", "保管單位": "高屏溪攔河堰", "入帳日期(購置日期)": "2019-02-25", "清查日期": "2024/10/30", "地籍": "三和段105地號1筆", "座標X(1)": 191584.0, "座標Y(1)": 2512442.0, "座標X(2)": "191599", "座標Y(2)": "2512442", "有無貼牌": "找不到", "有無QRCode": "無", "說明": null, "保管人": "沈文忠" }, "geometry": { "type": "Point", "coordinates": [ 120.431364250966766, 22.711435212311052 ] } },
{ "type": "Feature", "properties": { "工程（財產）名稱": "擋土牆", "工程（財產）別名": "擋土牆(RA段)曾文水庫防隧道工程", "財產編號": "1110102-0004 00-0000516", "保管單位": "曾管中心", "入帳日期(購置日期)": "2018-11-30", "清查日期": "--", "地籍": "河床無地籍資料", "座標X(1)": 201226.08, "座標Y(1)": 2571158.99, "座標X(2)": null, "座標Y(2)": null, "有無貼牌": "--", "有無QRCode": "無", "說明": "擋土牆(RA段)", "保管人": "周駿宏" }, "geometry": { "type": "Point", "coordinates": [ 120.523363840037902, 23.241982183557642 ] } },
{ "type": "Feature", "properties": { "工程（財產）名稱": "擋土牆", "工程（財產）別名": "106年曾文水庫週邊零星工程", "財產編號": "1110102-0004 00-0000497", "保管單位": "養護科", "入帳日期(購置日期)": "2018-02-09", "清查日期": "--", "地籍": "大埔段1460-10地號", "座標X(1)": 204446.0, "座標Y(1)": 2570464.0, "座標X(2)": null, "座標Y(2)": null, "有無貼牌": "--", "有無QRCode": "無", "說明": "L型擋土牆 塊狀護欄", "保管人": "吳宗翰" }, "geometry": { "type": "Point", "coordinates": [ 120.55485010710467, 23.235798594330106 ] } },
{ "type": "Feature", "properties": { "工程（財產）名稱": "擋土牆", "工程（財產）別名": "擋土牆(半重力式)", "財產編號": "1110102-0004 00-0000536", "保管單位": "阿管中心", "入帳日期(購置日期)": "2019-03-06", "清查日期": "--", "地籍": "高雄市田寮區狗氤氳段144-1地號", "座標X(1)": 187067.0, "座標Y(1)": 2530853.0, "座標X(2)": null, "座標Y(2)": null, "有無貼牌": "--", "有無QRCode": "無", "說明": "29.7m", "保管人": "陳煌祥" }, "geometry": { "type": "Point", "coordinates": [ 120.386653251461965, 22.877532495572392 ] } },
{ "type": "Feature", "properties": { "工程（財產）名稱": "擋土牆", "工程（財產）別名": "擋土牆(植筋加高)107年阿公店水庫週邊零星", "財產編號": "1110102-0004 00-0000524", "保管單位": "阿管中心", "入帳日期(購置日期)": "2018-12-31", "清查日期": "--", "地籍": "高雄市田寮區牛稠埔段253-144號", "座標X(1)": 184119.0, "座標Y(1)": 2526225.0, "座標X(2)": null, "座標Y(2)": null, "有無貼牌": "--", "有無QRCode": "無", "說明": null, "保管人": "陳煌祥" }, "geometry": { "type": "Point", "coordinates": [ 120.358119592541982, 22.835626737766905 ] } },
{ "type": "Feature", "properties": { "工程（財產）名稱": "排水暗管", "工程（財產）別名": "暗渠/109燕巢辦公區環境及景觀改善工程", "財產編號": "2020405-004C 00-0000003", "保管單位": "阿管中心", "入帳日期(購置日期)": "2020-07-24", "清查日期": "2020/11/13", "地籍": "高雄市燕巢區瓊東段232、223地號", "座標X(1)": 183997.312, "座標Y(1)": 2522772.155, "座標X(2)": "183896.286", "座標Y(2)": "2522772.155", "有無貼牌": "--", "有無QRCode": "無", "說明": "108.99m2、9.18m2", "保管人": "邱柏翰" }, "geometry": { "type": "Point", "coordinates": [ 120.357080444350771, 22.804441487775346 ] } },
{ "type": "Feature", "properties": { "工程（財產）名稱": "明渠", "工程（財產）別名": "95-永樂水保工程-235M", "財產編號": "1110101-029A 95-0000010", "保管單位": "養護科", "入帳日期(購置日期)": "2006-12-25", "清查日期": "2014/04/18", "地籍": "嘉義縣大埔鄉大埔段801-7號", "座標X(1)": 211189.64, "座標Y(1)": 2577862.32, "座標X(2)": null, "座標Y(2)": null, "有無貼牌": "--", "有無QRCode": "無", "說明": null, "保管人": "吳宗翰" }, "geometry": { "type": "Point", "coordinates": [ 120.620558037275202, 23.302779966726295 ] } },
{ "type": "Feature", "properties": { "工程（財產）名稱": "護岸", "工程（財產）別名": "阿公店大埔仔排水整治", "財產編號": "1110102-008F 00-0000029", "保管單位": "阿管中心", "入帳日期(購置日期)": "2005-11-16", "清查日期": "--", "地籍": "高雄市燕巢區尖山段854號", "座標X(1)": 185532.0, "座標Y(1)": 2523585.0, "座標X(2)": null, "座標Y(2)": null, "有無貼牌": "--", "有無QRCode": "無", "說明": null, "保管人": "呂元鈞" }, "geometry": { "type": "Point", "coordinates": [ 120.371995205201117, 22.811841387072157 ] } },
{ "type": "Feature", "properties": { "工程（財產）名稱": "護岸", "工程（財產）別名": "阿公店水庫金山村車林", "財產編號": "1110102-008F 00-0000028", "保管單位": "阿管中心", "入帳日期(購置日期)": "2003-09-25", "清查日期": "2015/03/31", "地籍": "高雄市燕巢區千秋寮段106號", "座標X(1)": 187300.0, "座標Y(1)": 2522769.0, "座標X(2)": null, "座標Y(2)": null, "有無貼牌": "--", "有無QRCode": "無", "說明": null, "保管人": "呂元鈞" }, "geometry": { "type": "Point", "coordinates": [ 120.389249978692419, 22.804539468551919 ] } },
{ "type": "Feature", "properties": { "工程（財產）名稱": "護岸", "工程（財產）別名": "庫區邊坡保護四期工程", "財產編號": "1110102-008F 00-0000037", "保管單位": "阿管中心", "入帳日期(購置日期)": "2005-11-23", "清查日期": "2014/08/26", "地籍": "高雄市燕巢區尖山段1264-4號", "座標X(1)": 183814.42, "座標Y(1)": 2523596.01, "座標X(2)": null, "座標Y(2)": null, "有無貼牌": "--", "有無QRCode": "無", "說明": "悟光精舍前", "保管人": "李冠緯" }, "geometry": { "type": "Point", "coordinates": [ 120.355264009410092, 22.811874018527778 ] } },
{ "type": "Feature", "properties": { "工程（財產）名稱": "護岸", "工程（財產）別名": "金山村麒麟溪排水整流", "財產編號": "1110102-008F 92-0000004", "保管單位": "阿管中心", "入帳日期(購置日期)": "2003-09-25", "清查日期": "2012/06/06", "地籍": "高雄市田寮區千秋寮段321號", "座標X(1)": 188045.0, "座標Y(1)": 2522485.0, "座標X(2)": null, "座標Y(2)": null, "有無貼牌": "--", "有無QRCode": "無", "說明": null, "保管人": "呂元鈞" }, "geometry": { "type": "Point", "coordinates": [ 120.396517877775239, 22.802002450404288 ] } },
{ "type": "Feature", "properties": { "工程（財產）名稱": "護岸", "工程（財產）別名": "石籠護岸-金山村安平", "財產編號": "1110102-008F 93-0000007", "保管單位": "阿管中心", "入帳日期(購置日期)": "2004-12-31", "清查日期": "--", "地籍": "高雄市田寮區水蛙潭段381-1號", "座標X(1)": 187260.0, "座標Y(1)": 2524089.0, "座標X(2)": null, "座標Y(2)": null, "有無貼牌": "--", "有無QRCode": "無", "說明": null, "保管人": "呂元鈞" }, "geometry": { "type": "Point", "coordinates": [ 120.388807188291821, 22.816458151039452 ] } },
{ "type": "Feature", "properties": { "工程（財產）名稱": "護岸", "工程（財產）別名": "庫區邊坡保護五期工程", "財產編號": "1110102-008F 00-0000034", "保管單位": "阿管中心", "入帳日期(購置日期)": "2005-12-28", "清查日期": "2014/08/26", "地籍": "高雄市燕巢區瓊東段145號", "座標X(1)": 183927.41, "座標Y(1)": 2522998.09, "座標X(2)": null, "座標Y(2)": null, "有無貼牌": "--", "有無QRCode": "無", "說明": "吊橋邊（濁水溪出口左岸）", "保管人": "李冠緯" }, "geometry": { "type": "Point", "coordinates": [ 120.356389993239631, 22.806479020961522 ] } },
{ "type": "Feature", "properties": { "工程（財產）名稱": "護岸", "工程（財產）別名": "庫區邊坡保護三期工程", "財產編號": "1110102-008F 00-0000035", "保管單位": "阿管中心", "入帳日期(購置日期)": "2005-11-15", "清查日期": "2013/05/21", "地籍": "高雄市燕巢區瓊東段227號", "座標X(1)": 183850.0, "座標Y(1)": 2522600.0, "座標X(2)": null, "座標Y(2)": null, "有無貼牌": "--", "有無QRCode": "無", "說明": "西燕橋上游約100公尺左岸。", "保管人": "李冠緯" }, "geometry": { "type": "Point", "coordinates": [ 120.355652885251502, 22.802881069367707 ] } },
{ "type": "Feature", "properties": { "工程（財產）名稱": "護岸", "工程（財產）別名": "特富野區工程-90M", "財產編號": "1110102-008F 95-0000023", "保管單位": "曾管中心", "入帳日期(購置日期)": "2006-12-25", "清查日期": "2014/09/12", "地籍": "無地籍資料", "座標X(1)": 224401.12, "座標Y(1)": 2595255.89, "座標X(2)": null, "座標Y(2)": null, "有無貼牌": "--", "有無QRCode": "無", "說明": "位於特富野長谷川溪達邦壩上方", "保管人": "陳乙震" }, "geometry": { "type": "Point", "coordinates": [ 120.74942797954661, 23.46010695771799 ] } },
{ "type": "Feature", "properties": { "工程（財產）名稱": "護岸", "工程（財產）別名": "鳳梨坑溪排水整治工程", "財產編號": "1110102-008F 94-0000011", "保管單位": "阿管中心", "入帳日期(購置日期)": "2005-09-10", "清查日期": "2015/03/26", "地籍": "高雄市田寮區牛稠埔段467-21號", "座標X(1)": 186256.0, "座標Y(1)": 2524875.0, "座標X(2)": null, "座標Y(2)": null, "有無貼牌": "--", "有無QRCode": "無", "說明": null, "保管人": "呂元鈞" }, "geometry": { "type": "Point", "coordinates": [ 120.37899479694444, 22.82351824609102 ] } },
{ "type": "Feature", "properties": { "工程（財產）名稱": "護岸", "工程（財產）別名": "長谷川溪左案處理工程", "財產編號": "1110102-008F 94-0000010", "保管單位": "曾管中心", "入帳日期(購置日期)": "2005-05-31", "清查日期": "2023/12/07", "地籍": "河川地無地籍資料", "座標X(1)": 224696.73, "座標Y(1)": 2595344.97, "座標X(2)": "224479", "座標Y(2)": "2595194", "有無貼牌": "是", "有無QRCode": "無", "說明": null, "保管人": "連偉成" }, "geometry": { "type": "Point", "coordinates": [ 120.752320006110082, 23.460915981866808 ] } },
{ "type": "Feature", "properties": { "工程（財產）名稱": "路燈", "工程（財產）別名": "路燈", "財產編號": "2020202-012B 00-0000069", "保管單位": "阿管中心", "入帳日期(購置日期)": "2009-12-31", "清查日期": "2022/07/13", "地籍": "高雄市田寮區牛稠埔段253-132號", "座標X(1)": 184224.0, "座標Y(1)": 2526661.0, "座標X(2)": null, "座標Y(2)": null, "有無貼牌": "是", "有無QRCode": "無", "說明": null, "保管人": "陳煌祥" }, "geometry": { "type": "Point", "coordinates": [ 120.359124119636888, 22.83956809138337 ] } },
{ "type": "Feature", "properties": { "工程（財產）名稱": "路燈", "工程（財產）別名": "路燈", "財產編號": "2020202-012B 00-0000062", "保管單位": "曾管中心", "入帳日期(購置日期)": "2009-12-31", "清查日期": "2022/11/21", "地籍": "台南市東山鄉下南勢段1132號", "座標X(1)": 198971.37, "座標Y(1)": 2569866.89, "座標X(2)": "198675", "座標Y(2)": "2569457", "有無貼牌": "是", "有無QRCode": "無", "說明": "東口露營區", "保管人": "邱玟融" }, "geometry": { "type": "Point", "coordinates": [ 120.50137399293169, 23.230245977080706 ] } },
{ "type": "Feature", "properties": { "工程（財產）名稱": "路燈", "工程（財產）別名": "路燈", "財產編號": "2020202-012B 00-0000021", "保管單位": "高屏溪攔河堰", "入帳日期(購置日期)": "2008-11-03", "清查日期": "2021/06/17", "地籍": "大樹區保安段河川公地", "座標X(1)": 192063.0, "座標Y(1)": 2509810.0, "座標X(2)": "192082", "座標Y(2)": "2509836", "有無貼牌": "是", "有無QRCode": "無", "說明": null, "保管人": "許子晏" }, "geometry": { "type": "Point", "coordinates": [ 120.436124082439548, 22.687683080672105 ] } },
{ "type": "Feature", "properties": { "工程（財產）名稱": "發電廠", "工程（財產）別名": "電廠", "財產編號": "2010101-0003 91-0000001", "保管單位": "曾管中心", "入帳日期(購置日期)": "1985-05-01", "清查日期": "2024/02/20", "地籍": "嘉義縣大埔鄉柳藤潭段61-1號", "座標X(1)": 202250.18, "座標Y(1)": 2571810.12, "座標X(2)": "202242", "座標Y(2)": "2571777", "有無貼牌": "是", "有無QRCode": "有", "說明": null, "保管人": "楊振瑞" }, "geometry": { "type": "Point", "coordinates": [ 120.533350998195971, 23.247892028991849 ] } },
{ "type": "Feature", "properties": { "工程（財產）名稱": "護岸", "工程（財產）別名": "曾文長谷川溪右岸處工", "財產編號": "1110102-008F 94-0000014", "保管單位": "曾管中心", "入帳日期(購置日期)": "2005-12-30", "清查日期": "2023/11/24", "地籍": "河川地無地籍資料", "座標X(1)": 225196.03, "座標Y(1)": 2595969.92, "座標X(2)": null, "座標Y(2)": null, "有無貼牌": "找不到", "有無QRCode": "無", "說明": null, "保管人": "連偉成" }, "geometry": { "type": "Point", "coordinates": [ 120.757197026927855, 23.46656704024991 ] } },
{ "type": "Feature", "properties": { "工程（財產）名稱": "堰壩", "工程（財產）別名": "高屏堰-攔河壩", "財產編號": "2020401-0006 00-0000003", "保管單位": "高屏溪攔河堰", "入帳日期(購置日期)": "1999-12-19", "清查日期": "2025/02/27", "地籍": "大樹區保安段河川公地", "座標X(1)": 192063.0, "座標Y(1)": 2509810.0, "座標X(2)": "192060", "座標Y(2)": "2509801", "有無貼牌": "是", "有無QRCode": "有", "說明": "高屏堰攔河堰主體工程含土木、機電及橡皮壩部分", "保管人": "蔡易龍" }, "geometry": { "type": "Point", "coordinates": [ 120.436124082439548, 22.687683080672105 ] } },
{ "type": "Feature", "properties": { "工程（財產）名稱": "發電廠", "工程（財產）別名": "電廠/105牡丹水庫自有電力開發興建工程", "財產編號": "2010101-0003 00-0000002", "保管單位": "牡管中心", "入帳日期(購置日期)": "2021-10-15", "清查日期": "2025/01/24", "地籍": "屏東縣牡丹鄉石門段162號", "座標X(1)": 227576.0, "座標Y(1)": 2447991.0, "座標X(2)": "227567", "座標Y(2)": "2447999", "有無貼牌": "是", "有無QRCode": "有", "說明": null, "保管人": "賴冠吾" }, "geometry": { "type": "Point", "coordinates": [ 120.782623596422908, 22.130219178371473 ] } },
{ "type": "Feature", "properties": { "工程（財產）名稱": "擋土牆", "工程（財產）別名": "上牡丹板橋上游護岸工程-38M", "財產編號": "1110102-0004 00-0000292", "保管單位": "牡管中心", "入帳日期(購置日期)": "2011-01-28", "清查日期": "2022/11/28", "地籍": "屏東縣牡丹鄉東源段1142號", "座標X(1)": 233901.0, "座標Y(1)": 2453520.0, "座標X(2)": "234066", "座標Y(2)": "2453655", "有無貼牌": "是", "有無QRCode": "無", "說明": null, "保管人": "周百欽" }, "geometry": { "type": "Point", "coordinates": [ 120.843882341100027, 22.180225313660106 ] } },
{ "type": "Feature", "properties": { "工程（財產）名稱": "涼亭", "工程（財產）別名": "涼亭", "財產編號": "2020202-005D 00-0000002", "保管單位": "阿管中心", "入帳日期(購置日期)": "2019-04-02", "清查日期": "2020/11/18", "地籍": "高雄市燕巢區尖山段", "座標X(1)": 183869.0, "座標Y(1)": 2523471.0, "座標X(2)": null, "座標Y(2)": null, "有無貼牌": "--", "有無QRCode": "無", "說明": null, "保管人": "林俊達" }, "geometry": { "type": "Point", "coordinates": [ 120.355800973900116, 22.810747280534532 ] } },
{ "type": "Feature", "properties": { "工程（財產）名稱": "涼亭", "工程（財產）別名": "106年阿公店環境設施及森林教室工程", "財產編號": "2020202-005D 00-0000001", "保管單位": "阿管中心", "入帳日期(購置日期)": "2017-12-13", "清查日期": "2022/07/11", "地籍": "高雄市燕巢區瓊東段228號及尖山段1271-5號", "座標X(1)": 183864.63893030101, "座標Y(1)": 2522611.1130540902, "座標X(2)": "183868.386588857", "座標Y(2)": "2523470.9716841", "有無貼牌": "是", "有無QRCode": "無", "說明": "涼亭2座與森林教室,2座涼亭分別座落於1.X183864.638930301 Y2522611.11305409 高雄市燕巢區瓊東段228號 647864.jpg 647865.jpg及2.X183868.386588857Y2523470.9716841 高雄市燕巢區尖山段1271-5號 647868.jpg 647869.jpg 647870.jpg", "保管人": "邱柏翰" }, "geometry": { "type": "Point", "coordinates": [ 120.355794999998125, 22.802982000684072 ] } },
{ "type": "Feature", "properties": { "工程（財產）名稱": "明渠", "工程（財產）別名": "明渠/110大樹公所代辦零星工程", "財產編號": "1110101-029C 00-0000568", "保管單位": "高屏溪攔河堰", "入帳日期(購置日期)": "2022-01-12", "清查日期": "--", "地籍": "田寮段429地號等1筆土地", "座標X(1)": 192280.0, "座標Y(1)": 2515673.0, "座標X(2)": "192279", "座標Y(2)": "2515679", "有無貼牌": "--", "有無QRCode": "無", "說明": null, "保管人": "沈文忠" }, "geometry": { "type": "Point", "coordinates": [ 120.438019858382361, 22.740637058481461 ] } },
{ "type": "Feature", "properties": { "工程（財產）名稱": "明渠", "工程（財產）別名": "明渠/110年曾文水庫週邊零星工程", "財產編號": "1110101-029C 00-0000567", "保管單位": "養護科", "入帳日期(購置日期)": "2021-11-25", "清查日期": "--", "地籍": null, "座標X(1)": 209261.0, "座標Y(1)": 2578433.0, "座標X(2)": null, "座標Y(2)": null, "有無貼牌": "--", "有無QRCode": "無", "說明": null, "保管人": "吳宗翰" }, "geometry": { "type": "Point", "coordinates": [ 120.601687067117197, 23.307886542266363 ] } },
{ "type": "Feature", "properties": { "工程（財產）名稱": "明渠", "工程（財產）別名": "明渠/111年阿公店水庫集水區水土保持零星工", "財產編號": "1110101-029C 00-0000579", "保管單位": "阿管中心", "入帳日期(購置日期)": "2022-10-19", "清查日期": "2023/09/13", "地籍": "燕巢區尖山段754-6, 754-8, 755, 755-10", "座標X(1)": 184260.0, "座標Y(1)": 2523307.0, "座標X(2)": "184253", "座標Y(2)": "2523309", "有無貼牌": "是", "有無QRCode": "無", "說明": null, "保管人": "陳煌祥" }, "geometry": { "type": "Point", "coordinates": [ 120.359616543580842, 22.809281643277583 ] } },
{ "type": "Feature", "properties": { "工程（財產）名稱": "明渠", "工程（財產）別名": "明渠/110年阿公店水庫集水區水土保持零星工", "財產編號": "1110101-029C 00-0000565", "保管單位": "阿管中心", "入帳日期(購置日期)": "2021-11-10", "清查日期": "2022/12/16", "地籍": "尖山段681-48地號", "座標X(1)": 185592.0, "座標Y(1)": 2523124.0, "座標X(2)": "185601", "座標Y(2)": "2523220", "有無貼牌": "是", "有無QRCode": "無", "說明": null, "保管人": "陳煌祥" }, "geometry": { "type": "Point", "coordinates": [ 120.372598722294356, 22.807680670083766 ] } },
{ "type": "Feature", "properties": { "工程（財產）名稱": "明渠", "工程（財產）別名": "明渠/109曾文水庫週邊零星工程(增辦)", "財產編號": "1110101-029C 00-0000566", "保管單位": "養護科", "入帳日期(購置日期)": "2021-09-07", "清查日期": "--", "地籍": null, "座標X(1)": 207637.0, "座標Y(1)": 2576698.0, "座標X(2)": null, "座標Y(2)": null, "有無貼牌": "--", "有無QRCode": "無", "說明": null, "保管人": "吳宗翰" }, "geometry": { "type": "Point", "coordinates": [ 120.58585772535892, 23.292178078207264 ] } },
{ "type": "Feature", "properties": { "工程（財產）名稱": "井塔", "工程（財產）別名": "曾文水庫大埔水文站工程-永久河道放水道防", "財產編號": "2020407-0001 00-0000001", "保管單位": "曾管中心", "入帳日期(購置日期)": "2012-11-25", "清查日期": "2019/10/04", "地籍": "曾文溪上游河道--高雄市那瑪夏區達梧芒段2號", "座標X(1)": 213698.0, "座標Y(1)": 2577137.0, "座標X(2)": null, "座標Y(2)": null, "有無貼牌": "--", "有無QRCode": "無", "說明": "大埔水文站", "保管人": "黃政達" }, "geometry": { "type": "Point", "coordinates": [ 120.645098822473912, 23.29628759210576 ] } },
{ "type": "Feature", "properties": { "工程（財產）名稱": "井塔", "工程（財產）別名": "井塔(操控塔)高屏堰上游傍河取用伏流水工程", "財產編號": "2020407-0001 00-0000003", "保管單位": "高屏溪攔河堰", "入帳日期(購置日期)": "2019-01-18", "清查日期": "2022/08/26", "地籍": "高雄市大樹區高屏溪河川地籍圖第195號", "座標X(1)": 193788.0, "座標Y(1)": 2512367.0, "座標X(2)": "193795", "座標Y(2)": "2512368", "有無貼牌": "是", "有無QRCode": "無", "說明": null, "保管人": "沈文忠" }, "geometry": { "type": "Point", "coordinates": [ 120.452820454913962, 22.710832743195006 ] } },
{ "type": "Feature", "properties": { "工程（財產）名稱": "明渠", "工程（財產）別名": "噴漿溝/108曾文水庫周邊零星工程", "財產編號": "1110101-029A 00-0000034", "保管單位": "養護科", "入帳日期(購置日期)": "2020-03-18", "清查日期": "--", "地籍": "嘉義縣阿里山鄉樂野段465號、523-1號", "座標X(1)": 219845.0, "座標Y(1)": 2594427.0, "座標X(2)": null, "座標Y(2)": null, "有無貼牌": "--", "有無QRCode": "無", "說明": null, "保管人": "吳宗翰" }, "geometry": { "type": "Point", "coordinates": [ 120.704847925581547, 23.452543998331116 ] } },
{ "type": "Feature", "properties": { "工程（財產）名稱": "明渠", "工程（財產）別名": "南寮大埔區工程-15.8M", "財產編號": "1110101-029A 95-0000013", "保管單位": "曾管中心", "入帳日期(購置日期)": "2006-12-29", "清查日期": "2012/11/09", "地籍": "嘉義縣大埔鄉南寮段16號", "座標X(1)": 206253.59, "座標Y(1)": 2583504.14, "座標X(2)": null, "座標Y(2)": null, "有無貼牌": "--", "有無QRCode": "無", "說明": "位於南寮產業道路謝文科住處下方", "保管人": "陳乙震" }, "geometry": { "type": "Point", "coordinates": [ 120.572137026872085, 23.353602009876688 ] } },
{ "type": "Feature", "properties": { "工程（財產）名稱": "堰壩", "工程（財產）別名": "大壩溢洪道", "財產編號": "2020401-0006 91-0000001", "保管單位": "曾管中心", "入帳日期(購置日期)": "1974-01-01", "清查日期": "2012/11/13", "地籍": "嘉義縣大埔鄉柳藤潭段24-2號", "座標X(1)": 202610.45, "座標Y(1)": 2571995.67, "座標X(2)": null, "座標Y(2)": null, "有無貼牌": "--", "有無QRCode": "無", "說明": "嘉義縣大埔鄉柳藤潭段24-2號", "保管人": "黃政達" }, "geometry": { "type": "Point", "coordinates": [ 120.536865966511542, 23.249577993678521 ] } },
{ "type": "Feature", "properties": { "工程（財產）名稱": "辦公房屋", "工程（財產）別名": "管制室", "財產編號": "2010201-001A 00-0000006", "保管單位": "牡管中心", "入帳日期(購置日期)": "2000-03-24", "清查日期": "2025/01/24", "地籍": "屏東縣牡丹鄉牡丹段927-1號", "座標X(1)": 227784.21, "座標Y(1)": 2447801.1, "座標X(2)": null, "座標Y(2)": null, "有無貼牌": "是", "有無QRCode": "有", "說明": null, "保管人": "周百欽" }, "geometry": { "type": "Point", "coordinates": [ 120.78464456247498, 22.128506743133769 ] } },
{ "type": "Feature", "properties": { "工程（財產）名稱": "護岸", "工程（財產）別名": "石籠護岸-東燕溪", "財產編號": "1110102-008F 93-0000009", "保管單位": "阿管中心", "入帳日期(購置日期)": "2004-12-31", "清查日期": "2015/03/27", "地籍": "高雄市燕巢區燕北段235地號", "座標X(1)": 184811.0, "座標Y(1)": 2522161.0, "座標X(2)": null, "座標Y(2)": null, "有無貼牌": "--", "有無QRCode": "無", "說明": null, "保管人": "呂元鈞" }, "geometry": { "type": "Point", "coordinates": [ 120.365031614120625, 22.798954272226084 ] } },
{ "type": "Feature", "properties": { "工程（財產）名稱": "護岸", "工程（財產）別名": "阿管水蛙潭段水土保持", "財產編號": "1110102-008F 94-0000015", "保管單位": "阿管中心", "入帳日期(購置日期)": "2005-12-30", "清查日期": "--", "地籍": "田寮區水蛙潭段274-1地號", "座標X(1)": 189303.375, "座標Y(1)": 2524581.891, "座標X(2)": null, "座標Y(2)": null, "有無貼牌": "--", "有無QRCode": "無", "說明": null, "保管人": "李冠緯" }, "geometry": { "type": "Point", "coordinates": [ 120.408693039648625, 22.820984273859032 ] } },
{ "type": "Feature", "properties": { "工程（財產）名稱": "排水暗管", "工程（財產）別名": "涵管(含集水井)", "財產編號": "2020405-004C 00-0000001", "保管單位": "養護科", "入帳日期(購置日期)": "2019-03-31", "清查日期": "--", "地籍": "嘉義縣阿里山鄉樂野段557", "座標X(1)": 220453.0, "座標Y(1)": 2593364.0, "座標X(2)": null, "座標Y(2)": null, "有無貼牌": "--", "有無QRCode": "無", "說明": "107阿里山零星工程工區C", "保管人": "吳宗翰" }, "geometry": { "type": "Point", "coordinates": [ 120.710819763572133, 23.442956137160795 ] } },
{ "type": "Feature", "properties": { "工程（財產）名稱": "谷坊（攔砂壩）", "工程（財產）別名": "大梳子壩", "財產編號": "2020406-0004 00-0000009", "保管單位": "曾管中心", "入帳日期(購置日期)": "2009-12-31", "清查日期": "2012/11/20", "地籍": "台南市東山區茄令九湖段46號", "座標X(1)": 198213.65, "座標Y(1)": 2571369.38, "座標X(2)": null, "座標Y(2)": null, "有無貼牌": "--", "有無QRCode": "無", "說明": "曾文之眼對面產業道路50米處", "保管人": "陳乙震" }, "geometry": { "type": "Point", "coordinates": [ 120.493918994638207, 23.243789968113102 ] } },
{ "type": "Feature", "properties": { "工程（財產）名稱": "谷坊（攔砂壩）", "工程（財產）別名": "101曾文水庫沙力基支流攔木設施工程", "財產編號": "2020406-0004 00-0000014", "保管單位": "曾管中心", "入帳日期(購置日期)": "2013-12-30", "清查日期": "2019/10/04", "地籍": "嘉義縣大埔鄉馬頭山段31號", "座標X(1)": 209753.6645, "座標Y(1)": 2580308.018, "座標X(2)": null, "座標Y(2)": null, "有無貼牌": "--", "有無QRCode": "無", "說明": null, "保管人": "周駿宏" }, "geometry": { "type": "Point", "coordinates": [ 120.606454013180169, 23.324830419079486 ] } },
{ "type": "Feature", "properties": { "工程（財產）名稱": "谷坊（攔砂壩）", "工程（財產）別名": "攔砂壩-壩區第一期", "財產編號": "2020406-0004 92-0000005", "保管單位": "曾管中心", "入帳日期(購置日期)": "2003-12-29", "清查日期": "2012/11/20", "地籍": null, "座標X(1)": 198908.52, "座標Y(1)": 2570076.24, "座標X(2)": null, "座標Y(2)": null, "有無貼牌": "--", "有無QRCode": "無", "說明": "位於東口露營區入口右轉產業盡頭", "保管人": "陳乙震" }, "geometry": { "type": "Point", "coordinates": [ 120.500752841625939, 23.232134484985103 ] } },
{ "type": "Feature", "properties": { "工程（財產）名稱": "谷坊（攔砂壩）", "工程（財產）別名": "新興村攔砂壩", "財產編號": "2020406-0004 00-0000012", "保管單位": "阿管中心", "入帳日期(購置日期)": "2010-04-20", "清查日期": "2015/03/31", "地籍": null, "座標X(1)": 184171.0, "座標Y(1)": 2525909.0, "座標X(2)": null, "座標Y(2)": null, "有無貼牌": "--", "有無QRCode": "無", "說明": null, "保管人": "呂元鈞" }, "geometry": { "type": "Point", "coordinates": [ 120.358639579584064, 22.832775185905096 ] } },
{ "type": "Feature", "properties": { "工程（財產）名稱": "谷坊（攔砂壩）", "工程（財產）別名": "梧棲溝防砂壩二期", "財產編號": "2020406-0004 91-0000002", "保管單位": "曾管中心", "入帳日期(購置日期)": "1987-06-01", "清查日期": "2022/08/12", "地籍": "台南市東山區下南勢段946及946-15號", "座標X(1)": 201811.01, "座標Y(1)": 2572414.74, "座標X(2)": "201897", "座標Y(2)": "2572253", "有無貼牌": "是", "有無QRCode": "無", "說明": null, "保管人": "王昭文" }, "geometry": { "type": "Point", "coordinates": [ 120.529040020455597, 23.253339026562465 ] } },
{ "type": "Feature", "properties": { "工程（財產）名稱": "谷坊（攔砂壩）", "工程（財產）別名": "大梳子壩", "財產編號": "2020406-0004 00-0000011", "保管單位": "曾管中心", "入帳日期(購置日期)": "2009-12-31", "清查日期": "2012/11/20", "地籍": "台南市東山區茄令九湖段46號", "座標X(1)": 198213.65, "座標Y(1)": 2571369.38, "座標X(2)": null, "座標Y(2)": null, "有無貼牌": "--", "有無QRCode": "無", "說明": "曾文之眼對面產業道路50米處", "保管人": "陳乙震" }, "geometry": { "type": "Point", "coordinates": [ 120.493918994638207, 23.243789968113102 ] } },
{ "type": "Feature", "properties": { "工程（財產）名稱": "谷坊（攔砂壩）", "工程（財產）別名": "洲仔坑區水保-20M", "財產編號": "2020406-0004 00-0000008", "保管單位": "阿管中心", "入帳日期(購置日期)": "2008-12-31", "清查日期": "2013/09/10", "地籍": "尖山段531-11", "座標X(1)": 186052.54, "座標Y(1)": 2522287.69, "座標X(2)": null, "座標Y(2)": null, "有無貼牌": "--", "有無QRCode": "無", "說明": null, "保管人": "林堉介" }, "geometry": { "type": "Point", "coordinates": [ 120.377118983810064, 22.800146027621061 ] } },
{ "type": "Feature", "properties": { "工程（財產）名稱": "谷坊（攔砂壩）", "工程（財產）別名": "石籠防砂壩-尖山村", "財產編號": "2020406-0004 92-0000006", "保管單位": "阿管中心", "入帳日期(購置日期)": "2003-12-24", "清查日期": "2015/05/15", "地籍": null, "座標X(1)": 184357.0, "座標Y(1)": 2522992.0, "座標X(2)": null, "座標Y(2)": null, "有無貼牌": "--", "有無QRCode": "無", "說明": null, "保管人": "呂元鈞" }, "geometry": { "type": "Point", "coordinates": [ 120.360574664609999, 22.806440863128003 ] } },
{ "type": "Feature", "properties": { "工程（財產）名稱": "谷坊（攔砂壩）", "工程（財產）別名": "105牡丹水庫蓄水區汝仍溪右岸河道整治工程", "財產編號": "2020406-0004 00-0000016", "保管單位": "牡管中心", "入帳日期(購置日期)": "2016-12-26", "清查日期": "2018/11/16", "地籍": "屏東縣牡丹鄉石門段407-1號", "座標X(1)": 227009.0, "座標Y(1)": 2450201.0, "座標X(2)": null, "座標Y(2)": null, "有無貼牌": "是", "有無QRCode": "無", "說明": null, "保管人": "莊慶隆" }, "geometry": { "type": "Point", "coordinates": [ 120.777095765558428, 22.150171677531556 ] } },
{ "type": "Feature", "properties": { "工程（財產）名稱": "谷坊（攔砂壩）", "工程（財產）別名": "梧棲溝防砂壩工程", "財產編號": "2020406-0004 91-0000001", "保管單位": "曾管中心", "入帳日期(購置日期)": "1987-06-01", "清查日期": "2012/11/16", "地籍": "台南市東山區下南勢段946-15號", "座標X(1)": 201894.33, "座標Y(1)": 2572265.52, "座標X(2)": null, "座標Y(2)": null, "有無貼牌": "--", "有無QRCode": "無", "說明": null, "保管人": "王昭文" }, "geometry": { "type": "Point", "coordinates": [ 120.529859025327582, 23.251993988307685 ] } },
{ "type": "Feature", "properties": { "工程（財產）名稱": "排水暗管", "工程（財產）別名": "暗渠", "財產編號": "2020405-004C 00-0000002", "保管單位": "阿管中心", "入帳日期(購置日期)": "2018-03-01", "清查日期": "--", "地籍": "牛稠埔段152-8", "座標X(1)": 183600.0, "座標Y(1)": 2526628.0, "座標X(2)": null, "座標Y(2)": null, "有無貼牌": "--", "有無QRCode": "無", "說明": null, "保管人": "陳煌祥" }, "geometry": { "type": "Point", "coordinates": [ 120.353046001292938, 22.839245508221502 ] } },
{ "type": "Feature", "properties": { "工程（財產）名稱": "護岸", "工程（財產）別名": "曾文達邦區處理工程", "財產編號": "1110102-008F 94-0000013", "保管單位": "曾管中心", "入帳日期(購置日期)": "2005-12-30", "清查日期": "2023/12/22", "地籍": "嘉義縣阿里山鄉特富野段329-11號", "座標X(1)": 224383.63, "座標Y(1)": 2595066.89, "座標X(2)": "224397", "座標Y(2)": "2595038", "有無貼牌": "是", "有無QRCode": "無", "說明": null, "保管人": "連偉成" }, "geometry": { "type": "Point", "coordinates": [ 120.749260004757616, 23.458399989473133 ] } },
{ "type": "Feature", "properties": { "工程（財產）名稱": "護岸", "工程（財產）別名": "曾文新美區處理工程", "財產編號": "1110102-008F 94-0000012", "保管單位": "曾管中心", "入帳日期(購置日期)": "2005-12-30", "清查日期": "2023/11/30", "地籍": "嘉義縣阿里山鄉新美段208號", "座標X(1)": 217645.58, "座標Y(1)": 2580989.89, "座標X(2)": "217645", "座標Y(2)": "2581008", "有無貼牌": "是", "有無QRCode": "無", "說明": null, "保管人": "連偉成" }, "geometry": { "type": "Point", "coordinates": [ 120.68360895650072, 23.33116268976973 ] } },
{ "type": "Feature", "properties": { "工程（財產）名稱": "護岸", "工程（財產）別名": "石籠護坡-金山麒麟尾", "財產編號": "1110102-008F 93-0000006", "保管單位": "阿管中心", "入帳日期(購置日期)": "2004-07-25", "清查日期": "2012/06/05", "地籍": "高雄市田寮區千秋寮段321號", "座標X(1)": 188045.0, "座標Y(1)": 2522485.0, "座標X(2)": null, "座標Y(2)": null, "有無貼牌": "--", "有無QRCode": "無", "說明": null, "保管人": "呂元鈞" }, "geometry": { "type": "Point", "coordinates": [ 120.396517877775239, 22.802002450404288 ] } },
{ "type": "Feature", "properties": { "工程（財產）名稱": "護岸", "工程（財產）別名": "亂石堆砌", "財產編號": "1110102-008F 92-0000002", "保管單位": "阿管中心", "入帳日期(購置日期)": "2003-09-01", "清查日期": "2015/04/08", "地籍": "高雄市燕巢區瓊東段79號", "座標X(1)": 183074.0, "座標Y(1)": 2523164.0, "座標X(2)": null, "座標Y(2)": null, "有無貼牌": "--", "有無QRCode": "無", "說明": null, "保管人": "呂元鈞" }, "geometry": { "type": "Point", "coordinates": [ 120.348070250114233, 22.807943475298803 ] } },
{ "type": "Feature", "properties": { "工程（財產）名稱": "護岸", "工程（財產）別名": "庫區邊坡保護一期工程", "財產編號": "1110102-008F 00-0000039", "保管單位": "阿管中心", "入帳日期(購置日期)": "2005-12-06", "清查日期": "2014/08/26", "地籍": "高雄市田寮區牛稠埔段476-40號", "座標X(1)": 183583.74, "座標Y(1)": 2525111.84, "座標X(2)": "185678.28", "座標Y(2)": "2525111.84", "有無貼牌": "--", "有無QRCode": "無", "說明": "位於西燕橋下游兩側。", "保管人": "李冠緯" }, "geometry": { "type": "Point", "coordinates": [ 120.352952317574022, 22.825553411171683 ] } },
{ "type": "Feature", "properties": { "工程（財產）名稱": "護岸", "工程（財產）別名": "阿公店集水區東燕排水", "財產編號": "1110102-008F 00-0000031", "保管單位": "阿管中心", "入帳日期(購置日期)": "2005-11-25", "清查日期": "2015/04/23", "地籍": "高雄市燕巢區尖山段743-6號", "座標X(1)": 184366.0, "座標Y(1)": 2523000.0, "座標X(2)": null, "座標Y(2)": null, "有無貼牌": "--", "有無QRCode": "無", "說明": null, "保管人": "呂元鈞" }, "geometry": { "type": "Point", "coordinates": [ 120.360661991921361, 22.806513457830839 ] } },
{ "type": "Feature", "properties": { "工程（財產）名稱": "護岸", "工程（財產）別名": "曾文水保特富野區-150", "財產編號": "1110102-008F 95-0000021", "保管單位": "曾管中心", "入帳日期(購置日期)": "2006-12-25", "清查日期": "2024/01/11", "地籍": "嘉義縣阿里山鄉特富野段240號", "座標X(1)": 225783.3, "座標Y(1)": 2595453.55, "座標X(2)": "225870", "座標Y(2)": "2595503", "有無貼牌": "是", "有無QRCode": "無", "說明": null, "保管人": "連偉成" }, "geometry": { "type": "Point", "coordinates": [ 120.762954028014761, 23.461912997267998 ] } },
{ "type": "Feature", "properties": { "工程（財產）名稱": "護岸", "工程（財產）別名": "金山一號橋上游排水", "財產編號": "1110102-008F 92-0000005", "保管單位": "阿管中心", "入帳日期(購置日期)": "2003-10-23", "清查日期": "2012/06/06", "地籍": "高雄市田寮區瓊東段234號", "座標X(1)": 183939.0, "座標Y(1)": 2522679.0, "座標X(2)": null, "座標Y(2)": null, "有無貼牌": "--", "有無QRCode": "無", "說明": null, "保管人": "呂元鈞" }, "geometry": { "type": "Point", "coordinates": [ 120.35651641568866, 22.803597970777037 ] } },
{ "type": "Feature", "properties": { "工程（財產）名稱": "護岸", "工程（財產）別名": "牡丹村加卡里野溪工程", "財產編號": "1110102-008F 95-0000024", "保管單位": "牡管中心", "入帳日期(購置日期)": "2006-12-29", "清查日期": "2014/04/01", "地籍": "屏東縣牡丹鄉(無地籍資料)", "座標X(1)": 232211.31, "座標Y(1)": 2451512.74, "座標X(2)": null, "座標Y(2)": null, "有無貼牌": "--", "有無QRCode": "無", "說明": null, "保管人": "周百欽" }, "geometry": { "type": "Point", "coordinates": [ 120.827518990657154, 22.162079968060226 ] } },
{ "type": "Feature", "properties": { "工程（財產）名稱": "護岸", "工程（財產）別名": "曾文水保達邦壩上游治", "財產編號": "1110102-008F 95-0000018", "保管單位": "曾管中心", "入帳日期(購置日期)": "2006-02-20", "清查日期": "2023/12/22", "地籍": "嘉義縣阿里山鄉達邦段227號", "座標X(1)": 224398.0, "座標Y(1)": 2594931.43, "座標X(2)": "224412", "座標Y(2)": "2595011", "有無貼牌": "是", "有無QRCode": "無", "說明": null, "保管人": "連偉成" }, "geometry": { "type": "Point", "coordinates": [ 120.749402969698451, 23.45717699482125 ] } },
{ "type": "Feature", "properties": { "工程（財產）名稱": "護岸", "工程（財產）別名": "護岸-33M", "財產編號": "1110102-008F 00-0000042", "保管單位": "曾管中心", "入帳日期(購置日期)": "2009-12-31", "清查日期": "2012/11/09", "地籍": "台南市東山區下南勢段948-1號", "座標X(1)": 199895.1, "座標Y(1)": 2570351.06, "座標X(2)": null, "座標Y(2)": null, "有無貼牌": "--", "有無QRCode": "無", "說明": "曾文水庫四號橋下游橋梁下游側左岸", "保管人": "黃政達" }, "geometry": { "type": "Point", "coordinates": [ 120.510384011165527, 23.234646473817929 ] } },
{ "type": "Feature", "properties": { "工程（財產）名稱": "護岸", "工程（財產）別名": "石門中間路入口山溝6M", "財產編號": "1110102-008F 95-0000025", "保管單位": "牡管中心", "入帳日期(購置日期)": "2006-12-29", "清查日期": "2022/05/04", "地籍": "屏東縣牡丹鄉牡丹段517,675-3號", "座標X(1)": 229200.02, "座標Y(1)": 2448276.73, "座標X(2)": "229217", "座標Y(2)": "2448281", "有無貼牌": "是", "有無QRCode": "無", "說明": null, "保管人": "周百欽" }, "geometry": { "type": "Point", "coordinates": [ 120.798362962402877, 22.132819997650106 ] } },
{ "type": "Feature", "properties": { "工程（財產）名稱": "護岸", "工程（財產）別名": "阿管下店仔排水整治工", "財產編號": "1110102-008F 94-0000017", "保管單位": "阿管中心", "入帳日期(購置日期)": "2005-12-30", "清查日期": "2015/05/04", "地籍": "高雄市田寮區牛稠埔段705-4號", "座標X(1)": 183551.0, "座標Y(1)": 2526020.0, "座標X(2)": null, "座標Y(2)": null, "有無貼牌": "--", "有無QRCode": "無", "說明": null, "保管人": "呂元鈞" }, "geometry": { "type": "Point", "coordinates": [ 120.352594581950896, 22.83375311932565 ] } },
{ "type": "Feature", "properties": { "工程（財產）名稱": "護岸", "工程（財產）別名": "護岸107高屏溪攔河堰上游週邊環境委辦零星", "財產編號": "1110102-008C 00-0000007", "保管單位": "高屏溪攔河堰", "入帳日期(購置日期)": "2019-02-25", "清查日期": "2019/02/25", "地籍": "和山段191-3,213地號等2筆", "座標X(1)": 190144.0, "座標Y(1)": 2511626.0, "座標X(2)": "190172", "座標Y(2)": "2511626", "有無貼牌": "--", "有無QRCode": "無", "說明": null, "保管人": "沈文忠" }, "geometry": { "type": "Point", "coordinates": [ 120.417378666648844, 22.704015798868461 ] } },
{ "type": "Feature", "properties": { "工程（財產）名稱": "擋土牆", "工程（財產）別名": "泰山站產業道路及邊坡保護工成程-15979M2", "財產編號": "1110102-004A 00-0000004", "保管單位": "曾管中心", "入帳日期(購置日期)": "2009-12-31", "清查日期": "2012/11/03", "地籍": "大埔鄉大埔段1328號", "座標X(1)": 207385.65, "座標Y(1)": 2575400.62, "座標X(2)": null, "座標Y(2)": null, "有無貼牌": "--", "有無QRCode": "無", "說明": "位於泰山產業道路", "保管人": "王昭文" }, "geometry": { "type": "Point", "coordinates": [ 120.583437022244098, 23.280456010681053 ] } },
{ "type": "Feature", "properties": { "工程（財產）名稱": "護岸", "工程（財產）別名": "103年阿公店水庫旺萊溪閘閥室周邊排水與道", "財產編號": "1110102-008C 00-0000005", "保管單位": "阿管中心", "入帳日期(購置日期)": "2015-03-16", "清查日期": "--", "地籍": "高雄市田寮區水蛙潭段323-93號", "座標X(1)": 187770.58, "座標Y(1)": 2524847.54, "座標X(2)": null, "座標Y(2)": null, "有無貼牌": "--", "有無QRCode": "無", "說明": null, "保管人": "呂元鈞" }, "geometry": { "type": "Point", "coordinates": [ 120.393750554396135, 22.823327092015187 ] } },
{ "type": "Feature", "properties": { "工程（財產）名稱": "擋土牆", "工程（財產）別名": "擋土牆/108曾文水庫湖域保護帶治理第二期", "財產編號": "1110102-004A 00-0000434", "保管單位": "曾管中心", "入帳日期(購置日期)": "2020-03-31", "清查日期": "2020/03/31", "地籍": "嘉義縣大埔鄉大埔段(0833)359地號", "座標X(1)": 207445.0, "座標Y(1)": 2576831.0, "座標X(2)": null, "座標Y(2)": null, "有無貼牌": "--", "有無QRCode": "無", "說明": "擋土牆", "保管人": "周駿宏" }, "geometry": { "type": "Point", "coordinates": [ 120.583977031217202, 23.293374123047652 ] } },
{ "type": "Feature", "properties": { "工程（財產）名稱": "擋土牆", "工程（財產）別名": "擋土牆/112年曾文水庫週邊零星工程", "財產編號": "1110102-004A 00-0000436", "保管單位": "養護科", "入帳日期(購置日期)": "2023-12-21", "清查日期": "--", "地籍": "嘉義縣大埔鄉南寮段13地號", "座標X(1)": 207431.0, "座標Y(1)": 2580142.0, "座標X(2)": null, "座標Y(2)": null, "有無貼牌": "是", "有無QRCode": "無", "說明": null, "保管人": "李聖文" }, "geometry": { "type": "Point", "coordinates": [ 120.583747121289036, 23.323272567776801 ] } },
{ "type": "Feature", "properties": { "工程（財產）名稱": "多房間職務宿舍", "工程（財產）別名": "員工單身宿舍新建-替代役宿舍", "財產編號": "2010601-003D 91-0000121", "保管單位": "秘書室", "入帳日期(購置日期)": "1993-10-04", "清查日期": "2025/02/26", "地籍": "台南市楠西區楠西段102-55號", "座標X(1)": 198677.49, "座標Y(1)": 2568606.13, "座標X(2)": "198678", "座標Y(2)": "2568596", "有無貼牌": "是", "有無QRCode": "有", "說明": null, "保管人": "陳奕瑋" }, "geometry": { "type": "Point", "coordinates": [ 120.4985449482501, 23.218852011525396 ] } },
{ "type": "Feature", "properties": { "工程（財產）名稱": "多房間職務宿舍", "工程（財產）別名": "女職員宿舍", "財產編號": "2010601-003D 91-0000104", "保管單位": "秘書室", "入帳日期(購置日期)": "1969-11-10", "清查日期": "2021/06/16", "地籍": "台南市楠西區楠西段102-37、104-18號", "座標X(1)": 198782.86, "座標Y(1)": 2568768.22, "座標X(2)": "198808", "座標Y(2)": "25658767", "有無貼牌": "是", "有無QRCode": "無", "說明": null, "保管人": "陳奕瑋" }, "geometry": { "type": "Point", "coordinates": [ 120.499568999271943, 23.220318986689215 ] } },
{ "type": "Feature", "properties": { "工程（財產）名稱": "多房間職務宿舍", "工程（財產）別名": "主管宿舍", "財產編號": "2010601-003D 91-0000103", "保管單位": "秘書室", "入帳日期(購置日期)": "1969-11-10", "清查日期": "2021/06/16", "地籍": "台南市楠西區楠西段102-37 、104-13號", "座標X(1)": 198827.86, "座標Y(1)": 2568816.57, "座標X(2)": "198815", "座標Y(2)": "2568797", "有無貼牌": "是", "有無QRCode": "無", "說明": null, "保管人": "陳奕瑋" }, "geometry": { "type": "Point", "coordinates": [ 120.500007045659643, 23.220756992667216 ] } },
{ "type": "Feature", "properties": { "工程（財產）名稱": "公廁", "工程（財產）別名": "公廁", "財產編號": "2020202-006A 00-0000010", "保管單位": "曾管中心", "入帳日期(購置日期)": "2009-12-31", "清查日期": "2025/02/25", "地籍": "台南市東山鄉下南勢段1136號", "座標X(1)": 198698.03, "座標Y(1)": 2569485.78, "座標X(2)": "198708", "座標Y(2)": "2569491", "有無貼牌": "是", "有無QRCode": "有", "說明": "東口露營區", "保管人": "邱玟融" }, "geometry": { "type": "Point", "coordinates": [ 120.498715981455788, 23.226796009431474 ] } },
{ "type": "Feature", "properties": { "工程（財產）名稱": "地坪", "工程（財產）別名": "地坪/111年曾文水庫湖域保護帶治理工程第一", "財產編號": "1110101-0030 00-0000440", "保管單位": "曾管中心", "入帳日期(購置日期)": "2023-02-24", "清查日期": "--", "地籍": null, "座標X(1)": 207268.12, "座標Y(1)": 2576577.68, "座標X(2)": null, "座標Y(2)": null, "有無貼牌": "否", "有無QRCode": "無", "說明": "大埔茄苳福玄宮往水庫水域道路(GOOGLE MAP連結)", "保管人": "李勝雄" }, "geometry": { "type": "Point", "coordinates": [ 120.582255005615195, 23.291082006881293 ] } },
{ "type": "Feature", "properties": { "工程（財產）名稱": "地坪", "工程（財產）別名": "地坪(鳥宮圓形廣場)", "財產編號": "1110101-0030 00-0000436", "保管單位": "曾管中心", "入帳日期(購置日期)": "2018-08-21", "清查日期": "2018/11/27", "地籍": "台南市東山區下南勢段948-9地號", "座標X(1)": 200908.72, "座標Y(1)": 2571175.74, "座標X(2)": null, "座標Y(2)": null, "有無貼牌": "--", "有無QRCode": "無", "說明": "位於曾文之眼下方", "保管人": "李勝雄" }, "geometry": { "type": "Point", "coordinates": [ 120.520262027808741, 23.242123999871399 ] } },
{ "type": "Feature", "properties": { "工程（財產）名稱": "地坪", "工程（財產）別名": "地坪(景觀樓停車場旁)", "財產編號": "1110101-0030 00-0000435", "保管單位": "曾管中心", "入帳日期(購置日期)": "2018-08-21", "清查日期": "2018/11/27", "地籍": "嘉義縣大埔鄉大埔段2169-6號", "座標X(1)": 203318.16, "座標Y(1)": 2571226.23, "座標X(2)": null, "座標Y(2)": null, "有無貼牌": "--", "有無QRCode": "無", "說明": "位於觀景樓停車場旁", "保管人": "李勝雄" }, "geometry": { "type": "Point", "coordinates": [ 120.543805815534441, 23.242650060896789 ] } },
{ "type": "Feature", "properties": { "工程（財產）名稱": "地坪", "工程（財產）別名": "102曾文水庫公共設施改善工程(楠西)照興頭", "財產編號": "1110101-0030 00-0000431", "保管單位": "曾管中心", "入帳日期(購置日期)": "2014-02-01", "清查日期": "2016/04/28", "地籍": "王萊宅5-122號", "座標X(1)": 198025.0, "座標Y(1)": 2567543.0, "座標X(2)": null, "座標Y(2)": null, "有無貼牌": "--", "有無QRCode": "無", "說明": null, "保管人": "周駿宏" }, "geometry": { "type": "Point", "coordinates": [ 120.492206166748772, 23.209231343321044 ] } },
{ "type": "Feature", "properties": { "工程（財產）名稱": "地坪", "工程（財產）別名": "102年曾文水庫公共設施整建工程", "財產編號": "1110101-0030 00-0000001", "保管單位": "曾管中心", "入帳日期(購置日期)": "2014-06-24", "清查日期": "--", "地籍": "嘉義縣大埔鄉草嶺段25號地", "座標X(1)": 206147.0, "座標Y(1)": 2569471.0, "座標X(2)": null, "座標Y(2)": null, "有無貼牌": "--", "有無QRCode": "無", "說明": null, "保管人": "陳乙震" }, "geometry": { "type": "Point", "coordinates": [ 120.571500395545186, 23.226877790869338 ] } },
{ "type": "Feature", "properties": { "工程（財產）名稱": "地坪", "工程（財產）別名": "104年度曾文水庫公共設施工程", "財產編號": "1110101-0030 00-0000433", "保管單位": "曾管中心", "入帳日期(購置日期)": "2017-04-24", "清查日期": "--", "地籍": "台南市東山區下南勢段648-9(公)局管土地", "座標X(1)": 200907.0, "座標Y(1)": 2571180.0, "座標X(2)": null, "座標Y(2)": null, "有無貼牌": "--", "有無QRCode": "無", "說明": "位鳥宮前的地坪", "保管人": "黃冠璋" }, "geometry": { "type": "Point", "coordinates": [ 120.520245082237935, 23.242162416953747 ] } },
{ "type": "Feature", "properties": { "工程（財產）名稱": "擋土牆", "工程（財產）別名": "擋土牆/108曾文水庫湖域保護帶治理第二期", "財產編號": "1110102-004A 00-0000433", "保管單位": "曾管中心", "入帳日期(購置日期)": "2020-03-31", "清查日期": "2020/03/31", "地籍": "嘉義縣大埔鄉大埔段(0833)1484-22地號", "座標X(1)": 203057.0, "座標Y(1)": 2569822.0, "座標X(2)": null, "座標Y(2)": null, "有無貼牌": "--", "有無QRCode": "無", "說明": "擋土牆", "保管人": "周駿宏" }, "geometry": { "type": "Point", "coordinates": [ 120.541297058686951, 23.229962186411996 ] } },
{ "type": "Feature", "properties": { "工程（財產）名稱": "地坪", "工程（財產）別名": "103年曾文水庫湖域保護帶治理工程第二期", "財產編號": "1110101-0030 00-0000402", "保管單位": "曾管中心", "入帳日期(購置日期)": "2015-05-08", "清查日期": "--", "地籍": "高雄市那瑪夏區達悟芒段2號地", "座標X(1)": 213562.0, "座標Y(1)": 2577031.0, "座標X(2)": null, "座標Y(2)": null, "有無貼牌": "--", "有無QRCode": "無", "說明": "草蘭溪與曾文溪交會口", "保管人": "陳乙震" }, "geometry": { "type": "Point", "coordinates": [ 120.643771806345015, 23.295327374298257 ] } },
{ "type": "Feature", "properties": { "工程（財產）名稱": "地坪", "工程（財產）別名": "104年度曾文水庫公共設施工程", "財產編號": "1110101-0030 00-0000434", "保管單位": "曾管中心", "入帳日期(購置日期)": "2017-04-24", "清查日期": "--", "地籍": "台南市東山區下南勢段1135(公)", "座標X(1)": 198560.0, "座標Y(1)": 2569371.0, "座標X(2)": null, "座標Y(2)": null, "有無貼牌": "--", "有無QRCode": "無", "說明": "在東口的地坪", "保管人": "黃冠璋" }, "geometry": { "type": "Point", "coordinates": [ 120.497371176903059, 23.225755224685997 ] } },
{ "type": "Feature", "properties": { "工程（財產）名稱": "地坪", "工程（財產）別名": "104年度曾文水庫公共設施工程", "財產編號": "1110101-0030 00-0000432", "保管單位": "曾管中心", "入帳日期(購置日期)": "2017-04-24", "清查日期": "--", "地籍": "位曾文之眼後方,無地籍資料", "座標X(1)": 200835.54, "座標Y(1)": 2571105.74, "座標X(2)": null, "座標Y(2)": null, "有無貼牌": "--", "有無QRCode": "無", "說明": "曾文之眼前之地坪", "保管人": "黃冠璋" }, "geometry": { "type": "Point", "coordinates": [ 120.519549169045547, 23.241489704850771 ] } },
{ "type": "Feature", "properties": { "工程（財產）名稱": "地坪", "工程（財產）別名": "地坪/106田寮阿公店水庫邊緣零星工程", "財產編號": "1110101-0030 00-0000437", "保管單位": "阿管中心", "入帳日期(購置日期)": "2018-03-01", "清查日期": "--", "地籍": "高雄市田寮區狗氤氳段370-1", "座標X(1)": 186005.0, "座標Y(1)": 2531382.0, "座標X(2)": null, "座標Y(2)": null, "有無貼牌": "--", "有無QRCode": "無", "說明": null, "保管人": "陳煌祥" }, "geometry": { "type": "Point", "coordinates": [ 120.376281618003148, 22.882269293546418 ] } },
{ "type": "Feature", "properties": { "工程（財產）名稱": "堆棚", "工程（財產）別名": "103年曾文水庫公共設施-東口多功能訓練場", "財產編號": "2010203-003C 00-0000002", "保管單位": "曾管中心", "入帳日期(購置日期)": "2015-05-01", "清查日期": "2025/02/26", "地籍": "台南市東山區下南勢段1136號", "座標X(1)": 198738.0, "座標Y(1)": 2569516.0, "座標X(2)": null, "座標Y(2)": null, "有無貼牌": "是", "有無QRCode": "有", "說明": null, "保管人": "李勝雄" }, "geometry": { "type": "Point", "coordinates": [ 120.499105508428983, 23.227070144884586 ] } },
{ "type": "Feature", "properties": { "工程（財產）名稱": "堆棚", "工程（財產）別名": "活動中心公廁加蓋屋頂", "財產編號": "2010203-003C 00-0000001", "保管單位": "曾管中心", "入帳日期(購置日期)": "2015-05-01", "清查日期": "--", "地籍": "台南市楠西區密枝段102-7號", "座標X(1)": 198729.2, "座標Y(1)": 2568632.35, "座標X(2)": null, "座標Y(2)": null, "有無貼牌": "--", "有無QRCode": "無", "說明": null, "保管人": "李勝雄" }, "geometry": { "type": "Point", "coordinates": [ 120.499049291322166, 23.219090392195206 ] } },
{ "type": "Feature", "properties": { "工程（財產）名稱": "圍牆", "工程（財產）別名": "圍籬/109燕巢辦公區環境及景觀改善工程", "財產編號": "1110102-002G 00-0000001", "保管單位": "阿管中心", "入帳日期(購置日期)": "2020-07-24", "清查日期": "2020/11/13", "地籍": "高雄市燕巢區瓊東段234地號", "座標X(1)": 183927.856, "座標Y(1)": 2522725.733, "座標X(2)": null, "座標Y(2)": null, "有無貼牌": "--", "有無QRCode": "無", "說明": null, "保管人": "邱柏翰" }, "geometry": { "type": "Point", "coordinates": [ 120.356405888256873, 22.804019549766128 ] } },
{ "type": "Feature", "properties": { "工程（財產）名稱": "地坪", "工程（財產）別名": "地坪/109牡丹水庫集水區零星工程", "財產編號": "1110101-0030 00-0000439", "保管單位": "牡管中心", "入帳日期(購置日期)": "2021-03-25", "清查日期": "2023/05/30", "地籍": "屏東縣牡丹鄉牡丹段9500-2108號地", "座標X(1)": 233194.0, "座標Y(1)": 2452958.0, "座標X(2)": "233187", "座標Y(2)": "2452958", "有無貼牌": "是", "有無QRCode": "無", "說明": null, "保管人": "賴冠吾" }, "geometry": { "type": "Point", "coordinates": [ 120.837032185924045, 22.1751428282336 ] } },
{ "type": "Feature", "properties": { "工程（財產）名稱": "公廁", "工程（財產）別名": null, "財產編號": "2020202-006A 00-0000005", "保管單位": "牡管中心", "入帳日期(購置日期)": "2000-03-24", "清查日期": "2025/01/24", "地籍": "屏東縣牡丹鄉牡丹段926號", "座標X(1)": 227779.28, "座標Y(1)": 2447833.74, "座標X(2)": "227784", "座標Y(2)": "2447837", "有無貼牌": "是", "有無QRCode": "有", "說明": "大門口公廁", "保管人": "周百欽" }, "geometry": { "type": "Point", "coordinates": [ 120.784596324216224, 22.128801473176896 ] } },
{ "type": "Feature", "properties": { "工程（財產）名稱": "公廁", "工程（財產）別名": "女用公廁", "財產編號": "2020202-006A 00-0000011", "保管單位": "阿管中心", "入帳日期(購置日期)": "2018-08-27", "清查日期": "2025/01/21", "地籍": "高雄市燕巢區瓊東段230號", "座標X(1)": 183943.0, "座標Y(1)": 2522554.0, "座標X(2)": null, "座標Y(2)": null, "有無貼牌": "是", "有無QRCode": "有", "說明": null, "保管人": "林堉介" }, "geometry": { "type": "Point", "coordinates": [ 120.356560676213874, 22.802469329459463 ] } },
{ "type": "Feature", "properties": { "工程（財產）名稱": "明渠", "工程（財產）別名": "明渠/108阿公店水庫集水區零星工程", "財產編號": "1110101-029C 00-0000537", "保管單位": "阿管中心", "入帳日期(購置日期)": "2020-03-09", "清查日期": "2021/05/12", "地籍": "牛稠埔段9005-5及681-1地號", "座標X(1)": 184329.0, "座標Y(1)": 2526004.0, "座標X(2)": "184325", "座標Y(2)": "2526004", "有無貼牌": "是", "有無QRCode": "無", "說明": null, "保管人": "陳煌祥" }, "geometry": { "type": "Point", "coordinates": [ 120.360174861084971, 22.833639260559945 ] } },
{ "type": "Feature", "properties": { "工程（財產）名稱": "明渠", "工程（財產）別名": "明渠107甲仙攔河堰蓄水範圍週邊排水零星工", "財產編號": "1110101-029C 00-0000514", "保管單位": "甲仙攔河堰管理中心", "入帳日期(購置日期)": "2018-11-23", "清查日期": "2021/10/07", "地籍": "高雄市甲仙區東阿里關段145地號", "座標X(1)": 209629.587, "座標Y(1)": 2557284.445, "座標X(2)": "209910", "座標Y(2)": "2557201", "有無貼牌": "是", "有無QRCode": "無", "說明": "107年度甲仙攔河堰蓄水範圍週 邊排水零星工程─排水改善工程 明渠長度95.2公尺", "保管人": "洪瑞隆" }, "geometry": { "type": "Point", "coordinates": [ 120.605851383648968, 23.116918306216114 ] } },
{ "type": "Feature", "properties": { "工程（財產）名稱": "明渠", "工程（財產）別名": "明渠/田寮區106阿公店水庫邊緣零星工程", "財產編號": "1110101-029C 00-0000538", "保管單位": "阿管中心", "入帳日期(購置日期)": "2018-03-01", "清查日期": "--", "地籍": "高雄市田寮區狗氤氳段68-24", "座標X(1)": 187492.565, "座標Y(1)": 2531627.106, "座標X(2)": null, "座標Y(2)": null, "有無貼牌": "--", "有無QRCode": "無", "說明": null, "保管人": "陳煌祥" }, "geometry": { "type": "Point", "coordinates": [ 120.39076944712734, 22.884538890717021 ] } },
{ "type": "Feature", "properties": { "工程（財產）名稱": "明渠", "工程（財產）別名": "水溝", "財產編號": "1110101-029C 00-0000447", "保管單位": "高屏溪攔河堰", "入帳日期(購置日期)": "2016-05-24", "清查日期": "--", "地籍": "興田段875,880,776地號等", "座標X(1)": 193242.0, "座標Y(1)": 2515062.0, "座標X(2)": null, "座標Y(2)": null, "有無貼牌": "--", "有無QRCode": "無", "說明": "1.於113年12月20日修正此筆財產座標值2.零星工程", "保管人": "沈文忠" }, "geometry": { "type": "Point", "coordinates": [ 120.447408032029301, 22.735152019779715 ] } },
{ "type": "Feature", "properties": { "工程（財產）名稱": "明渠", "工程（財產）別名": "排水溝", "財產編號": "1110101-029C 00-0000442", "保管單位": "阿管中心", "入帳日期(購置日期)": "2016-04-21", "清查日期": "2019/06/21", "地籍": "岡山挖子段2874號", "座標X(1)": 182155.0, "座標Y(1)": 2524342.0, "座標X(2)": null, "座標Y(2)": null, "有無貼牌": "--", "有無QRCode": "無", "說明": "高雄市岡山區拕子段2874號地岡山區104年度阿公店水庫集水區水土保持零星工程", "保管人": "陳煌祥" }, "geometry": { "type": "Point", "coordinates": [ 120.339067354594434, 22.818544365018219 ] } },
{ "type": "Feature", "properties": { "工程（財產）名稱": "明渠", "工程（財產）別名": "明渠", "財產編號": "1110101-029C 00-0000527", "保管單位": "阿管中心", "入帳日期(購置日期)": "2019-03-06", "清查日期": "2023/09/13", "地籍": "狗氳段141-1", "座標X(1)": 186925.0, "座標Y(1)": 2530912.0, "座標X(2)": "186907", "座標Y(2)": "2530909", "有無貼牌": "是", "有無QRCode": "無", "說明": null, "保管人": "陳煌祥" }, "geometry": { "type": "Point", "coordinates": [ 120.385266978426273, 22.87805994364949 ] } },
{ "type": "Feature", "properties": { "工程（財產）名稱": "明渠", "工程（財產）別名": "明渠", "財產編號": "1110101-029C 00-0000526", "保管單位": "阿管中心", "入帳日期(購置日期)": "2019-03-06", "清查日期": "--", "地籍": "南安老段686地號", "座標X(1)": 185880.0, "座標Y(1)": 2529942.0, "座標X(2)": "1858596", "座標Y(2)": "2529942", "有無貼牌": "--", "有無QRCode": "無", "說明": "兩個座標點皆位於同一地號", "保管人": "陳煌祥" }, "geometry": { "type": "Point", "coordinates": [ 120.375122880071785, 22.869260823269194 ] } },
{ "type": "Feature", "properties": { "工程（財產）名稱": "明渠", "工程（財產）別名": "排水溝107阿公店水庫週邊零星工程", "財產編號": "1110101-029C 00-0000515", "保管單位": "阿管中心", "入帳日期(購置日期)": "2018-12-31", "清查日期": "2020/04/29", "地籍": "田寮區牛稠埔段258-1地號", "座標X(1)": 184442.0, "座標Y(1)": 2526593.0, "座標X(2)": null, "座標Y(2)": null, "有無貼牌": "--", "有無QRCode": "無", "說明": null, "保管人": "陳煌祥" }, "geometry": { "type": "Point", "coordinates": [ 120.361250926037954, 22.838962560412238 ] } },
{ "type": "Feature", "properties": { "工程（財產）名稱": "明渠", "工程（財產）別名": "明渠107曾文水庫週邊零星工程/大埔公所", "財產編號": "1110101-029C 00-0000522", "保管單位": "養護科", "入帳日期(購置日期)": "2019-02-26", "清查日期": "--", "地籍": "大埔段1098地號", "座標X(1)": 211798.262, "座標Y(1)": 2571727.124, "座標X(2)": null, "座標Y(2)": null, "有無貼牌": "--", "有無QRCode": "無", "說明": "長49米,面積6806平方米", "保管人": "吳宗翰" }, "geometry": { "type": "Point", "coordinates": [ 120.626662768003996, 23.247392026109804 ] } },
{ "type": "Feature", "properties": { "工程（財產）名稱": "明渠", "工程（財產）別名": "明渠/108阿公店水庫集水區水土保持零星", "財產編號": "1110101-029C 00-0000542", "保管單位": "阿管中心", "入帳日期(購置日期)": "2020-04-07", "清查日期": "2022/12/15", "地籍": "高雄市岡山區三和段724地號(國產署)", "座標X(1)": 182630.0, "座標Y(1)": 2525164.0, "座標X(2)": "182580", "座標Y(2)": "2525169", "有無貼牌": "是", "有無QRCode": "無", "說明": null, "保管人": "陳煌祥" }, "geometry": { "type": "Point", "coordinates": [ 120.343658896508089, 22.825986430195872 ] } },
{ "type": "Feature", "properties": { "工程（財產）名稱": "明渠", "工程（財產）別名": "明渠/108阿公店水庫集水區水土保持零星", "財產編號": "1110101-029C 00-0000541", "保管單位": "阿管中心", "入帳日期(購置日期)": "2020-04-07", "清查日期": "2022/12/15", "地籍": "高雄市岡山區三和段724地號(國產署)", "座標X(1)": 182570.0, "座標Y(1)": 2525163.0, "座標X(2)": "182644", "座標Y(2)": "2525171", "有無貼牌": "是", "有無QRCode": "無", "說明": null, "保管人": "陳煌祥" }, "geometry": { "type": "Point", "coordinates": [ 120.343074429325583, 22.825974990882486 ] } },
{ "type": "Feature", "properties": { "工程（財產）名稱": "明渠", "工程（財產）別名": "明渠106年阿公店水庫集水區水土保零星工程", "財產編號": "1110101-029C 00-0000512", "保管單位": "阿管中心", "入帳日期(購置日期)": "2017-12-30", "清查日期": "2019/04/01", "地籍": "高雄市燕巢區燕北段247-1等地號", "座標X(1)": 185241.0, "座標Y(1)": 2521881.0, "座標X(2)": null, "座標Y(2)": null, "有無貼牌": "--", "有無QRCode": "無", "說明": null, "保管人": "陳煌祥" }, "geometry": { "type": "Point", "coordinates": [ 120.36923143358274, 22.796442376619382 ] } },
{ "type": "Feature", "properties": { "工程（財產）名稱": "谷坊（攔砂壩）", "工程（財產）別名": "攔沙壩", "財產編號": "2020406-0004 00-0000015", "保管單位": "曾管中心", "入帳日期(購置日期)": "2016-06-27", "清查日期": "--", "地籍": "位於河床上無地籍資料", "座標X(1)": 211462.21, "座標Y(1)": 2578401.01, "座標X(2)": "211452.38", "座標Y(2)": "2578401.01", "有無貼牌": "--", "有無QRCode": "無", "說明": null, "保管人": "陳乙震" }, "geometry": { "type": "Point", "coordinates": [ 120.623209158189283, 23.307650866081929 ] } },
{ "type": "Feature", "properties": { "工程（財產）名稱": "明渠", "工程（財產）別名": "明渠/110牡丹水庫週邊零星工程", "財產編號": "1110101-029A 00-0000036", "保管單位": "牡管中心", "入帳日期(購置日期)": "2022-05-27", "清查日期": "--", "地籍": null, "座標X(1)": 234618.0, "座標Y(1)": 2454160.0, "座標X(2)": null, "座標Y(2)": null, "有無貼牌": "--", "有無QRCode": "無", "說明": null, "保管人": "賴冠吾" }, "geometry": { "type": "Point", "coordinates": [ 120.850829222714921, 22.186012066078252 ] } },
{ "type": "Feature", "properties": { "工程（財產）名稱": "物品倉庫", "工程（財產）別名": "洩洪警報站房-寮子部", "財產編號": "2010203-004A 96-0000003", "保管單位": "曾管中心", "入帳日期(購置日期)": "2000-12-30", "清查日期": "2022/08/08", "地籍": "位台南市河川用地上,無地籍資料", "座標X(1)": 175477.67, "座標Y(1)": 2564582.69, "座標X(2)": "175468", "座標Y(2)": "2564589", "有無貼牌": "是", "有無QRCode": "無", "說明": null, "保管人": "蘇芫德" }, "geometry": { "type": "Point", "coordinates": [ 120.272075978019231, 23.181635016140127 ] } },
{ "type": "Feature", "properties": { "工程（財產）名稱": "擋土牆", "工程（財產）別名": "103曾文水庫改善工程(楠西區)", "財產編號": "1110102-004A 00-0000014", "保管單位": "曾管中心", "入帳日期(購置日期)": "2014-12-15", "清查日期": "2016/04/28", "地籍": "王萊宅22-53號", "座標X(1)": 197835.0, "座標Y(1)": 2566855.0, "座標X(2)": null, "座標Y(2)": null, "有無貼牌": "--", "有無QRCode": "無", "說明": null, "保管人": "周駿宏" }, "geometry": { "type": "Point", "coordinates": [ 120.490373489045638, 23.203012601850421 ] } },
{ "type": "Feature", "properties": { "工程（財產）名稱": "鄉道", "工程（財產）別名": "鄉道107阿公店水庫集水區水土保持零星工程", "財產編號": "1110101-008B 00-0000001", "保管單位": "阿管中心", "入帳日期(購置日期)": "2018-12-20", "清查日期": "2019/06/06", "地籍": "高雄市岡山區 子段四小段2273,2265號", "座標X(1)": 182751.0, "座標Y(1)": 2525233.0, "座標X(2)": "182796", "座標Y(2)": "2525233", "有無貼牌": "--", "有無QRCode": "無", "說明": null, "保管人": "陳煌祥" }, "geometry": { "type": "Point", "coordinates": [ 120.344834677665474, 22.826614375303595 ] } },
{ "type": "Feature", "properties": { "工程（財產）名稱": "擋土牆", "工程（財產）別名": "牡丹水庫佳洛峒橋下游右岸坍方保護工程", "財產編號": "1110102-004A 00-0000009", "保管單位": "牡管中心", "入帳日期(購置日期)": "2012-01-11", "清查日期": "2019/10/21", "地籍": "屏東縣牡丹鄉牡丹段274號", "座標X(1)": 227250.0, "座標Y(1)": 2450087.0, "座標X(2)": "227216", "座標Y(2)": "2450087", "有無貼牌": "--", "有無QRCode": "無", "說明": null, "保管人": "薛智揚" }, "geometry": { "type": "Point", "coordinates": [ 120.779433919455144, 22.149145248312056 ] } },
{ "type": "Feature", "properties": { "工程（財產）名稱": "擋土牆", "工程（財產）別名": "尖上村加勁擋土牆76.5", "財產編號": "1110102-004A 00-0000005", "保管單位": "阿管中心", "入帳日期(購置日期)": "2010-04-20", "清查日期": "2015/04/15", "地籍": null, "座標X(1)": 183370.0, "座標Y(1)": 2523134.0, "座標X(2)": null, "座標Y(2)": null, "有無貼牌": "--", "有無QRCode": "無", "說明": null, "保管人": "呂元鈞" }, "geometry": { "type": "Point", "coordinates": [ 120.350954742418935, 22.807684328392241 ] } },
{ "type": "Feature", "properties": { "工程（財產）名稱": "擋土牆", "工程（財產）別名": "甲仙攔河堰崩塌地整體治理工程", "財產編號": "1110102-004A 00-0000010", "保管單位": "甲仙(堰區)", "入帳日期(購置日期)": "2013-03-18", "清查日期": "2024/07/15", "地籍": "高雄市甲仙區東大邱園段1549號", "座標X(1)": 207201.0, "座標Y(1)": 2553621.0, "座標X(2)": null, "座標Y(2)": null, "有無貼牌": "是", "有無QRCode": "無", "說明": null, "保管人": "洪瑞隆" }, "geometry": { "type": "Point", "coordinates": [ 120.582243141483758, 23.083774987020643 ] } },
{ "type": "Feature", "properties": { "工程（財產）名稱": "擋土牆", "工程（財產）別名": "101年度曾文水庫湖域保護帶治理工程第一期", "財產編號": "1110102-004A 00-0000012", "保管單位": "曾管中心", "入帳日期(購置日期)": "2013-01-15", "清查日期": "--", "地籍": null, "座標X(1)": 213536.0, "座標Y(1)": 2577308.0, "座標X(2)": null, "座標Y(2)": null, "有無貼牌": "--", "有無QRCode": "無", "說明": null, "保管人": "陳乙震" }, "geometry": { "type": "Point", "coordinates": [ 120.643510963144493, 23.297828168180736 ] } },
{ "type": "Feature", "properties": { "工程（財產）名稱": "擋土牆", "工程（財產）別名": "甲仙出口通達道路修護工程-5000M3", "財產編號": "1110102-004A 00-0000007", "保管單位": "甲仙(堰區)", "入帳日期(購置日期)": "2010-12-29", "清查日期": "2021/09/27", "地籍": "台南市南化區西大丘園段242-2地號", "座標X(1)": 204849.0, "座標Y(1)": 2554082.0, "座標X(2)": "204855", "座標Y(2)": "2554082", "有無貼牌": "是", "有無QRCode": "無", "說明": "在南化進水口", "保管人": "洪瑞隆" }, "geometry": { "type": "Point", "coordinates": [ 120.559272438119706, 23.087875600678586 ] } },
{ "type": "Feature", "properties": { "工程（財產）名稱": "箱涵", "工程（財產）別名": "106年曾文水庫週邊零星工程延續箱涵", "財產編號": "1110101-028A 00-0000505", "保管單位": "養護科", "入帳日期(購置日期)": "2017-03-03", "清查日期": "--", "地籍": "大埔段839地號", "座標X(1)": 209353.0, "座標Y(1)": 2578403.0, "座標X(2)": null, "座標Y(2)": null, "有無貼牌": "--", "有無QRCode": "無", "說明": "箱涵 護岸 簡易護欄 A1集水井", "保管人": "吳宗翰" }, "geometry": { "type": "Point", "coordinates": [ 120.602587356783886, 23.307617919921341 ] } },
{ "type": "Feature", "properties": { "工程（財產）名稱": "擋土牆", "工程（財產）別名": "牡丹水庫佳洛峒橋下游右岸坍方修復工程", "財產編號": "1110102-004A 00-0000011", "保管單位": "牡管中心", "入帳日期(購置日期)": "2013-10-09", "清查日期": "2019/10/07", "地籍": "屏東縣牡丹鄉牡丹段944號", "座標X(1)": 227175.0, "座標Y(1)": 2450401.0, "座標X(2)": null, "座標Y(2)": null, "有無貼牌": "--", "有無QRCode": "無", "說明": null, "保管人": "周百欽" }, "geometry": { "type": "Point", "coordinates": [ 120.778702349338545, 22.151980193285464 ] } },
{ "type": "Feature", "properties": { "工程（財產）名稱": "擋土牆", "工程（財產）別名": "尖山加勁擋土牆1353M3", "財產編號": "1110102-004A 00-0000002", "保管單位": "阿管中心", "入帳日期(購置日期)": "2009-12-22", "清查日期": "2013/09/10", "地籍": "尖山段746-1", "座標X(1)": 184213.17, "座標Y(1)": 2522737.6, "座標X(2)": null, "座標Y(2)": null, "有無貼牌": "--", "有無QRCode": "無", "說明": null, "保管人": "林堉介" }, "geometry": { "type": "Point", "coordinates": [ 120.359184433477282, 22.804137906788167 ] } },
{ "type": "Feature", "properties": { "工程（財產）名稱": "擋土牆", "工程（財產）別名": "加勁擋土牆-1309M3", "財產編號": "1110102-004A 00-0000006", "保管單位": "阿管中心", "入帳日期(購置日期)": "2010-09-27", "清查日期": "2015/04/15", "地籍": null, "座標X(1)": 183887.0, "座標Y(1)": 2523155.0, "座標X(2)": null, "座標Y(2)": null, "有無貼牌": "--", "有無QRCode": "無", "說明": null, "保管人": "呂元鈞" }, "geometry": { "type": "Point", "coordinates": [ 120.355989721012833, 22.807894388838779 ] } },
{ "type": "Feature", "properties": { "工程（財產）名稱": "擋土牆", "工程（財產）別名": "103曾文水庫改善工程(楠西區)第二期", "財產編號": "1110102-004A 00-0000432", "保管單位": "曾管中心", "入帳日期(購置日期)": "2014-12-15", "清查日期": "2020/12/10", "地籍": "台南市楠西區龜丹段26-12號", "座標X(1)": 199525.43, "座標Y(1)": 2559555.7, "座標X(2)": null, "座標Y(2)": null, "有無貼牌": "--", "有無QRCode": "無", "說明": "位置楠西龜丹", "保管人": "周駿宏" }, "geometry": { "type": "Point", "coordinates": [ 120.507129042347003, 23.137151043877697 ] } },
{ "type": "Feature", "properties": { "工程（財產）名稱": "擋土牆", "工程（財產）別名": "102年阿公店水庫集水區尖山段(R32-1)崩坍地", "財產編號": "1110102-004A 00-0000013", "保管單位": "阿管中心", "入帳日期(購置日期)": "2014-04-03", "清查日期": "2014/11/18", "地籍": "高雄市燕巢區尖山段756-8號", "座標X(1)": 184229.44, "座標Y(1)": 2523189.81, "座標X(2)": "184277.09", "座標Y(2)": "2523189.81", "有無貼牌": "--", "有無QRCode": "無", "說明": "現場已長滿草了", "保管人": "呂元鈞" }, "geometry": { "type": "Point", "coordinates": [ 120.359323816607301, 22.808222176185321 ] } },
{ "type": "Feature", "properties": { "工程（財產）名稱": "擋土牆", "工程（財產）別名": "103曾文水庫改善工程(楠西區)第二期", "財產編號": "1110102-004A 00-0000431", "保管單位": "曾管中心", "入帳日期(購置日期)": "2014-12-15", "清查日期": "2016/04/28", "地籍": "王萊宅22-53號", "座標X(1)": 197835.0, "座標Y(1)": 2566855.0, "座標X(2)": null, "座標Y(2)": null, "有無貼牌": "--", "有無QRCode": "無", "說明": null, "保管人": "周駿宏" }, "geometry": { "type": "Point", "coordinates": [ 120.490373489045638, 23.203012601850421 ] } },
{ "type": "Feature", "properties": { "工程（財產）名稱": "擋土牆", "工程（財產）別名": "103曾文水庫改善工程(楠西區)", "財產編號": "1110102-004A 00-0000015", "保管單位": "曾管中心", "入帳日期(購置日期)": "2014-12-15", "清查日期": "2020/12/10", "地籍": "台南市楠西區龜丹段26-12號", "座標X(1)": 199536.52, "座標Y(1)": 2559534.51, "座標X(2)": null, "座標Y(2)": null, "有無貼牌": "--", "有無QRCode": "無", "說明": "位置楠西龜丹", "保管人": "周駿宏" }, "geometry": { "type": "Point", "coordinates": [ 120.507238029430283, 23.136960031463914 ] } },
{ "type": "Feature", "properties": { "工程（財產）名稱": "擋土牆", "工程（財產）別名": "曾文靜水池至五號橋河道右岸加勁..-89485M2", "財產編號": "1110102-004A 00-0000008", "保管單位": "曾管中心", "入帳日期(購置日期)": "2011-12-31", "清查日期": "2012/11/12", "地籍": null, "座標X(1)": 200995.0, "座標Y(1)": 2571181.0, "座標X(2)": null, "座標Y(2)": null, "有無貼牌": "--", "有無QRCode": "無", "說明": "位於五號橋上方曾文溪右岸", "保管人": "陳乙震" }, "geometry": { "type": "Point", "coordinates": [ 120.52110499522729, 23.242174070542063 ] } },
{ "type": "Feature", "properties": { "工程（財產）名稱": "箱涵", "工程（財產）別名": "箱涵/107曾文水庫湖域保護帶治理第三期", "財產編號": "1110101-028A 00-0000507", "保管單位": "曾管中心", "入帳日期(購置日期)": "2019-09-15", "清查日期": "--", "地籍": "台南市東山區下南勢段946-9號", "座標X(1)": 201766.0, "座標Y(1)": 2571864.0, "座標X(2)": null, "座標Y(2)": null, "有無貼牌": "--", "有無QRCode": "無", "說明": null, "保管人": "周駿宏" }, "geometry": { "type": "Point", "coordinates": [ 120.52861762169934, 23.248364446131639 ] } },
{ "type": "Feature", "properties": { "工程（財產）名稱": "箱涵", "工程（財產）別名": "箱涵/102曾文水庫週邊零星工程", "財產編號": "1110101-028A 00-0000578", "保管單位": "養護科", "入帳日期(購置日期)": "2013-11-26", "清查日期": "2020/09/23", "地籍": "里佳段12地號", "座標X(1)": 220633.0, "座標Y(1)": 2588960.0, "座標X(2)": null, "座標Y(2)": null, "有無貼牌": "--", "有無QRCode": "無", "說明": null, "保管人": "吳宗翰" }, "geometry": { "type": "Point", "coordinates": [ 120.712667354364484, 23.403190666782827 ] } },
{ "type": "Feature", "properties": { "工程（財產）名稱": "箱涵", "工程（財產）別名": "102曾文水庫公共設施改善工程(楠西區)照興", "財產編號": "1110101-028A 00-0000432", "保管單位": "曾管中心", "入帳日期(購置日期)": "2014-02-01", "清查日期": "2016/04/28", "地籍": "王萊宅1-28號", "座標X(1)": 197751.0, "座標Y(1)": 2567349.0, "座標X(2)": null, "座標Y(2)": null, "有無貼牌": "--", "有無QRCode": "無", "說明": null, "保管人": "周駿宏" }, "geometry": { "type": "Point", "coordinates": [ 120.489535933306172, 23.207470831622903 ] } },
{ "type": "Feature", "properties": { "工程（財產）名稱": "路燈", "工程（財產）別名": "路燈", "財產編號": "2020202-012B 00-0000051", "保管單位": "曾管中心", "入帳日期(購置日期)": "2009-12-31", "清查日期": "2022/11/21", "地籍": "台南市東山鄉下南勢段1134及1135號", "座標X(1)": 198690.21, "座標Y(1)": 2569502.64, "座標X(2)": "198614", "座標Y(2)": "2569431", "有無貼牌": "是", "有無QRCode": "無", "說明": "東口露營區", "保管人": "邱玟融" }, "geometry": { "type": "Point", "coordinates": [ 120.498639004084282, 23.22694801374724 ] } },
{ "type": "Feature", "properties": { "工程（財產）名稱": "路燈", "工程（財產）別名": "路燈", "財產編號": "2020202-012B 00-0000084", "保管單位": "阿管中心", "入帳日期(購置日期)": "2010-12-31", "清查日期": "2022/09/08", "地籍": "高雄市田寮區牛稠埔段253-11號", "座標X(1)": 184233.0, "座標Y(1)": 2526628.0, "座標X(2)": null, "座標Y(2)": null, "有無貼牌": "是", "有無QRCode": "無", "說明": null, "保管人": "陳煌祥" }, "geometry": { "type": "Point", "coordinates": [ 120.359213200942676, 22.839270442619988 ] } },
{ "type": "Feature", "properties": { "工程（財產）名稱": "路燈", "工程（財產）別名": "路燈", "財產編號": "2020202-012B 00-0000040", "保管單位": "曾管中心", "入帳日期(購置日期)": "2009-12-31", "清查日期": "2022/11/24", "地籍": "無宗地資料", "座標X(1)": 198563.78, "座標Y(1)": 2569086.36, "座標X(2)": "198645", "座標Y(2)": "2569365", "有無貼牌": "是", "有無QRCode": "無", "說明": "東口露營區", "保管人": "邱玟融" }, "geometry": { "type": "Point", "coordinates": [ 120.497417731144253, 23.22318500627366 ] } },
{ "type": "Feature", "properties": { "工程（財產）名稱": "路燈", "工程（財產）別名": "路燈", "財產編號": "2020202-012B 00-0000053", "保管單位": "曾管中心", "入帳日期(購置日期)": "2009-12-31", "清查日期": "2021/09/16", "地籍": null, "座標X(1)": 198766.36, "座標Y(1)": 2569534.49, "座標X(2)": "198811", "座標Y(2)": "2569545", "有無貼牌": "是", "有無QRCode": "無", "說明": "東口露營區", "保管人": "邱玟融" }, "geometry": { "type": "Point", "coordinates": [ 120.499381990706041, 23.227237994726163 ] } },
{ "type": "Feature", "properties": { "工程（財產）名稱": "路燈", "工程（財產）別名": "路燈", "財產編號": "2020202-012B 00-0000065", "保管單位": "阿管中心", "入帳日期(購置日期)": "2009-12-31", "清查日期": "2022/09/08", "地籍": "高雄市田寮區牛稠埔段253-11", "座標X(1)": 184220.0, "座標Y(1)": 2526609.0, "座標X(2)": null, "座標Y(2)": null, "有無貼牌": "是", "有無QRCode": "無", "說明": null, "保管人": "陳煌祥" }, "geometry": { "type": "Point", "coordinates": [ 120.359087348069906, 22.839098356253995 ] } },
{ "type": "Feature", "properties": { "工程（財產）名稱": "路燈", "工程（財產）別名": "路燈", "財產編號": "2020202-012B 00-0000063", "保管單位": "曾管中心", "入帳日期(購置日期)": "2009-12-31", "清查日期": "2025/02/26", "地籍": "台南市東山鄉下南勢段1134號", "座標X(1)": 198959.17, "座標Y(1)": 2569890.63, "座標X(2)": "198631", "座標Y(2)": "2569464", "有無貼牌": "是", "有無QRCode": "有", "說明": "東口露營區", "保管人": "邱玟融" }, "geometry": { "type": "Point", "coordinates": [ 120.50125398772235, 23.230459974144765 ] } },
{ "type": "Feature", "properties": { "工程（財產）名稱": "明渠", "工程（財產）別名": "明渠107曾文水庫週邊零星工程/大埔公所", "財產編號": "1110101-029C 00-0000523", "保管單位": "養護科", "入帳日期(購置日期)": "2019-02-26", "清查日期": "--", "地籍": "大埔段964-39地號", "座標X(1)": 208388.0, "座標Y(1)": 2576636.0, "座標X(2)": null, "座標Y(2)": null, "有無貼牌": "--", "有無QRCode": "無", "說明": "長84公尺,面積672平方公尺", "保管人": "吳宗翰" }, "geometry": { "type": "Point", "coordinates": [ 120.593201086574766, 23.291637418985601 ] } },
{ "type": "Feature", "properties": { "工程（財產）名稱": "路燈", "工程（財產）別名": "路燈", "財產編號": "2020202-012B 00-0000064", "保管單位": "曾管中心", "入帳日期(購置日期)": "2009-12-31", "清查日期": "2022/11/21", "地籍": "台南市東山鄉下南勢段1132號", "座標X(1)": 199005.77, "座標Y(1)": 2569840.97, "座標X(2)": "198696", "座標Y(2)": "2569490", "有無貼牌": "是", "有無QRCode": "無", "說明": "東口露營區", "保管人": "邱玟融" }, "geometry": { "type": "Point", "coordinates": [ 120.501710991321374, 23.230012982047082 ] } },
{ "type": "Feature", "properties": { "工程（財產）名稱": "明渠", "工程（財產）別名": "明渠106年東源村水庫上游零星工程", "財產編號": "1110101-029C 00-0000510", "保管單位": "牡管中心", "入帳日期(購置日期)": "2018-03-31", "清查日期": "2019/06/12", "地籍": "屏東縣牡丹鄉東源段347號", "座標X(1)": 234868.0, "座標Y(1)": 2456109.0, "座標X(2)": null, "座標Y(2)": null, "有無貼牌": "--", "有無QRCode": "無", "說明": null, "保管人": "周百欽" }, "geometry": { "type": "Point", "coordinates": [ 120.85323536469663, 22.203616880079334 ] } },
{ "type": "Feature", "properties": { "工程（財產）名稱": "明渠", "工程（財產）別名": "106曾文水庫壩區及蓄水範圍邊坡治理", "財產編號": "1110101-029C 00-0000508", "保管單位": "曾管中心", "入帳日期(購置日期)": "2018-04-25", "清查日期": "2018/10/30", "地籍": "台南市東山區下南勢段948-9地號", "座標X(1)": 199959.31, "座標Y(1)": 2570516.35, "座標X(2)": null, "座標Y(2)": null, "有無貼牌": "--", "有無QRCode": "無", "說明": "位於曾庫公路四號橋過100公尺處", "保管人": "周駿宏" }, "geometry": { "type": "Point", "coordinates": [ 120.511006003694987, 23.236141018652248 ] } },
{ "type": "Feature", "properties": { "工程（財產）名稱": "明渠", "工程（財產）別名": "排水溝107阿公店水庫週邊零星工程", "財產編號": "1110101-029C 00-0000516", "保管單位": "阿管中心", "入帳日期(購置日期)": "2018-12-31", "清查日期": "2020/04/29", "地籍": "高雄市田寮區牛稠埔段500-69地號", "座標X(1)": 185404.0, "座標Y(1)": 2525543.0, "座標X(2)": null, "座標Y(2)": null, "有無貼牌": "--", "有無QRCode": "無", "說明": null, "保管人": "陳煌祥" }, "geometry": { "type": "Point", "coordinates": [ 120.370667116644384, 22.829517980075284 ] } },
{ "type": "Feature", "properties": { "工程（財產）名稱": "明渠", "工程（財產）別名": "水溝", "財產編號": "1110101-029C 00-0000444", "保管單位": "高屏溪攔河堰", "入帳日期(購置日期)": "2016-05-24", "清查日期": "2025/06/25", "地籍": "姑婆寮段124地號", "座標X(1)": 191488.0, "座標Y(1)": 2513613.0, "座標X(2)": "191491", "座標Y(2)": "2513625", "有無貼牌": "是", "有無QRCode": "無", "說明": "零星工程", "保管人": "沈文忠" }, "geometry": { "type": "Point", "coordinates": [ 120.43038603653757, 22.722006731598714 ] } },
{ "type": "Feature", "properties": { "工程（財產）名稱": "明渠", "工程（財產）別名": "明渠/109甲仙攔河堰蓄水範圍排水零星工程", "財產編號": "1110101-029C 00-0000556", "保管單位": "甲仙攔河堰管理中心", "入帳日期(購置日期)": "2020-12-08", "清查日期": "2021/10/05", "地籍": "東阿里關段327-9地號(國產署63平方公尺)", "座標X(1)": 209124.965, "座標Y(1)": 2555699.251, "座標X(2)": "209137", "座標Y(2)": "2555703", "有無貼牌": "是", "有無QRCode": "無", "說明": "109年度甲仙攔河堰蓄水範圍週 邊排水零星工程─排水改善工程 新設擋土牆，左右長度總計44公尺。", "保管人": "洪瑞隆" }, "geometry": { "type": "Point", "coordinates": [ 120.600967002910295, 23.102590999155101 ] } },
{ "type": "Feature", "properties": { "工程（財產）名稱": "明渠", "工程（財產）別名": "明渠/109阿公店水庫集水區零星工程", "財產編號": "1110101-029C 00-0000548", "保管單位": "阿管中心", "入帳日期(購置日期)": "2020-09-17", "清查日期": "2021/05/12", "地籍": "高雄市燕巢區尖山段681-47號", "座標X(1)": 185607.0, "座標Y(1)": 2523059.0, "座標X(2)": null, "座標Y(2)": null, "有無貼牌": "是", "有無QRCode": "無", "說明": "長90米", "保管人": "陳煌祥" }, "geometry": { "type": "Point", "coordinates": [ 120.372747518181654, 22.807094268242075 ] } },
{ "type": "Feature", "properties": { "工程（財產）名稱": "明渠", "工程（財產）別名": "明渠/109阿公店水庫集水區零星工程", "財產編號": "1110101-029C 00-0000549", "保管單位": "阿管中心", "入帳日期(購置日期)": "2020-09-17", "清查日期": "2021/05/14", "地籍": "高雄市燕巢區尖山段1163-3號", "座標X(1)": 184431.0, "座標Y(1)": 2524555.0, "座標X(2)": null, "座標Y(2)": null, "有無貼牌": "是", "有無QRCode": "無", "說明": "長14米", "保管人": "陳煌祥" }, "geometry": { "type": "Point", "coordinates": [ 120.361229647443963, 22.820558243943644 ] } },
{ "type": "Feature", "properties": { "工程（財產）名稱": "明渠", "工程（財產）別名": "明渠/108曾文水庫湖域保護帶治理第二期", "財產編號": "1110101-029C 00-0000547", "保管單位": "曾管中心", "入帳日期(購置日期)": "2020-03-31", "清查日期": "2020/03/31", "地籍": "臺南市楠西區&#158508;萊宅段(8013)5-64地號", "座標X(1)": 198351.0, "座標Y(1)": 2567231.0, "座標X(2)": null, "座標Y(2)": null, "有無貼牌": "--", "有無QRCode": "無", "說明": "明渠", "保管人": "周駿宏" }, "geometry": { "type": "Point", "coordinates": [ 120.495401657775062, 23.20642418726306 ] } },
{ "type": "Feature", "properties": { "工程（財產）名稱": "明渠", "工程（財產）別名": "明渠/108阿公店水庫邊緣設施崩塌地處理工程", "財產編號": "1110101-029C 00-0000555", "保管單位": "阿管中心", "入帳日期(購置日期)": "2020-09-15", "清查日期": "2020/09/15", "地籍": "高雄市田寮區水蛙潭段323-200及323-223地號(本局)", "座標X(1)": 187978.0, "座標Y(1)": 2524827.0, "座標X(2)": "187969", "座標Y(2)": "2524827", "有無貼牌": "是", "有無QRCode": "無", "說明": null, "保管人": "陳煌祥" }, "geometry": { "type": "Point", "coordinates": [ 120.395772006670398, 22.823149282115285 ] } },
{ "type": "Feature", "properties": { "工程（財產）名稱": "明渠", "工程（財產）別名": "明渠/105曾文水庫密枝里排水溝三進里暨王萊", "財產編號": "1110101-029C 00-0000552", "保管單位": "曾管中心", "入帳日期(購置日期)": "2016-11-20", "清查日期": "2020/12/10", "地籍": "台南市楠西區密枝段101-59號", "座標X(1)": 198688.91, "座標Y(1)": 2568950.04, "座標X(2)": "198724.64", "座標Y(2)": "2568950.04", "有無貼牌": "--", "有無QRCode": "無", "說明": "位置楠西鹽水掘", "保管人": "周駿宏" }, "geometry": { "type": "Point", "coordinates": [ 120.498644933283458, 23.221957921877969 ] } },
{ "type": "Feature", "properties": { "工程（財產）名稱": "明渠", "工程（財產）別名": "擋土牆/105曾文水庫密枝里排水溝三進暨王萊", "財產編號": "1110101-029C 00-0000553", "保管單位": "曾管中心", "入帳日期(購置日期)": "2016-11-20", "清查日期": "2024/02/17", "地籍": "台南市楠西區雙溪段640號", "座標X(1)": 199664.96, "座標Y(1)": 2567051.25, "座標X(2)": "199636", "座標Y(2)": "2567100", "有無貼牌": "是", "有無QRCode": "無", "說明": "位置楠溪雙溪", "保管人": "周駿宏" }, "geometry": { "type": "Point", "coordinates": [ 120.508244300339456, 23.204841668193833 ] } },
{ "type": "Feature", "properties": { "工程（財產）名稱": "明渠", "工程（財產）別名": "明渠107高屏溪攔河堰上游週邊環境委辦零星", "財產編號": "1110101-029C 00-0000521", "保管單位": "高屏溪攔河堰", "入帳日期(購置日期)": "2019-02-25", "清查日期": "2024/10/30", "地籍": "溪埔段310-73,310-74,310-323,310-413,", "座標X(1)": 193180.0, "座標Y(1)": 2516076.0, "座標X(2)": "193041", "座標Y(2)": "2516076", "有無貼牌": "是", "有無QRCode": "無", "說明": "於113年10月30日盤點如下:1.共貼2處牌:路頭及路尾2.路頭:97座標X193133 Y2516049 相片為:路頭1及路頭23.路尾:97座標X193052 Y2516068 相片為:路尾1及路尾2", "保管人": "沈文忠" }, "geometry": { "type": "Point", "coordinates": [ 120.446767579190237, 22.744306969381128 ] } },
{ "type": "Feature", "properties": { "工程（財產）名稱": "明渠", "工程（財產）別名": "明渠107高屏溪攔河堰上游週邊環境委辦零星", "財產編號": "1110101-029C 00-0000520", "保管單位": "高屏溪攔河堰", "入帳日期(購置日期)": "2019-02-25", "清查日期": "2023/10/30", "地籍": "洲仔段75,105地號等2筆", "座標X(1)": 192474.0, "座標Y(1)": 2513274.0, "座標X(2)": "192514", "座標Y(2)": "2513274", "有無貼牌": "是", "有無QRCode": "無", "說明": "於113年10月30日盤點,於兩處貼牌:1.起點:97座標X192498 Y2513278 起點處貼牌:520起1及520起22.迄點:97座標X192465 Y2513284 迄點處貼牌:520迄及520迄2", "保管人": "沈文忠" }, "geometry": { "type": "Point", "coordinates": [ 120.439996842925055, 22.718979256923696 ] } },
{ "type": "Feature", "properties": { "工程（財產）名稱": "路燈", "工程（財產）別名": "路燈", "財產編號": "2020202-012B 00-0000073", "保管單位": "阿管中心", "入帳日期(購置日期)": "2009-12-31", "清查日期": "2022/09/08", "地籍": "高雄市田寮區牛稠埔段253-121號", "座標X(1)": 184237.0, "座標Y(1)": 2526600.0, "座標X(2)": null, "座標Y(2)": null, "有無貼牌": "是", "有無QRCode": "無", "說明": null, "保管人": "陳煌祥" }, "geometry": { "type": "Point", "coordinates": [ 120.359253356399492, 22.839017749560263 ] } },
{ "type": "Feature", "properties": { "工程（財產）名稱": "明渠", "工程（財產）別名": "明渠107高屏溪攔河堰上游週邊環境委辦零星", "財產編號": "1110101-029C 00-0000519", "保管單位": "高屏溪攔河堰", "入帳日期(購置日期)": "2019-02-25", "清查日期": "2024/10/23", "地籍": "溪埔段943-76地號1筆", "座標X(1)": 191032.0, "座標Y(1)": 2518940.0, "座標X(2)": "191009", "座標Y(2)": "2518940", "有無貼牌": "找不到", "有無QRCode": "無", "說明": "1.於113年10月23日現地盤點,在山路裡迂迴未找到財產,來日需請公所帶路找尋!", "保管人": "沈文忠" }, "geometry": { "type": "Point", "coordinates": [ 120.425746088745484, 22.770096699702794 ] } },
{ "type": "Feature", "properties": { "工程（財產）名稱": "明渠", "工程（財產）別名": "明渠/田寮區106阿公店水庫邊緣零星工程", "財產編號": "1110101-029C 00-0000540", "保管單位": "阿管中心", "入帳日期(購置日期)": "2018-03-01", "清查日期": "--", "地籍": "牛稠埔段1016號", "座標X(1)": 183158.0, "座標Y(1)": 2525688.0, "座標X(2)": null, "座標Y(2)": null, "有無貼牌": "--", "有無QRCode": "無", "說明": null, "保管人": "陳煌祥" }, "geometry": { "type": "Point", "coordinates": [ 120.34878008129941, 22.830739437926862 ] } },
{ "type": "Feature", "properties": { "工程（財產）名稱": "明渠", "工程（財產）別名": "高屏溪攔河堰上游週邊環境委辦零星工程", "財產編號": "1110101-029A 00-0000031", "保管單位": "高屏溪攔河堰", "入帳日期(購置日期)": "2012-02-16", "清查日期": "2024/12/19", "地籍": "大樹新吉段811號", "座標X(1)": 190882.0, "座標Y(1)": 2509776.0, "座標X(2)": "190867", "座標Y(2)": "2509766", "有無貼牌": "是", "有無QRCode": "無", "說明": null, "保管人": "沈文忠" }, "geometry": { "type": "Point", "coordinates": [ 120.424631640051444, 22.687335140784043 ] } },
{ "type": "Feature", "properties": { "工程（財產）名稱": "明渠", "工程（財產）別名": "94曾文水庫公共設施整", "財產編號": "1110101-029A 95-0000008", "保管單位": "曾管中心", "入帳日期(購置日期)": "2006-04-28", "清查日期": "2012/11/23", "地籍": "位河川地上,無地籍資料", "座標X(1)": 198406.87, "座標Y(1)": 2569221.23, "座標X(2)": null, "座標Y(2)": null, "有無貼牌": "--", "有無QRCode": "無", "說明": "東口露營區", "保管人": "陳乙震" }, "geometry": { "type": "Point", "coordinates": [ 120.495880040431032, 23.224397991413856 ] } },
{ "type": "Feature", "properties": { "工程（財產）名稱": "明渠", "工程（財產）別名": "莫拉克風災堤防搶修工程G段-砌石溝993.2M", "財產編號": "1110101-029A 00-0000027", "保管單位": "甲仙(堰區)", "入帳日期(購置日期)": "2011-04-15", "清查日期": "2014/03/14", "地籍": "東阿里關421-199號地", "座標X(1)": 207446.3, "座標Y(1)": 2553673.23, "座標X(2)": null, "座標Y(2)": null, "有無貼牌": "是", "有無QRCode": "無", "說明": null, "保管人": "洪瑞隆" }, "geometry": { "type": "Point", "coordinates": [ 120.584635993014984, 23.084252959433229 ] } },
{ "type": "Feature", "properties": { "工程（財產）名稱": "明渠", "工程（財產）別名": "曾文環湖道路邊坡218m", "財產編號": "1110101-029A 00-0000017", "保管單位": "曾管中心", "入帳日期(購置日期)": "2007-12-31", "清查日期": "2012/11/23", "地籍": "嘉義縣大埔鄉大埔段1484-51號地", "座標X(1)": 203190.8, "座標Y(1)": 2571103.48, "座標X(2)": null, "座標Y(2)": null, "有無貼牌": "--", "有無QRCode": "無", "說明": "環湖道路水上樂園附近", "保管人": "陳乙震" }, "geometry": { "type": "Point", "coordinates": [ 120.542565011, 23.24153798882249 ] } },
{ "type": "Feature", "properties": { "工程（財產）名稱": "明渠", "工程（財產）別名": "壩區水保第1期-600M", "財產編號": "1110101-029A 00-0000019", "保管單位": "曾管中心", "入帳日期(購置日期)": "2008-12-31", "清查日期": "2016/05/26", "地籍": "河川區查無地籍資料", "座標X(1)": 198407.0, "座標Y(1)": 2569242.0, "座標X(2)": null, "座標Y(2)": null, "有無貼牌": "--", "有無QRCode": "無", "說明": null, "保管人": "陳乙震" }, "geometry": { "type": "Point", "coordinates": [ 120.495880606502013, 23.224585551263683 ] } },
{ "type": "Feature", "properties": { "工程（財產）名稱": "明渠", "工程（財產）別名": "95曾文崩坍地復育計畫", "財產編號": "1110101-029A 00-0000020", "保管單位": "曾管中心", "入帳日期(購置日期)": "2007-03-26", "清查日期": "2015/06/25", "地籍": "嘉義縣大埔鄉大埔段2169-4號", "座標X(1)": 203309.28, "座標Y(1)": 2571064.9, "座標X(2)": null, "座標Y(2)": null, "有無貼牌": "--", "有無QRCode": "無", "說明": "參觀台附近", "保管人": "周駿宏" }, "geometry": { "type": "Point", "coordinates": [ 120.543723993069094, 23.241192971206978 ] } },
{ "type": "Feature", "properties": { "工程（財產）名稱": "井塔", "工程（財產）別名": "高屏堰上游傍河取用伏流水模場工程", "財產編號": "2020407-0001 00-0000002", "保管單位": "高屏溪攔河堰", "入帳日期(購置日期)": "2015-08-07", "清查日期": "2022/09/23", "地籍": "河川地", "座標X(1)": 192554.0, "座標Y(1)": 2510368.0, "座標X(2)": "192556", "座標Y(2)": "2510374", "有無貼牌": "是", "有無QRCode": "無", "說明": null, "保管人": "吳政彥" }, "geometry": { "type": "Point", "coordinates": [ 120.440882155642797, 22.692738947357313 ] } },
{ "type": "Feature", "properties": { "工程（財產）名稱": "明渠", "工程（財產）別名": "95-茄苳水保工程-70M", "財產編號": "1110101-029A 95-0000011", "保管單位": "養護科", "入帳日期(購置日期)": "2006-12-25", "清查日期": "2014/07/01", "地籍": "嘉義縣大埔鄉大埔段1110號", "座標X(1)": 211522.54, "座標Y(1)": 2571736.49, "座標X(2)": null, "座標Y(2)": null, "有無貼牌": "--", "有無QRCode": "無", "說明": null, "保管人": "吳宗翰" }, "geometry": { "type": "Point", "coordinates": [ 120.623968004822629, 23.247470176775099 ] } },
{ "type": "Feature", "properties": { "工程（財產）名稱": "明渠", "工程（財產）別名": "山美區處理工程-70M", "財產編號": "1110101-029A 95-0000014", "保管單位": "曾管中心", "入帳日期(購置日期)": "2006-12-29", "清查日期": "2014/03/04", "地籍": "嘉義縣阿里山鄉山美段218號", "座標X(1)": 216178.58, "座標Y(1)": 2586730.19, "座標X(2)": null, "座標Y(2)": null, "有無貼牌": "--", "有無QRCode": "無", "說明": "位於129線山美國小附近", "保管人": "陳乙震" }, "geometry": { "type": "Point", "coordinates": [ 120.669134958531004, 23.382968982079277 ] } },
{ "type": "Feature", "properties": { "工程（財產）名稱": "明渠", "工程（財產）別名": "曾文及水區水土保持工程-截水溝-347M", "財產編號": "1110101-029A 00-0000022", "保管單位": "曾管中心", "入帳日期(購置日期)": "2009-12-31", "清查日期": "2012/11/15", "地籍": "台南市東山區下南勢段1138號", "座標X(1)": 198337.19, "座標Y(1)": 2569226.9, "座標X(2)": null, "座標Y(2)": null, "有無貼牌": "--", "有無QRCode": "無", "說明": "東口露營區", "保管人": "周駿宏" }, "geometry": { "type": "Point", "coordinates": [ 120.495199020389805, 23.224447007592623 ] } },
{ "type": "Feature", "properties": { "工程（財產）名稱": "明渠", "工程（財產）別名": "曾文壩區邊坡改善45M2", "財產編號": "1110101-029A 96-0000015", "保管單位": "曾管中心", "入帳日期(購置日期)": "2007-02-09", "清查日期": "2015/02/13", "地籍": "嘉義縣大埔鄉大埔段1484-11號", "座標X(1)": 203363.83, "座標Y(1)": 2571133.61, "座標X(2)": null, "座標Y(2)": null, "有無貼牌": "--", "有無QRCode": "無", "說明": "位於參觀台中正樓邊坡噴漿處", "保管人": "陳乙震" }, "geometry": { "type": "Point", "coordinates": [ 120.544254951748357, 23.241814981503712 ] } },
{ "type": "Feature", "properties": { "工程（財產）名稱": "明渠", "工程（財產）別名": "曾文崩坍地潮州湖處理工程-155.2M", "財產編號": "1110101-029A 00-0000023", "保管單位": "曾管中心", "入帳日期(購置日期)": "2009-12-31", "清查日期": "2014/11/05", "地籍": "嘉義縣番路鄉公田段289號", "座標X(1)": 215962.47, "座標Y(1)": 2592386.32, "座標X(2)": null, "座標Y(2)": null, "有無貼牌": "--", "有無QRCode": "無", "說明": "位於阿里山公路隙頂部落右轉潮州湖", "保管人": "陳乙震" }, "geometry": { "type": "Point", "coordinates": [ 120.666893042645995, 23.434039998883229 ] } },
{ "type": "Feature", "properties": { "工程（財產）名稱": "明渠", "工程（財產）別名": "明渠/田寮區106阿公店水庫邊緣零星工程", "財產編號": "1110101-029C 00-0000539", "保管單位": "阿管中心", "入帳日期(購置日期)": "2018-03-01", "清查日期": "--", "地籍": "狗氤氳段88-2號", "座標X(1)": 187716.0, "座標Y(1)": 2531531.0, "座標X(2)": null, "座標Y(2)": null, "有無貼牌": "--", "有無QRCode": "無", "說明": null, "保管人": "陳煌祥" }, "geometry": { "type": "Point", "coordinates": [ 120.392950927792924, 22.883679347470107 ] } },
{ "type": "Feature", "properties": { "工程（財產）名稱": "明渠", "工程（財產）別名": "排水溝", "財產編號": "1110101-029A 94-0000006", "保管單位": "曾管中心", "入帳日期(購置日期)": "2005-12-30", "清查日期": "2015/07/02", "地籍": "嘉義縣大埔鄉大埔段1484-21號", "座標X(1)": 202921.63, "座標Y(1)": 2569767.04, "座標X(2)": null, "座標Y(2)": null, "有無貼牌": "--", "有無QRCode": "無", "說明": "曾庫公路11.5k處(台三路口附近)", "保管人": "周駿宏" }, "geometry": { "type": "Point", "coordinates": [ 120.539976026022529, 23.229462021960309 ] } },
{ "type": "Feature", "properties": { "工程（財產）名稱": "排樁透水壩", "工程（財產）別名": "排樁透水丁壩-6號", "財產編號": "2020406-003C 00-0000010", "保管單位": "高屏溪攔河堰", "入帳日期(購置日期)": "2011-08-31", "清查日期": "2022/08/19", "地籍": "位河川公地上無地籍資料", "座標X(1)": 194176.0, "座標Y(1)": 2511296.0, "座標X(2)": "194165", "座標Y(2)": "2511386", "有無貼牌": "是", "有無QRCode": "無", "說明": null, "保管人": "許子晏" }, "geometry": { "type": "Point", "coordinates": [ 120.456635361642924, 22.701173779025815 ] } },
{ "type": "Feature", "properties": { "工程（財產）名稱": "排樁透水壩", "工程（財產）別名": "高屏堰堰前導分流工程-386.4M", "財產編號": "2020406-003C 00-0000009", "保管單位": "高屏溪攔河堰", "入帳日期(購置日期)": "2011-06-17", "清查日期": "2022/08/19", "地籍": "位河川公地上無地籍資料", "座標X(1)": 193090.0, "座標Y(1)": 2510174.0, "座標X(2)": "182084", "座標Y(2)": "2509848", "有無貼牌": "是", "有無QRCode": "無", "說明": "放置在右岸河床上,無法前往,故將財產牌貼在左岸辧公室岸邊牆壁上", "保管人": "許子晏" }, "geometry": { "type": "Point", "coordinates": [ 120.446105859023405, 22.691005137260806 ] } },
{ "type": "Feature", "properties": { "工程（財產）名稱": "排樁透水壩", "工程（財產）別名": "102年高屏堰上游左岸4號及6號導流丁壩修復", "財產編號": "2020406-003C 00-0000012", "保管單位": "高屏溪攔河堰", "入帳日期(購置日期)": "2013-12-31", "清查日期": "2022/08/16", "地籍": "屏東縣九如鄉河川公地上無地籍資料", "座標X(1)": 193889.0, "座標Y(1)": 2510738.0, "座標X(2)": "193465", "座標Y(2)": "2511384", "有無貼牌": "是", "有無QRCode": "無", "說明": null, "保管人": "許子晏" }, "geometry": { "type": "Point", "coordinates": [ 120.453861913029144, 22.696125156761571 ] } },
{ "type": "Feature", "properties": { "工程（財產）名稱": "井塔", "工程（財產）別名": "井塔(操控塔)高屏堰上游傍河取用伏流水", "財產編號": "2020407-0001 00-0000004", "保管單位": "高屏溪攔河堰", "入帳日期(購置日期)": "2019-01-18", "清查日期": "2022/08/26", "地籍": "高雄市大樹區高屏溪河川地籍圖第179號", "座標X(1)": 193444.0, "座標Y(1)": 2511401.0, "座標X(2)": "193444", "座標Y(2)": "2511412", "有無貼牌": "是", "有無QRCode": "無", "說明": null, "保管人": "沈文忠" }, "geometry": { "type": "Point", "coordinates": [ 120.449506878583932, 22.702097644892575 ] } },
{ "type": "Feature", "properties": { "工程（財產）名稱": "明渠", "工程（財產）別名": "七星尖山村-224m", "財產編號": "1110101-029A 00-0000016", "保管單位": "阿管中心", "入帳日期(購置日期)": "2007-09-29", "清查日期": "--", "地籍": "(1)高雄市燕巢區尖山段707-22號(2)尖山段768-3號", "座標X(1)": 185351.547, "座標Y(1)": 2523070.217, "座標X(2)": "184857.288", "座標Y(2)": "2523070.217", "有無貼牌": "--", "有無QRCode": "無", "說明": "X(3):187984.416 Y(3):2524856.583(田寮區水蛙潭段323-201地號)", "保管人": "李冠緯" }, "geometry": { "type": "Point", "coordinates": [ 120.370258799441572, 22.80718575313028 ] } },
{ "type": "Feature", "properties": { "工程（財產）名稱": "明渠", "工程（財產）別名": "明渠/110牡丹水庫週邊零星工程", "財產編號": "1110101-029C 00-0000578", "保管單位": "牡管中心", "入帳日期(購置日期)": "2022-05-27", "清查日期": "--", "地籍": null, "座標X(1)": 234178.0, "座標Y(1)": 2453766.0, "座標X(2)": null, "座標Y(2)": null, "有無貼牌": "--", "有無QRCode": "無", "說明": null, "保管人": "賴冠吾" }, "geometry": { "type": "Point", "coordinates": [ 120.846566088141032, 22.182449644580412 ] } },
{ "type": "Feature", "properties": { "工程（財產）名稱": "明渠", "工程（財產）別名": "明渠/110牡丹水庫週邊零星工程", "財產編號": "1110101-029C 00-0000577", "保管單位": "牡管中心", "入帳日期(購置日期)": "2022-05-27", "清查日期": "--", "地籍": null, "座標X(1)": 233285.0, "座標Y(1)": 2452950.0, "座標X(2)": null, "座標Y(2)": null, "有無貼牌": "--", "有無QRCode": "無", "說明": null, "保管人": "賴冠吾" }, "geometry": { "type": "Point", "coordinates": [ 120.837914693220711, 22.175071455162009 ] } },
{ "type": "Feature", "properties": { "工程（財產）名稱": "明渠", "工程（財產）別名": "明渠/110牡丹水庫週邊零星工程", "財產編號": "1110101-029C 00-0000576", "保管單位": "牡管中心", "入帳日期(購置日期)": "2022-05-27", "清查日期": "--", "地籍": null, "座標X(1)": 233147.0, "座標Y(1)": 2452969.0, "座標X(2)": null, "座標Y(2)": null, "有無貼牌": "--", "有無QRCode": "無", "說明": null, "保管人": "賴冠吾" }, "geometry": { "type": "Point", "coordinates": [ 120.8365763134166, 22.175241719778711 ] } },
{ "type": "Feature", "properties": { "工程（財產）名稱": "明渠", "工程（財產）別名": "105年阿公店水庫集水區保持工程明渠", "財產編號": "1110101-029C 00-0000463", "保管單位": "阿管中心", "入帳日期(購置日期)": "2017-01-30", "清查日期": "2019/06/21", "地籍": "高雄市燕巢區尖山段1065號地", "座標X(1)": 184322.0, "座標Y(1)": 2524279.0, "座標X(2)": null, "座標Y(2)": null, "有無貼牌": "--", "有無QRCode": "無", "說明": null, "保管人": "陳煌祥" }, "geometry": { "type": "Point", "coordinates": [ 120.360179469749312, 22.818061600222958 ] } },
{ "type": "Feature", "properties": { "工程（財產）名稱": "明渠", "工程（財產）別名": "105年阿公店水庫集水區保持工程明渠", "財產編號": "1110101-029C 00-0000461", "保管單位": "阿管中心", "入帳日期(購置日期)": "2017-01-30", "清查日期": "2019/06/21", "地籍": "高雄市燕巢區千秋寮段131號", "座標X(1)": 186905.0, "座標Y(1)": 2522625.0, "座標X(2)": null, "座標Y(2)": null, "有無貼牌": "--", "有無QRCode": "無", "說明": null, "保管人": "陳煌祥" }, "geometry": { "type": "Point", "coordinates": [ 120.385408352377326, 22.8032243012515 ] } },
{ "type": "Feature", "properties": { "工程（財產）名稱": "明渠", "工程（財產）別名": "明渠106曾文水庫週邊零星工程", "財產編號": "1110101-029C 00-0000513", "保管單位": "養護科", "入帳日期(購置日期)": "2018-03-31", "清查日期": "2019/10/01", "地籍": "嘉義縣阿里山鄉南美段67及67-8等2筆地號", "座標X(1)": 216471.0, "座標Y(1)": 2585733.0, "座標X(2)": "216482", "座標Y(2)": "2585733", "有無貼牌": "--", "有無QRCode": "無", "說明": null, "保管人": "吳宗翰" }, "geometry": { "type": "Point", "coordinates": [ 120.672017739656681, 23.373970228344568 ] } },
{ "type": "Feature", "properties": { "工程（財產）名稱": "明渠", "工程（財產）別名": "明渠/108高屏溪上游週邊零星工程", "財產編號": "1110101-029C 00-0000535", "保管單位": "高屏溪攔河堰", "入帳日期(購置日期)": "2020-02-06", "清查日期": "2020/04/01", "地籍": "興和段313-13地號等1筆", "座標X(1)": 192538.0, "座標Y(1)": 2513465.0, "座標X(2)": "192510", "座標Y(2)": "2513465", "有無貼牌": "--", "有無QRCode": "無", "說明": null, "保管人": "沈文忠" }, "geometry": { "type": "Point", "coordinates": [ 120.440612835074361, 22.720706286295517 ] } },
{ "type": "Feature", "properties": { "工程（財產）名稱": "明渠", "工程（財產）別名": "明渠/108高屏溪上游週邊零星工程", "財產編號": "1110101-029C 00-0000534", "保管單位": "高屏溪攔河堰", "入帳日期(購置日期)": "2020-02-06", "清查日期": "2024/12/19", "地籍": "埔尾段189地號等1筆土地", "座標X(1)": 191680.0, "座標Y(1)": 2510404.0, "座標X(2)": "191678", "座標Y(2)": "2510407", "有無貼牌": "是", "有無QRCode": "無", "說明": null, "保管人": "沈文忠" }, "geometry": { "type": "Point", "coordinates": [ 120.432374555122678, 22.693034109407815 ] } },
{ "type": "Feature", "properties": { "工程（財產）名稱": "明渠", "工程（財產）別名": "明渠/108高屏溪上游週邊零星工程", "財產編號": "1110101-029C 00-0000533", "保管單位": "高屏溪攔河堰", "入帳日期(購置日期)": "2020-02-06", "清查日期": "2024/12/19", "地籍": "龍目段104地號等1筆土地", "座標X(1)": 190998.0, "座標Y(1)": 2510256.0, "座標X(2)": "190997", "座標Y(2)": "2510275", "有無貼牌": "是", "有無QRCode": "無", "說明": null, "保管人": "沈文忠" }, "geometry": { "type": "Point", "coordinates": [ 120.425742510194098, 22.691673898270771 ] } },
{ "type": "Feature", "properties": { "工程（財產）名稱": "排樁透水壩", "工程（財產）別名": "高屏堰蓄水範圍中游導流順壩工程-排樁透水", "財產編號": "2020406-003C 00-0000013", "保管單位": "高屏溪攔河堰", "入帳日期(購置日期)": "2014-08-06", "清查日期": "2022/08/19", "地籍": "無地籍資料", "座標X(1)": 194506.0, "座標Y(1)": 2513320.0, "座標X(2)": "193819", "座標Y(2)": "2513347", "有無貼牌": "是", "有無QRCode": "無", "說明": "因連日午後或不定時下雨,人無法進去", "保管人": "許子晏" }, "geometry": { "type": "Point", "coordinates": [ 120.459775603526012, 22.719462714204695 ] } },
{ "type": "Feature", "properties": { "工程（財產）名稱": "明渠", "工程（財產）別名": "106年曾文水庫週邊零星工程", "財產編號": "1110101-029C 00-0000464", "保管單位": "養護科", "入帳日期(購置日期)": "2018-02-09", "清查日期": "2019/10/01", "地籍": "大埔段1425地號", "座標X(1)": 207277.0, "座標Y(1)": 2572186.0, "座標X(2)": null, "座標Y(2)": null, "有無貼牌": "--", "有無QRCode": "無", "說明": "U型明溝 U型暗溝 A2集水井", "保管人": "吳宗翰" }, "geometry": { "type": "Point", "coordinates": [ 120.582465422947621, 23.251424553612235 ] } },
{ "type": "Feature", "properties": { "工程（財產）名稱": "明渠", "工程（財產）別名": "明渠(含集水井)", "財產編號": "1110101-029C 00-0000531", "保管單位": "養護科", "入帳日期(購置日期)": "2019-03-31", "清查日期": "--", "地籍": "嘉義縣阿里山鄉樂野段603號", "座標X(1)": 221101.0, "座標Y(1)": 2592911.0, "座標X(2)": null, "座標Y(2)": null, "有無貼牌": "--", "有無QRCode": "無", "說明": "工區E", "保管人": "吳宗翰" }, "geometry": { "type": "Point", "coordinates": [ 120.71717046726684, 23.438877113465782 ] } },
{ "type": "Feature", "properties": { "工程（財產）名稱": "明渠", "工程（財產）別名": "106年曾文水庫週邊零星工程", "財產編號": "1110101-029C 00-0000465", "保管單位": "養護科", "入帳日期(購置日期)": "2018-02-09", "清查日期": "2019/10/01", "地籍": "大埔段1207號、埔東段39號", "座標X(1)": 209587.0, "座標Y(1)": 2573323.0, "座標X(2)": null, "座標Y(2)": null, "有無貼牌": "--", "有無QRCode": "無", "說明": "A1擋土牆：51m U型明溝：46m A3集水井：8m 護坡 跌水工", "保管人": "吳宗翰" }, "geometry": { "type": "Point", "coordinates": [ 120.605010524706728, 23.261750310731838 ] } },
{ "type": "Feature", "properties": { "工程（財產）名稱": "公廁", "工程（財產）別名": "阿管園區廁所涼亭新建", "財產編號": "2020202-006A 00-0000008", "保管單位": "阿管中心", "入帳日期(購置日期)": "2008-04-16", "清查日期": "2025/01/21", "地籍": "高雄市燕巢區瓊東段572,231號", "座標X(1)": 183110.0, "座標Y(1)": 2522708.0, "座標X(2)": "183951", "座標Y(2)": "2522568", "有無貼牌": "是", "有無QRCode": "有", "說明": null, "保管人": "林堉介" }, "geometry": { "type": "Point", "coordinates": [ 120.348440489773097, 22.803827059872056 ] } },
{ "type": "Feature", "properties": { "工程（財產）名稱": "公廁", "工程（財產）別名": "廁所", "財產編號": "2020202-006A 00-0000009", "保管單位": "高屏溪攔河堰", "入帳日期(購置日期)": "2009-03-31", "清查日期": "2025/02/27", "地籍": "位河川公地上無地籍資料", "座標X(1)": 191993.0, "座標Y(1)": 2509825.0, "座標X(2)": "191996", "座標Y(2)": "2509833", "有無貼牌": "是", "有無QRCode": "有", "說明": null, "保管人": "沈文忠" }, "geometry": { "type": "Point", "coordinates": [ 120.435442273116166, 22.68781613931305 ] } },
{ "type": "Feature", "properties": { "工程（財產）名稱": "營業處所房屋", "工程（財產）別名": "風吹嶺旅遊服務站房(曾管保管)", "財產編號": "2010202-001D 00-0000001", "保管單位": "曾管中心", "入帳日期(購置日期)": "1985-11-01", "清查日期": "2022/03/15", "地籍": "嘉義縣大埔鄉大埔段2170號", "座標X(1)": 203193.18, "座標Y(1)": 2570755.0, "座標X(2)": "203189", "座標Y(2)": "2570750", "有無貼牌": "是", "有無QRCode": "無", "說明": null, "保管人": "黃冠璋" }, "geometry": { "type": "Point", "coordinates": [ 120.542598995800248, 23.238391221781537 ] } },
{ "type": "Feature", "properties": { "工程（財產）名稱": "護岸", "工程（財產）別名": "護岸107高屏溪攔河堰上游週邊環境委辦零星", "財產編號": "1110102-008C 00-0000006", "保管單位": "高屏溪攔河堰", "入帳日期(購置日期)": "2019-02-25", "清查日期": "2019/02/25", "地籍": "溪埔段89,88,88-1,154-13地號等4筆", "座標X(1)": 191868.0, "座標Y(1)": 2524126.0, "座標X(2)": "191922", "座標Y(2)": "2517705", "有無貼牌": "是", "有無QRCode": "無", "說明": null, "保管人": "沈文忠" }, "geometry": { "type": "Point", "coordinates": [ 120.433693698523427, 22.816958098089646 ] } },
{ "type": "Feature", "properties": { "工程（財產）名稱": "明渠", "工程（財產）別名": "高屏溪攔河上游週邊環境委辦工程-北區", "財產編號": "1110101-029C 00-0000342", "保管單位": "高屏溪攔河堰", "入帳日期(購置日期)": "2014-03-17", "清查日期": "2024/11/29", "地籍": "高雄市大樹區洲仔段(無地籍資料)", "座標X(1)": 193323.0, "座標Y(1)": 2518602.0, "座標X(2)": "193363", "座標Y(2)": "2518602", "有無貼牌": "是", "有無QRCode": "無", "說明": "X:193335.36;Y2518535.95", "保管人": "沈文忠" }, "geometry": { "type": "Point", "coordinates": [ 120.448068219091297, 22.767123062655045 ] } },
{ "type": "Feature", "properties": { "工程（財產）名稱": "明渠", "工程（財產）別名": "103年曾文水庫湖域保護帶治理工程第二期", "財產編號": "1110101-029C 00-0000401", "保管單位": "曾管中心", "入帳日期(購置日期)": "2015-05-08", "清查日期": "--", "地籍": "高雄市那瑪夏區達悟芒段2號", "座標X(1)": 213562.0, "座標Y(1)": 2577031.0, "座標X(2)": null, "座標Y(2)": null, "有無貼牌": "--", "有無QRCode": "無", "說明": null, "保管人": "陳乙震" }, "geometry": { "type": "Point", "coordinates": [ 120.643771806345015, 23.295327374298257 ] } },
{ "type": "Feature", "properties": { "工程（財產）名稱": "明渠", "工程（財產）別名": "截水溝(F工區)-4M", "財產編號": "1110101-029C 00-0000044", "保管單位": "養護科", "入帳日期(購置日期)": "2009-05-26", "清查日期": "2014/04/10", "地籍": "嘉義縣阿里山鄉茶西段20號", "座標X(1)": 215834.0, "座標Y(1)": 2579457.52, "座標X(2)": "215821.47", "座標Y(2)": "2579457.52", "有無貼牌": "--", "有無QRCode": "無", "說明": null, "保管人": "吳宗翰" }, "geometry": { "type": "Point", "coordinates": [ 120.665928494506034, 23.317288286333834 ] } },
{ "type": "Feature", "properties": { "工程（財產）名稱": "明渠", "工程（財產）別名": "木梓山等零星工程-74M", "財產編號": "1110101-029C 00-0000056", "保管單位": "阿管中心", "入帳日期(購置日期)": "2009-12-02", "清查日期": "2014/08/19", "地籍": "高雄市田寮區牛稠埔段543號", "座標X(1)": 185245.0, "座標Y(1)": 2525329.39, "座標X(2)": "185274.36", "座標Y(2)": "2525329.39", "有無貼牌": "--", "有無QRCode": "無", "說明": null, "保管人": "林堉介" }, "geometry": { "type": "Point", "coordinates": [ 120.369127006056416, 22.827582873451227 ] } },
{ "type": "Feature", "properties": { "工程（財產）名稱": "明渠", "工程（財產）別名": "明渠/109年曾文水庫周邊零星工程", "財產編號": "1110101-029A 00-0000035", "保管單位": "養護科", "入帳日期(購置日期)": "2020-11-25", "清查日期": "2021/04/21", "地籍": "嘉義縣阿里山鄉達邦段", "座標X(1)": 222114.0, "座標Y(1)": 2592414.0, "座標X(2)": "222142", "座標Y(2)": "2592414", "有無貼牌": "--", "有無QRCode": "無", "說明": null, "保管人": "吳宗翰" }, "geometry": { "type": "Point", "coordinates": [ 120.727093649639471, 23.434406784171276 ] } },
{ "type": "Feature", "properties": { "工程（財產）名稱": "站場", "工程（財產）別名": "警衛管理房新建工程", "財產編號": "1110101-001A 91-0000001", "保管單位": "曾管中心", "入帳日期(購置日期)": "2000-12-31", "清查日期": "2014/06/10", "地籍": "台南市東山區笳令九湖段53號", "座標X(1)": 198985.54, "座標Y(1)": 2569849.35, "座標X(2)": null, "座標Y(2)": null, "有無貼牌": "--", "有無QRCode": "無", "說明": "位於東口露營區", "保管人": "陳乙震" }, "geometry": { "type": "Point", "coordinates": [ 120.501513039109, 23.230088027768669 ] } },
{ "type": "Feature", "properties": { "工程（財產）名稱": "箱涵", "工程（財產）別名": "箱涵/101年曾文水庫週邊零星工程", "財產編號": "1110101-028A 00-0000582", "保管單位": "養護科", "入帳日期(購置日期)": "2013-01-08", "清查日期": "2020/09/23", "地籍": "特富野段37-2號", "座標X(1)": 226761.0, "座標Y(1)": 2595851.0, "座標X(2)": null, "座標Y(2)": null, "有無貼牌": "--", "有無QRCode": "無", "說明": null, "保管人": "吳宗翰" }, "geometry": { "type": "Point", "coordinates": [ 120.772518066977881, 23.465516272761718 ] } },
{ "type": "Feature", "properties": { "工程（財產）名稱": "箱涵", "工程（財產）別名": "箱涵/101年曾文水庫週邊零星工程", "財產編號": "1110101-028A 00-0000581", "保管單位": "養護科", "入帳日期(購置日期)": "2013-01-08", "清查日期": "2020/09/23", "地籍": "特富野段9002-2號", "座標X(1)": 227713.0, "座標Y(1)": 2595992.0, "座標X(2)": null, "座標Y(2)": null, "有無貼牌": "--", "有無QRCode": "無", "說明": null, "保管人": "吳宗翰" }, "geometry": { "type": "Point", "coordinates": [ 120.781834858703903, 23.466802834651055 ] } },
{ "type": "Feature", "properties": { "工程（財產）名稱": "箱涵", "工程（財產）別名": "104年曾文水庫週邊零星工程", "財產編號": "1110101-028A 00-0000434", "保管單位": "養護科", "入帳日期(購置日期)": "2015-12-31", "清查日期": "2019/10/01", "地籍": "嘉義縣大埔鄉大埔段1200,1201號", "座標X(1)": 208972.0, "座標Y(1)": 2574875.0, "座標X(2)": null, "座標Y(2)": null, "有無貼牌": "--", "有無QRCode": "無", "說明": null, "保管人": "吳宗翰" }, "geometry": { "type": "Point", "coordinates": [ 120.598957793287738, 23.275749956453286 ] } },
{ "type": "Feature", "properties": { "工程（財產）名稱": "箱涵", "工程（財產）別名": "箱涵/102曾文水庫週邊零星工程", "財產編號": "1110101-028A 00-0000579", "保管單位": "養護科", "入帳日期(購置日期)": "2013-11-26", "清查日期": "2020/09/23", "地籍": "樂野段76-30地號", "座標X(1)": 219752.0, "座標Y(1)": 2596771.0, "座標X(2)": null, "座標Y(2)": null, "有無貼牌": "--", "有無QRCode": "無", "說明": null, "保管人": "吳宗翰" }, "geometry": { "type": "Point", "coordinates": [ 120.703890457091973, 23.473708790466102 ] } },
{ "type": "Feature", "properties": { "工程（財產）名稱": "護岸", "工程（財產）別名": "曾文水保(達邦區)", "財產編號": "1110102-008A 93-0000007", "保管單位": "曾管中心", "入帳日期(購置日期)": "2004-12-31", "清查日期": "2013/06/14", "地籍": "嘉義縣阿里山鄉特富野段53-1號", "座標X(1)": 225702.81, "座標Y(1)": 2596084.13, "座標X(2)": null, "座標Y(2)": null, "有無貼牌": "是", "有無QRCode": "無", "說明": "特富野村", "保管人": "連偉成" }, "geometry": { "type": "Point", "coordinates": [ 120.762155951608108, 23.467606014218457 ] } },
{ "type": "Feature", "properties": { "工程（財產）名稱": "箱涵", "工程（財產）別名": "箱涵/101年曾文水庫週邊零星工程", "財產編號": "1110101-028A 00-0000580", "保管單位": "養護科", "入帳日期(購置日期)": "2013-01-08", "清查日期": "2020/09/23", "地籍": "樂野段387地號", "座標X(1)": 218799.0, "座標Y(1)": 2595186.0, "座標X(2)": null, "座標Y(2)": null, "有無貼牌": "--", "有無QRCode": "無", "說明": null, "保管人": "吳宗翰" }, "geometry": { "type": "Point", "coordinates": [ 120.694594202109798, 23.459378131322207 ] } },
{ "type": "Feature", "properties": { "工程（財產）名稱": "箱涵", "工程（財產）別名": "箱涵/104曾文水庫改善工程楠西區第二期", "財產編號": "1110101-028A 00-0000583", "保管單位": "曾管中心", "入帳日期(購置日期)": "2015-12-30", "清查日期": "2020/12/09", "地籍": "台南市楠西區密枝段629號", "座標X(1)": 200185.33, "座標Y(1)": 2568611.19, "座標X(2)": null, "座標Y(2)": null, "有無貼牌": "--", "有無QRCode": "無", "說明": "位置楠西區密枝鹽水掘", "保管人": "周駿宏" }, "geometry": { "type": "Point", "coordinates": [ 120.513276964780161, 23.218943996506152 ] } },
{ "type": "Feature", "properties": { "工程（財產）名稱": "箱涵", "工程（財產）別名": "104年曾文水庫週邊零星工程", "財產編號": "1110101-028A 00-0000436", "保管單位": "養護科", "入帳日期(購置日期)": "2015-12-31", "清查日期": "--", "地籍": null, "座標X(1)": 211234.0, "座標Y(1)": 2577631.0, "座標X(2)": null, "座標Y(2)": null, "有無貼牌": "--", "有無QRCode": "無", "說明": null, "保管人": "吳宗翰" }, "geometry": { "type": "Point", "coordinates": [ 120.62099764747218, 23.300692151387967 ] } },
{ "type": "Feature", "properties": { "工程（財產）名稱": "箱涵", "工程（財產）別名": "106年曾文水庫週邊零星工程", "財產編號": "1110101-028A 00-0000439", "保管單位": "養護科", "入帳日期(購置日期)": "2018-02-09", "清查日期": "2018/02/09", "地籍": "大埔段1460-10地號", "座標X(1)": 204446.0, "座標Y(1)": 2570464.0, "座標X(2)": null, "座標Y(2)": null, "有無貼牌": "--", "有無QRCode": "無", "說明": "L型擋土牆 塊狀護欄", "保管人": "吳宗翰" }, "geometry": { "type": "Point", "coordinates": [ 120.55485010710467, 23.235798594330106 ] } },
{ "type": "Feature", "properties": { "工程（財產）名稱": "箱涵", "工程（財產）別名": "106 年度曾文水庫週邊零星工程", "財產編號": "1110101-028A 00-0000440", "保管單位": "養護科", "入帳日期(購置日期)": "2018-02-09", "清查日期": "2018/02/09", "地籍": "豬稠湖段1號,頂坪林段56號", "座標X(1)": 212213.0, "座標Y(1)": 2572273.0, "座標X(2)": null, "座標Y(2)": null, "有無貼牌": "--", "有無QRCode": "無", "說明": "護坡61.4m A4集水井：7m 箱涵 簡易護欄 土石籠", "保管人": "吳宗翰" }, "geometry": { "type": "Point", "coordinates": [ 120.630702273214126, 23.252331009650437 ] } },
{ "type": "Feature", "properties": { "工程（財產）名稱": "箱涵", "工程（財產）別名": "104年曾文水庫週邊零星工程", "財產編號": "1110101-028A 00-0000437", "保管單位": "養護科", "入帳日期(購置日期)": "2015-12-31", "清查日期": "2019/10/01", "地籍": "嘉義縣大埔鄉大埔段1199號", "座標X(1)": 209126.0, "座標Y(1)": 2575017.0, "座標X(2)": null, "座標Y(2)": null, "有無貼牌": "--", "有無QRCode": "無", "說明": null, "保管人": "吳宗翰" }, "geometry": { "type": "Point", "coordinates": [ 120.600459265668846, 23.277036084079342 ] } },
{ "type": "Feature", "properties": { "工程（財產）名稱": "大門", "工程（財產）別名": "門", "財產編號": "2020202-021A 00-0000007", "保管單位": "曾管中心", "入帳日期(購置日期)": "2017-11-28", "清查日期": "--", "地籍": "嘉義縣大埔鄉柳藤潭段11-12地號", "座標X(1)": 202615.3, "座標Y(1)": 2572099.51, "座標X(2)": null, "座標Y(2)": null, "有無貼牌": "--", "有無QRCode": "無", "說明": "曾文水庫操作控制室新設鋁鋼構門", "保管人": "司徒美惠" }, "geometry": { "type": "Point", "coordinates": [ 120.536910126178199, 23.250515824646591 ] } },
{ "type": "Feature", "properties": { "工程（財產）名稱": "箱涵", "工程（財產）別名": "104年曾文水庫週邊零星工程", "財產編號": "1110101-028A 00-0000435", "保管單位": "養護科", "入帳日期(購置日期)": "2015-12-31", "清查日期": "2019/10/01", "地籍": "嘉義縣大埔鄉頂坪林段5號", "座標X(1)": 211359.0, "座標Y(1)": 2572045.0, "座標X(2)": null, "座標Y(2)": null, "有無貼牌": "--", "有無QRCode": "無", "說明": null, "保管人": "吳宗翰" }, "geometry": { "type": "Point", "coordinates": [ 120.622361946193465, 23.250252266988017 ] } },
{ "type": "Feature", "properties": { "工程（財產）名稱": "上承橋樑", "工程（財產）別名": "橋樑-壩區二期處理工", "財產編號": "1110101-013A 93-0000002", "保管單位": "曾管中心", "入帳日期(購置日期)": "2004-07-25", "清查日期": "2012/11/27", "地籍": "台南市東山區下南勢段1136號", "座標X(1)": 198921.08, "座標Y(1)": 2569675.04, "座標X(2)": null, "座標Y(2)": null, "有無貼牌": "--", "有無QRCode": "無", "說明": "東口露營區", "保管人": "陳乙震" }, "geometry": { "type": "Point", "coordinates": [ 120.500889039768225, 23.228511986977896 ] } },
{ "type": "Feature", "properties": { "工程（財產）名稱": "明渠", "工程（財產）別名": "103年曾文水庫週邊零星工程", "財產編號": "1110101-029C 00-0000395", "保管單位": "養護科", "入帳日期(購置日期)": "2014-12-26", "清查日期": "2019/10/01", "地籍": "嘉義縣大埔鄉草嶺段5號", "座標X(1)": 208387.0, "座標Y(1)": 2572513.0, "座標X(2)": null, "座標Y(2)": null, "有無貼牌": "--", "有無QRCode": "無", "說明": null, "保管人": "吳宗翰" }, "geometry": { "type": "Point", "coordinates": [ 120.59330435324145, 23.254405896858948 ] } },
{ "type": "Feature", "properties": { "工程（財產）名稱": "明渠", "工程（財產）別名": "103曾文水庫週邊零星工程(永樂)", "財產編號": "1110101-029C 00-0000399", "保管單位": "養護科", "入帳日期(購置日期)": "2015-01-16", "清查日期": "2019/10/01", "地籍": "嘉義縣大埔鄉大埔段605號", "座標X(1)": 206790.0, "座標Y(1)": 2580021.0, "座標X(2)": null, "座標Y(2)": null, "有無貼牌": "--", "有無QRCode": "無", "說明": null, "保管人": "吳宗翰" }, "geometry": { "type": "Point", "coordinates": [ 120.577482809912695, 23.322163148406151 ] } },
{ "type": "Feature", "properties": { "工程（財產）名稱": "明渠", "工程（財產）別名": "山美村第2鄰社區及茶山村青峰農路排水改善", "財產編號": "1110101-029C 00-0000313", "保管單位": "養護科", "入帳日期(購置日期)": "2012-02-03", "清查日期": "2019/10/01", "地籍": "嘉義縣阿里山鄉山美段137-1號", "座標X(1)": 215822.0, "座標Y(1)": 2587434.0, "座標X(2)": null, "座標Y(2)": null, "有無貼牌": "--", "有無QRCode": "無", "說明": null, "保管人": "吳宗翰" }, "geometry": { "type": "Point", "coordinates": [ 120.665630737904124, 23.389317065952184 ] } },
{ "type": "Feature", "properties": { "工程（財產）名稱": "明渠", "工程（財產）別名": "101年高屏溪攔河堰上游週邊環境委辦零星工", "財產編號": "1110101-029C 00-0000321", "保管單位": "高屏溪攔河堰", "入帳日期(購置日期)": "2013-12-30", "清查日期": "2024/06/25", "地籍": "高雄市大樹區埔尾段238號~19號", "座標X(1)": 191797.0, "座標Y(1)": 2510430.0, "座標X(2)": "191800", "座標Y(2)": "2510436", "有無貼牌": "是", "有無QRCode": "無", "說明": null, "保管人": "沈文忠" }, "geometry": { "type": "Point", "coordinates": [ 120.433512301767351, 22.69327294046693 ] } },
{ "type": "Feature", "properties": { "工程（財產）名稱": "明渠", "工程（財產）別名": "102年阿公店水庫集水區水土保持零星工程-燕", "財產編號": "1110101-029C 00-0000336", "保管單位": "阿管中心", "入帳日期(購置日期)": "2014-01-09", "清查日期": "2019/06/21", "地籍": "高雄市燕巢區千秋寮段207-17號", "座標X(1)": 188273.53, "座標Y(1)": 2523779.05, "座標X(2)": "185199.98", "座標Y(2)": "2523779.05", "有無貼牌": "--", "有無QRCode": "無", "說明": null, "保管人": "陳煌祥" }, "geometry": { "type": "Point", "coordinates": [ 120.398692535272119, 22.813696720122437 ] } },
{ "type": "Feature", "properties": { "工程（財產）名稱": "明渠", "工程（財產）別名": "明渠-排水溝-31M", "財產編號": "1110101-029C 00-0000079", "保管單位": "阿管中心", "入帳日期(購置日期)": "2010-12-21", "清查日期": "2014/08/26", "地籍": "高雄市田寮區牛稠埔段240號", "座標X(1)": 184484.78, "座標Y(1)": 2526134.52, "座標X(2)": null, "座標Y(2)": null, "有無貼牌": "--", "有無QRCode": "無", "說明": null, "保管人": "林堉介" }, "geometry": { "type": "Point", "coordinates": [ 120.361687037722831, 22.83482399253624 ] } },
{ "type": "Feature", "properties": { "工程（財產）名稱": "明渠", "工程（財產）別名": "101年高屏溪攔河堰上游週邊環境委辦零星工", "財產編號": "1110101-029C 00-0000327", "保管單位": "高屏溪攔河堰", "入帳日期(購置日期)": "2013-12-30", "清查日期": "2024/06/25", "地籍": "高雄市大樹區龍目段249號~247號", "座標X(1)": 190789.0, "座標Y(1)": 2510401.0, "座標X(2)": "190812", "座標Y(2)": "2510435", "有無貼牌": "是", "有無QRCode": "無", "說明": null, "保管人": "沈文忠" }, "geometry": { "type": "Point", "coordinates": [ 120.423702947882717, 22.69297602838504 ] } },
{ "type": "Feature", "properties": { "工程（財產）名稱": "路燈", "工程（財產）別名": "路燈", "財產編號": "2020202-012B 00-0000080", "保管單位": "阿管中心", "入帳日期(購置日期)": "2010-12-31", "清查日期": "2022/09/08", "地籍": "高雄市田寮區牛稠埔段253-124號", "座標X(1)": 184206.0, "座標Y(1)": 2526517.0, "座標X(2)": null, "座標Y(2)": null, "有無貼牌": "是", "有無QRCode": "無", "說明": null, "保管人": "陳煌祥" }, "geometry": { "type": "Point", "coordinates": [ 120.358954841413706, 22.838267014851777 ] } },
{ "type": "Feature", "properties": { "工程（財產）名稱": "路燈", "工程（財產）別名": "路燈", "財產編號": "2020202-012B 00-0000041", "保管單位": "曾管中心", "入帳日期(購置日期)": "2009-12-31", "清查日期": "2012/10/18", "地籍": "台南市東山區下南勢段1137號", "座標X(1)": 198582.86, "座標Y(1)": 2569299.47, "座標X(2)": "198545", "座標Y(2)": "2569322", "有無貼牌": "是", "有無QRCode": "無", "說明": "東口露營區", "保管人": "邱玟融" }, "geometry": { "type": "Point", "coordinates": [ 120.497596955953568, 23.225110013472445 ] } },
{ "type": "Feature", "properties": { "工程（財產）名稱": "路燈", "工程（財產）別名": "路燈", "財產編號": "2020202-012B 00-0000057", "保管單位": "曾管中心", "入帳日期(購置日期)": "2009-12-31", "清查日期": "2021/09/16", "地籍": null, "座標X(1)": 198850.12, "座標Y(1)": 2569577.17, "座標X(2)": "198842", "座標Y(2)": "2569581", "有無貼牌": "是", "有無QRCode": "無", "說明": "東口露營區", "保管人": "邱玟融" }, "geometry": { "type": "Point", "coordinates": [ 120.500198973916056, 23.227626004997415 ] } },
{ "type": "Feature", "properties": { "工程（財產）名稱": "路燈", "工程（財產）別名": "路燈", "財產編號": "2020202-012B 00-0000043", "保管單位": "曾管中心", "入帳日期(購置日期)": "2009-12-31", "清查日期": "2022/11/14", "地籍": "台南市東山區下南勢段1137號", "座標X(1)": 198618.49, "座標Y(1)": 2569363.91, "座標X(2)": "198532", "座標Y(2)": "2569311", "有無貼牌": "是", "有無QRCode": "無", "說明": "東口露營區", "保管人": "邱玟融" }, "geometry": { "type": "Point", "coordinates": [ 120.497942914861611, 23.225693027277792 ] } },
{ "type": "Feature", "properties": { "工程（財產）名稱": "路燈", "工程（財產）別名": "路燈", "財產編號": "2020202-012B 00-0000047", "保管單位": "曾管中心", "入帳日期(購置日期)": "2009-12-31", "清查日期": "2022/11/14", "地籍": "台南市東山鄉下南勢段1134號及無宗地資料", "座標X(1)": 198652.59, "座標Y(1)": 2569484.05, "座標X(2)": "198572", "座標Y(2)": "2569303", "有無貼牌": "是", "有無QRCode": "無", "說明": "東口露營區", "保管人": "邱玟融" }, "geometry": { "type": "Point", "coordinates": [ 120.498272047711325, 23.226778970852131 ] } },
{ "type": "Feature", "properties": { "工程（財產）名稱": "圍牆", "工程（財產）別名": "圍牆/不動產廠房及設備/土地改良物", "財產編號": "1110102-002B 00-0000007", "保管單位": "甲仙攔河堰管理中心", "入帳日期(購置日期)": "2020-12-22", "清查日期": "2021/06/18", "地籍": null, "座標X(1)": 207380.0, "座標Y(1)": 2553513.0, "座標X(2)": "207476", "座標Y(2)": "2553514", "有無貼牌": "是", "有無QRCode": "無", "說明": "圍籬座標207380,2553363 鐵門座標207477,2553513", "保管人": "周豊茂" }, "geometry": { "type": "Point", "coordinates": [ 120.583993308261796, 23.082804314910469 ] } },
{ "type": "Feature", "properties": { "工程（財產）名稱": "圍牆", "工程（財產）別名": "阿公店越域排洪道圍籬", "財產編號": "1110102-002B 00-0000003", "保管單位": "阿管中心", "入帳日期(購置日期)": "2005-12-09", "清查日期": "2022/12/16", "地籍": "高雄市田寮區大崗山段128", "座標X(1)": 183337.0, "座標Y(1)": 2526832.0, "座標X(2)": null, "座標Y(2)": null, "有無貼牌": "是", "有無QRCode": "無", "說明": "在兩處貼牌之座標:1. X184286 Y2526651 位高市田竂區牛稠埔段207-2號地上 相片2張:768858. jpg及768859.jpg 2. X184274 Y2526620 位高市田竂區牛稠埔段207號地上 相片2張:768860.jpg及768862.jpg", "保管人": "陳煌祥" }, "geometry": { "type": "Point", "coordinates": [ 120.350474898238375, 22.841077266652917 ] } },
{ "type": "Feature", "properties": { "工程（財產）名稱": "圍牆", "工程（財產）別名": "鍍鋅鋼棒格柵箱型石籠", "財產編號": "1110102-002B 92-0000001", "保管單位": "曾管中心", "入帳日期(購置日期)": "2003-12-30", "清查日期": "2014/06/20", "地籍": "嘉義縣阿里山鄉里佳段12號", "座標X(1)": 220636.83, "座標Y(1)": 2588953.5, "座標X(2)": null, "座標Y(2)": null, "有無貼牌": "--", "有無QRCode": "無", "說明": "里佳部落下方產業道路", "保管人": "陳乙震" }, "geometry": { "type": "Point", "coordinates": [ 120.712704954154574, 23.40313203962852 ] } },
{ "type": "Feature", "properties": { "工程（財產）名稱": "明渠", "工程（財產）別名": "達邦排水溝-43M", "財產編號": "1110101-029C 00-0000058", "保管單位": "養護科", "入帳日期(購置日期)": "2009-12-18", "清查日期": "2012/12/20", "地籍": "嘉義縣阿里山鄉達邦段341號", "座標X(1)": 223423.0, "座標Y(1)": 2593497.0, "座標X(2)": null, "座標Y(2)": null, "有無貼牌": "--", "有無QRCode": "無", "說明": "B工區", "保管人": "吳宗翰" }, "geometry": { "type": "Point", "coordinates": [ 120.739884933955494, 23.444208290714549 ] } },
{ "type": "Feature", "properties": { "工程（財產）名稱": "圍牆", "工程（財產）別名": "曾文集水區里佳區處理工程-箱型土石籠護岸", "財產編號": "1110102-002B 92-0000002", "保管單位": "曾管中心", "入帳日期(購置日期)": "2003-12-30", "清查日期": "2014/06/20", "地籍": "嘉義縣阿里山鄉里佳段263號", "座標X(1)": 221236.61, "座標Y(1)": 2587921.21, "座標X(2)": null, "座標Y(2)": null, "有無貼牌": "--", "有無QRCode": "無", "說明": "位於里佳有富給部落聯絡道上", "保管人": "陳乙震" }, "geometry": { "type": "Point", "coordinates": [ 120.718592964438017, 23.393820962047528 ] } },
{ "type": "Feature", "properties": { "工程（財產）名稱": "多房間職務宿舍", "工程（財產）別名": "憶園南棟", "財產編號": "2010601-003D 91-0000102", "保管單位": "秘書室", "入帳日期(購置日期)": "1969-11-10", "清查日期": "2021/06/16", "地籍": "台南市楠西區密枝段102-36及104-21號", "座標X(1)": 198846.9, "座標Y(1)": 2568818.06, "座標X(2)": "198825", "座標Y(2)": "2568817", "有無貼牌": "是", "有無QRCode": "無", "說明": null, "保管人": "陳奕瑋" }, "geometry": { "type": "Point", "coordinates": [ 120.500193026221368, 23.220771039043694 ] } },
{ "type": "Feature", "properties": { "工程（財產）名稱": "路燈", "工程（財產）別名": "路燈", "財產編號": "2020202-012B 00-0000025", "保管單位": "曾管中心", "入帳日期(購置日期)": "2008-12-25", "清查日期": "2021/04/15", "地籍": "台南市楠西區密枝段 98-5號", "座標X(1)": 198746.0, "座標Y(1)": 2569155.0, "座標X(2)": null, "座標Y(2)": null, "有無貼牌": "是", "有無QRCode": "無", "說明": null, "保管人": "邱玟融" }, "geometry": { "type": "Point", "coordinates": [ 120.499195834819986, 23.223810516149928 ] } },
{ "type": "Feature", "properties": { "工程（財產）名稱": "明渠", "工程（財產）別名": "阿公店右副壩側填方下游等保護工程-125.92", "財產編號": "1110101-029C 00-0000092", "保管單位": "阿管中心", "入帳日期(購置日期)": "2011-12-15", "清查日期": "2014/09/10", "地籍": "高雄市田寮區瓊東段37號", "座標X(1)": 182845.285, "座標Y(1)": 2523346.861, "座標X(2)": null, "座標Y(2)": null, "有無貼牌": "--", "有無QRCode": "無", "說明": "靠公廁馬路對面之小徑進入", "保管人": "林堉介" }, "geometry": { "type": "Point", "coordinates": [ 120.345834552870443, 22.809585650650252 ] } },
{ "type": "Feature", "properties": { "工程（財產）名稱": "明渠", "工程（財產）別名": "明渠-270公尺", "財產編號": "1110101-029C 00-0000042", "保管單位": "高屏溪攔河堰", "入帳日期(購置日期)": "2009-04-22", "清查日期": "2024/12/04", "地籍": "溪埔段374號", "座標X(1)": 192340.0, "座標Y(1)": 2515594.0, "座標X(2)": null, "座標Y(2)": null, "有無貼牌": "是", "有無QRCode": "無", "說明": null, "保管人": "沈文忠" }, "geometry": { "type": "Point", "coordinates": [ 120.438606928964759, 22.739925694789051 ] } },
{ "type": "Feature", "properties": { "工程（財產）名稱": "明渠", "工程（財產）別名": "103年高屏溪堰攔河堰上游週邊環境零星工程", "財產編號": "1110101-029C 00-0000403", "保管單位": "高屏溪攔河堰", "入帳日期(購置日期)": "2015-05-26", "清查日期": "2024/11/27", "地籍": "大樹區新溪埔段756", "座標X(1)": 193338.0, "座標Y(1)": 2513666.0, "座標X(2)": "193340", "座標Y(2)": "2513666", "有無貼牌": "是", "有無QRCode": "無", "說明": "113年11月27日盤點貼牌處97座標X193328 Y2513641", "保管人": "沈文忠" }, "geometry": { "type": "Point", "coordinates": [ 120.44839320395765, 22.722548497551653 ] } },
{ "type": "Feature", "properties": { "工程（財產）名稱": "明渠", "工程（財產）別名": "南寮坪林區處理-128M", "財產編號": "1110101-029C 00-0000041", "保管單位": "曾管中心", "入帳日期(購置日期)": "2008-12-31", "清查日期": "2012/11/13", "地籍": "嘉義縣大埔鄉大埔段1177號", "座標X(1)": 211169.67, "座標Y(1)": 2570933.76, "座標X(2)": null, "座標Y(2)": null, "有無貼牌": "--", "有無QRCode": "無", "說明": "位於坪林部落南方", "保管人": "周駿宏" }, "geometry": { "type": "Point", "coordinates": [ 120.620540043884986, 23.240213024660971 ] } },
{ "type": "Feature", "properties": { "工程（財產）名稱": "明渠", "工程（財產）別名": "排水溝", "財產編號": "1110101-029C 00-0000439", "保管單位": "阿管中心", "入帳日期(購置日期)": "2015-12-31", "清查日期": "2016/04/25", "地籍": "燕巢尖山段468-2號", "座標X(1)": 186795.0, "座標Y(1)": 2523460.0, "座標X(2)": null, "座標Y(2)": null, "有無貼牌": "--", "有無QRCode": "無", "說明": null, "保管人": "陳煌祥" }, "geometry": { "type": "Point", "coordinates": [ 120.384303039792698, 22.810760578758231 ] } },
{ "type": "Feature", "properties": { "工程（財產）名稱": "明渠", "工程（財產）別名": "103曾文水庫週邊零星工程", "財產編號": "1110101-029C 00-0000398", "保管單位": "養護科", "入帳日期(購置日期)": "2015-01-14", "清查日期": "2019/10/01", "地籍": "嘉義縣大埔鄉大埔段1200", "座標X(1)": 209039.0, "座標Y(1)": 2574859.0, "座標X(2)": null, "座標Y(2)": null, "有無貼牌": "--", "有無QRCode": "無", "說明": null, "保管人": "吳宗翰" }, "geometry": { "type": "Point", "coordinates": [ 120.599613127168581, 23.275607145354599 ] } },
{ "type": "Feature", "properties": { "工程（財產）名稱": "明渠", "工程（財產）別名": "截水溝(F工區)-20M", "財產編號": "1110101-029C 00-0000045", "保管單位": "養護科", "入帳日期(購置日期)": "2009-05-26", "清查日期": "2014/04/10", "地籍": "嘉義縣阿里山鄉茶山段20號", "座標X(1)": 215821.47, "座標Y(1)": 2579457.52, "座標X(2)": null, "座標Y(2)": null, "有無貼牌": "--", "有無QRCode": "無", "說明": null, "保管人": "吳宗翰" }, "geometry": { "type": "Point", "coordinates": [ 120.665805979115333, 23.31728802514694 ] } },
{ "type": "Feature", "properties": { "工程（財產）名稱": "明渠", "工程（財產）別名": "103年高屏溪堰攔河堰上游週邊環境零星工程", "財產編號": "1110101-029C 00-0000404", "保管單位": "高屏溪攔河堰", "入帳日期(購置日期)": "2015-05-26", "清查日期": "2024/11/29", "地籍": null, "座標X(1)": 191563.0, "座標Y(1)": 2510157.0, "座標X(2)": "193366", "座標Y(2)": "2510157", "有無貼牌": "是", "有無QRCode": "無", "說明": "大樹區土角厝段475-2", "保管人": "沈文忠" }, "geometry": { "type": "Point", "coordinates": [ 120.431245049608989, 22.690799499070533 ] } },
{ "type": "Feature", "properties": { "工程（財產）名稱": "明渠", "工程（財產）別名": "東源第7鄰公墓旁野溪整治工程", "財產編號": "1110101-029C 00-0000094", "保管單位": "牡管中心", "入帳日期(購置日期)": "2012-02-06", "清查日期": "2019/10/07", "地籍": "屏東縣牡丹鄉東源段655號", "座標X(1)": 234302.0, "座標Y(1)": 2455565.0, "座標X(2)": null, "座標Y(2)": null, "有無貼牌": "--", "有無QRCode": "無", "說明": null, "保管人": "周百欽" }, "geometry": { "type": "Point", "coordinates": [ 120.847751066605682, 22.198698647233755 ] } },
{ "type": "Feature", "properties": { "工程（財產）名稱": "明渠", "工程（財產）別名": "103曾文水庫改善工程(楠西區)", "財產編號": "1110101-029C 00-0000433", "保管單位": "曾管中心", "入帳日期(購置日期)": "2014-12-15", "清查日期": "2020/12/10", "地籍": "台南市楠西區王萊宅段30-43號", "座標X(1)": 197833.3, "座標Y(1)": 2566851.51, "座標X(2)": null, "座標Y(2)": null, "有無貼牌": "--", "有無QRCode": "無", "說明": "楠西區興北", "保管人": "周駿宏" }, "geometry": { "type": "Point", "coordinates": [ 120.490357000874269, 23.202981032842178 ] } },
{ "type": "Feature", "properties": { "工程（財產）名稱": "圍牆", "工程（財產）別名": "105年曾文湖域保護帶第二期", "財產編號": "1110102-002B 00-0000006", "保管單位": "曾管中心", "入帳日期(購置日期)": "2017-02-24", "清查日期": "2017/11/10", "地籍": null, "座標X(1)": 202859.0, "座標Y(1)": 2567030.0, "座標X(2)": null, "座標Y(2)": null, "有無貼牌": "--", "有無QRCode": "無", "說明": "入帳日期：105/11/10清查日期：地點：7工區.楠西區雙溪社區座標：X：202859Y：2567030說明：水泥噴漿與型鋼欄柵", "保管人": "周駿宏" }, "geometry": { "type": "Point", "coordinates": [ 120.539448803186204, 23.204744223768664 ] } },
{ "type": "Feature", "properties": { "工程（財產）名稱": "擋土牆", "工程（財產）別名": "擋土牆/112年曾文水庫週邊零星工程", "財產編號": "1110102-004A 00-0000439", "保管單位": "養護科", "入帳日期(購置日期)": "2023-12-21", "清查日期": "--", "地籍": "嘉義縣大埔鄉南寮段13地號", "座標X(1)": 207530.0, "座標Y(1)": 2580074.0, "座標X(2)": null, "座標Y(2)": null, "有無貼牌": "是", "有無QRCode": "無", "說明": null, "保管人": "李聖文" }, "geometry": { "type": "Point", "coordinates": [ 120.584717062332828, 23.322661087494058 ] } },
{ "type": "Feature", "properties": { "工程（財產）名稱": "擋土牆", "工程（財產）別名": "擋土牆/甲仙攔河堰引水隧道路下邊坡改善工", "財產編號": "1110102-004A 00-0000435", "保管單位": "甲仙攔河堰管理中心", "入帳日期(購置日期)": "2022-12-19", "清查日期": "2023/06/01", "地籍": "台南市南化區西大丘園段302號地", "座標X(1)": 204856.416, "座標Y(1)": 2554081.334, "座標X(2)": "204854", "座標Y(2)": "2554084", "有無貼牌": "是", "有無QRCode": "無", "說明": null, "保管人": "洪瑞隆" }, "geometry": { "type": "Point", "coordinates": [ 120.559344845069162, 23.087869788447886 ] } },
{ "type": "Feature", "properties": { "工程（財產）名稱": "擋土牆", "工程（財產）別名": "擋土牆/112牡丹水庫牡丹村集水週邊零星工程", "財產編號": "1110102-004A 00-0000440", "保管單位": "牡管中心", "入帳日期(購置日期)": "2024-04-25", "清查日期": "--", "地籍": "屏東縣牡丹鄉牡丹段566號地", "座標X(1)": 229159.534, "座標Y(1)": 2448718.948, "座標X(2)": null, "座標Y(2)": null, "有無貼牌": "是", "有無QRCode": "無", "說明": null, "保管人": "蔡國山" }, "geometry": { "type": "Point", "coordinates": [ 120.797964793367314, 22.136813471441808 ] } },
{ "type": "Feature", "properties": { "工程（財產）名稱": "明渠", "工程（財產）別名": "106年曾文水庫週邊零星工程延續明渠", "財產編號": "1110101-029C 00-0000507", "保管單位": "養護科", "入帳日期(購置日期)": "2017-03-03", "清查日期": "2019/10/01", "地籍": "南寮段37號", "座標X(1)": 205196.0, "座標Y(1)": 2581795.0, "座標X(2)": null, "座標Y(2)": null, "有無貼牌": "--", "有無QRCode": "無", "說明": "L擋土牆 U型明溝 截水溝", "保管人": "吳宗翰" }, "geometry": { "type": "Point", "coordinates": [ 120.56184412808777, 23.338139734814799 ] } },
{ "type": "Feature", "properties": { "工程（財產）名稱": "明渠", "工程（財產）別名": "排水溝", "財產編號": "1110101-029C 00-0000443", "保管單位": "阿管中心", "入帳日期(購置日期)": "2016-04-21", "清查日期": "2019/06/21", "地籍": "岡山挖子段2874", "座標X(1)": 182155.0, "座標Y(1)": 2524342.0, "座標X(2)": null, "座標Y(2)": null, "有無貼牌": "--", "有無QRCode": "無", "說明": "高雄市岡山區拕段2874號地岡山區104年度阿公店水庫集水區水土保持零星工程", "保管人": "陳煌祥" }, "geometry": { "type": "Point", "coordinates": [ 120.339067354594434, 22.818544365018219 ] } },
{ "type": "Feature", "properties": { "工程（財產）名稱": "明渠", "工程（財產）別名": "106年曾文水庫週邊零星工程延續明渠", "財產編號": "1110101-029C 00-0000504", "保管單位": "養護科", "入帳日期(購置日期)": "2017-03-03", "清查日期": "2019/10/01", "地籍": "大埔段1224-2地號", "座標X(1)": 208486.0, "座標Y(1)": 2574529.0, "座標X(2)": null, "座標Y(2)": null, "有無貼牌": "--", "有無QRCode": "無", "說明": "擋土牆 截水溝 塊狀護欄", "保管人": "吳宗翰" }, "geometry": { "type": "Point", "coordinates": [ 120.594216776381785, 23.27261329809048 ] } },
{ "type": "Feature", "properties": { "工程（財產）名稱": "明渠", "工程（財產）別名": "106年曾文水庫週邊零星工程延續明渠", "財產編號": "1110101-029C 00-0000506", "保管單位": "養護科", "入帳日期(購置日期)": "2017-03-03", "清查日期": "2019/10/01", "地籍": "射免潭段87,88地號", "座標X(1)": 212956.0, "座標Y(1)": 2577612.0, "座標X(2)": null, "座標Y(2)": null, "有無貼牌": "--", "有無QRCode": "無", "說明": "明溝", "保管人": "吳宗翰" }, "geometry": { "type": "Point", "coordinates": [ 120.637833269600293, 23.300560361581365 ] } },
{ "type": "Feature", "properties": { "工程（財產）名稱": "明渠", "工程（財產）別名": "明渠/109年阿公店水庫森林教室公廁新建工程", "財產編號": "1110101-029C 00-0000563", "保管單位": "阿管中心", "入帳日期(購置日期)": "2021-01-08", "清查日期": "2022/07/07", "地籍": "高市岡山區菜寮段111號及同市燕巢區尖山段1271-5號", "座標X(1)": 183019.122, "座標Y(1)": 2523661.356, "座標X(2)": "183857", "座標Y(2)": "2523463", "有無貼牌": "是", "有無QRCode": "無", "說明": null, "保管人": "陳煌祥" }, "geometry": { "type": "Point", "coordinates": [ 120.34751431819339, 22.812432594264177 ] } },
{ "type": "Feature", "properties": { "工程（財產）名稱": "明渠", "工程（財產）別名": "排水溝", "財產編號": "1110101-029C 00-0000441", "保管單位": "阿管中心", "入帳日期(購置日期)": "2015-12-30", "清查日期": "2019/06/21", "地籍": "牛稠埔段168號,水蛙潭段1758號", "座標X(1)": 183622.0, "座標Y(1)": 2523999.0, "座標X(2)": "189480", "座標Y(2)": "2523999", "有無貼牌": "--", "有無QRCode": "無", "說明": "jpg檔相片第1至3張位在座標(1)地籍:牛稠埔段168號地,相片第4至9張落在座標(2)地籍:水蛙潭段1758號", "保管人": "陳煌祥" }, "geometry": { "type": "Point", "coordinates": [ 120.353372495082496, 22.815505575400458 ] } },
{ "type": "Feature", "properties": { "工程（財產）名稱": "多房間職務宿舍", "工程（財產）別名": "備勤宿舍", "財產編號": "2010601-003D 91-0000120", "保管單位": "秘書室", "入帳日期(購置日期)": "1990-10-01", "清查日期": "2025/02/26", "地籍": "台南市楠西區密枝段104號", "座標X(1)": 198821.58, "座標Y(1)": 2568657.35, "座標X(2)": "198806", "座標Y(2)": "2568663", "有無貼牌": "是", "有無QRCode": "有", "說明": null, "保管人": "陳奕瑋" }, "geometry": { "type": "Point", "coordinates": [ 120.49995103988357, 23.219319018701029 ] } },
{ "type": "Feature", "properties": { "工程（財產）名稱": "給水設備", "工程（財產）別名": "給水設備-洗手台", "財產編號": "2020202-0011 00-0000007", "保管單位": "阿管中心", "入帳日期(購置日期)": "2009-12-31", "清查日期": "2022/08/31", "地籍": "田寮區牛稠埔段253-11及貼牌處為同市區段253-121地號", "座標X(1)": 184237.874, "座標Y(1)": 2526618.025, "座標X(2)": "184247", "座標Y(2)": "2526617", "有無貼牌": "是", "有無QRCode": "無", "說明": null, "保管人": "陳煌祥" }, "geometry": { "type": "Point", "coordinates": [ 120.359261109300832, 22.839180555921288 ] } },
{ "type": "Feature", "properties": { "工程（財產）名稱": "給水設備", "工程（財產）別名": "給水設備-洗手台", "財產編號": "2020202-0011 00-0000004", "保管單位": "阿管中心", "入帳日期(購置日期)": "2009-12-31", "清查日期": "2022/08/31", "地籍": "高市田寮區牛稠埔段253-11號", "座標X(1)": 184235.0, "座標Y(1)": 2526565.0, "座標X(2)": null, "座標Y(2)": null, "有無貼牌": "是", "有無QRCode": "無", "說明": null, "保管人": "陳煌祥" }, "geometry": { "type": "Point", "coordinates": [ 120.359235351049804, 22.83870160882045 ] } },
{ "type": "Feature", "properties": { "工程（財產）名稱": "給水設備", "工程（財產）別名": "給水設備-洗手台", "財產編號": "2020202-0011 00-0000005", "保管單位": "阿管中心", "入帳日期(購置日期)": "2009-12-31", "清查日期": "2022/08/31", "地籍": "高雄市田寮區牛稠埔段253-122號", "座標X(1)": 184203.0, "座標Y(1)": 2526573.0, "座標X(2)": null, "座標Y(2)": null, "有無貼牌": "是", "有無QRCode": "無", "說明": null, "保管人": "陳煌祥" }, "geometry": { "type": "Point", "coordinates": [ 120.358923243666197, 22.838772596934586 ] } },
{ "type": "Feature", "properties": { "工程（財產）名稱": "給水設備", "工程（財產）別名": "給水設備-洗手台", "財產編號": "2020202-0011 00-0000003", "保管單位": "阿管中心", "入帳日期(購置日期)": "2009-12-31", "清查日期": "2022/08/31", "地籍": "高雄市田寮區牛稠埔段253-11號", "座標X(1)": 184194.0, "座標Y(1)": 2526531.0, "座標X(2)": null, "座標Y(2)": null, "有無貼牌": "是", "有無QRCode": "無", "說明": null, "保管人": "陳煌祥" }, "geometry": { "type": "Point", "coordinates": [ 120.35883733600771, 22.838392969146678 ] } },
{ "type": "Feature", "properties": { "工程（財產）名稱": "給水設備", "工程（財產）別名": "給水設備", "財產編號": "2020202-0011 94-0000002", "保管單位": "曾管中心", "入帳日期(購置日期)": "2005-12-30", "清查日期": "2025/10/25", "地籍": "台南市楠西區密枝段102-36,102-42地號", "座標X(1)": 198835.16, "座標Y(1)": 2569801.66, "座標X(2)": "198847", "座標Y(2)": "2568869", "有無貼牌": "是", "有無QRCode": "無", "說明": "位於辦公區福利社旁及露營區入口處", "保管人": "周駿宏" }, "geometry": { "type": "Point", "coordinates": [ 120.500045250427902, 23.229652714026891 ] } },
{ "type": "Feature", "properties": { "工程（財產）名稱": "營業處所房屋", "工程（財產）別名": "觀景樓(原中正樓)", "財產編號": "2010202-001A 91-0000001", "保管單位": "曾管中心", "入帳日期(購置日期)": "1978-08-16", "清查日期": "2025/01/22", "地籍": "嘉義縣大埔鄉大埔段1484-11及1484-7號", "座標X(1)": 203365.15, "座標Y(1)": 2571128.74, "座標X(2)": "203388", "座標Y(2)": "2571108", "有無貼牌": "是", "有無QRCode": "有", "說明": "座落參觀台", "保管人": "黃冠璋" }, "geometry": { "type": "Point", "coordinates": [ 120.544268000313849, 23.241771041975074 ] } },
{ "type": "Feature", "properties": { "工程（財產）名稱": "給水設備", "工程（財產）別名": "給水設備-洗手台", "財產編號": "2020202-0011 00-0000006", "保管單位": "阿管中心", "入帳日期(購置日期)": "2009-12-31", "清查日期": "2022/08/31", "地籍": "高雄市田寮區大崗山段128號", "座標X(1)": 184260.0, "座標Y(1)": 2526670.0, "座標X(2)": null, "座標Y(2)": null, "有無貼牌": "是", "有無QRCode": "無", "說明": null, "保管人": "陳煌祥" }, "geometry": { "type": "Point", "coordinates": [ 120.359474481357438, 22.83965077565971 ] } },
{ "type": "Feature", "properties": { "工程（財產）名稱": "明渠", "工程（財產）別名": "番路楠西區處理-252M", "財產編號": "1110101-029C 95-0000023", "保管單位": "曾管中心", "入帳日期(購置日期)": "2006-12-29", "清查日期": "2014/02/18", "地籍": "台南市楠西區龜丹段39-148號", "座標X(1)": 201409.721, "座標Y(1)": 2558692.95, "座標X(2)": null, "座標Y(2)": null, "有無貼牌": "--", "有無QRCode": "無", "說明": "位於台南市楠西區龜丹里溫泉區", "保管人": "陳乙震" }, "geometry": { "type": "Point", "coordinates": [ 120.525555560279201, 23.129416617844488 ] } },
{ "type": "Feature", "properties": { "工程（財產）名稱": "明渠", "工程（財產）別名": "木梓山等零星工程-75M", "財產編號": "1110101-029C 00-0000057", "保管單位": "阿管中心", "入帳日期(購置日期)": "2009-12-02", "清查日期": "2014/08/19", "地籍": "高雄市田寮區", "座標X(1)": 183390.16, "座標Y(1)": 2525894.34, "座標X(2)": null, "座標Y(2)": null, "有無貼牌": "--", "有無QRCode": "無", "說明": "保安林地無地籍", "保管人": "林堉介" }, "geometry": { "type": "Point", "coordinates": [ 120.351032993647607, 22.832611989588411 ] } },
{ "type": "Feature", "properties": { "工程（財產）名稱": "明渠", "工程（財產）別名": "103年高屏溪堰攔河堰上游週邊環境零星工程", "財產編號": "1110101-029C 00-0000402", "保管單位": "高屏溪攔河堰", "入帳日期(購置日期)": "2015-05-26", "清查日期": "2024/12/16", "地籍": "大樹區興田段205", "座標X(1)": 193314.0, "座標Y(1)": 2515596.0, "座標X(2)": "193314", "座標Y(2)": "2515593", "有無貼牌": "是", "有無QRCode": "無", "說明": "大樹區興田段205", "保管人": "沈文忠" }, "geometry": { "type": "Point", "coordinates": [ 120.44808963762334, 22.739976789552131 ] } },
{ "type": "Feature", "properties": { "工程（財產）名稱": "明渠", "工程（財產）別名": "茶山村排水溝-6M", "財產編號": "1110101-029C 00-0000060", "保管單位": "養護科", "入帳日期(購置日期)": "2009-12-18", "清查日期": "2012/12/19", "地籍": "嘉義縣阿里山鄉茶山段143號", "座標X(1)": 215943.0, "座標Y(1)": 2578721.0, "座標X(2)": null, "座標Y(2)": null, "有無貼牌": "--", "有無QRCode": "無", "說明": "B工區", "保管人": "吳宗翰" }, "geometry": { "type": "Point", "coordinates": [ 120.667010835441161, 23.310639613838145 ] } },
{ "type": "Feature", "properties": { "工程（財產）名稱": "明渠", "工程（財產）別名": "高屏溪攔河上游週邊環境委辦工程-北區", "財產編號": "1110101-029C 00-0000343", "保管單位": "高屏溪攔河堰", "入帳日期(購置日期)": "2014-03-17", "清查日期": "2014/07/16", "地籍": "高雄市大樹區姑婆寮段119-9號~115號", "座標X(1)": 191355.0, "座標Y(1)": 2514006.0, "座標X(2)": "191360", "座標Y(2)": "2514006", "有無貼牌": "--", "有無QRCode": "無", "說明": "X:191360.71;Y:2514010.06", "保管人": "沈文忠" }, "geometry": { "type": "Point", "coordinates": [ 120.429076605447136, 22.725551139710568 ] } },
{ "type": "Feature", "properties": { "工程（財產）名稱": "明渠", "工程（財產）別名": "102高屏溪攔河堰上游週邊環境委辦-中區", "財產編號": "1110101-029C 00-0000345", "保管單位": "高屏溪攔河堰", "入帳日期(購置日期)": "2014-03-17", "清查日期": "2024/11/27", "地籍": "高雄市大樹區水廠段583號", "座標X(1)": 189830.0, "座標Y(1)": 2509444.0, "座標X(2)": "189864", "座標Y(2)": "2509444", "有無貼牌": "是", "有無QRCode": "無", "說明": "113年11月27日盤點貼牌處X:189836;Y:2509466", "保管人": "沈文忠" }, "geometry": { "type": "Point", "coordinates": [ 120.41440615139642, 22.684299849895108 ] } },
{ "type": "Feature", "properties": { "工程（財產）名稱": "明渠", "工程（財產）別名": "102年曾文水庫湖域治理第二期工程", "財產編號": "1110101-029C 00-0000408", "保管單位": "曾管中心", "入帳日期(購置日期)": "2013-03-01", "清查日期": "--", "地籍": "嘉義縣大埔鄉大埔段1566號", "座標X(1)": 210704.0, "座標Y(1)": 2578408.0, "座標X(2)": null, "座標Y(2)": null, "有無貼牌": "--", "有無QRCode": "無", "說明": null, "保管人": "陳乙震" }, "geometry": { "type": "Point", "coordinates": [ 120.615795950344364, 23.307695996157882 ] } },
{ "type": "Feature", "properties": { "工程（財產）名稱": "明渠", "工程（財產）別名": "102曾文水庫公共設施改善工程(楠西區)密枝", "財產編號": "1110101-029C 00-0000430", "保管單位": "曾管中心", "入帳日期(購置日期)": "2014-02-01", "清查日期": "2016/04/28", "地籍": "密枝段101-11號", "座標X(1)": 198760.0, "座標Y(1)": 2569097.0, "座標X(2)": null, "座標Y(2)": null, "有無貼牌": "--", "有無QRCode": "無", "說明": null, "保管人": "周駿宏" }, "geometry": { "type": "Point", "coordinates": [ 120.499334577862967, 23.223287204019154 ] } },
{ "type": "Feature", "properties": { "工程（財產）名稱": "給水設備", "工程（財產）別名": "曾文水庫防淤隧道全域水工模型試驗供迴水系", "財產編號": "2020202-0011 00-0000008", "保管單位": "曾管中心", "入帳日期(購置日期)": "2013-09-11", "清查日期": "2022/07/27", "地籍": "台南市東山區下勢段948-1號", "座標X(1)": 199838.294, "座標Y(1)": 2570333.511, "座標X(2)": "199839", "座標Y(2)": "2570339", "有無貼牌": "是", "有無QRCode": "無", "說明": null, "保管人": "黃冠璋" }, "geometry": { "type": "Point", "coordinates": [ 120.509829507703614, 23.234486273647668 ] } },
{ "type": "Feature", "properties": { "工程（財產）名稱": "明渠", "工程（財產）別名": "102高屏溪攔河堰上游週邊委辦工程-中區", "財產編號": "1110101-029C 00-0000347", "保管單位": "高屏溪攔河堰", "入帳日期(購置日期)": "2014-03-17", "清查日期": "2024/11/29", "地籍": "高雄市大樹區段大庄段933號~939號", "座標X(1)": 191757.0, "座標Y(1)": 2510622.0, "座標X(2)": "191778", "座標Y(2)": "2510622", "有無貼牌": "是", "有無QRCode": "無", "說明": "X:191756.15;Y:2510636.79", "保管人": "沈文忠" }, "geometry": { "type": "Point", "coordinates": [ 120.433115864547503, 22.695005444870588 ] } },
{ "type": "Feature", "properties": { "工程（財產）名稱": "多房間職務宿舍", "工程（財產）別名": "憶園北棟", "財產編號": "2010601-003D 91-0000101", "保管單位": "秘書室", "入帳日期(購置日期)": "1969-11-10", "清查日期": "2021/06/16", "地籍": "台南市楠西區密枝段102-36(面積1922平方公尺,地目:建,使用分區:機關用地)、104-12(面積:949平方公尺,地目:建,使用分區:機關用地)號", "座標X(1)": 198788.0, "座標Y(1)": 2568863.55, "座標X(2)": "198788", "座標Y(2)": "2568863.55", "有無貼牌": "是", "有無QRCode": "無", "說明": "建物面積為502.06平方公尺", "保管人": "陳奕瑋" }, "geometry": { "type": "Point", "coordinates": [ 120.49961601228091, 23.22117998960961 ] } },
{ "type": "Feature", "properties": { "工程（財產）名稱": "汽（機）車棚", "工程（財產）別名": "消防車庫前車棚", "財產編號": "2010204-003C 91-0000004", "保管單位": "警察隊", "入帳日期(購置日期)": "1992-06-29", "清查日期": "2025/02/13", "地籍": "台南市楠西區密枝段102-1號", "座標X(1)": 198709.5, "座標Y(1)": 2568922.4, "座標X(2)": "198695", "座標Y(2)": "2568914", "有無貼牌": "是", "有無QRCode": "有", "說明": null, "保管人": "許晉豪" }, "geometry": { "type": "Point", "coordinates": [ 120.498847041375072, 23.221708970301162 ] } },
{ "type": "Feature", "properties": { "工程（財產）名稱": "擋土牆", "工程（財產）別名": "擋土牆/112年曾文水庫週邊零星工程", "財產編號": "1110102-004A 00-0000437", "保管單位": "養護科", "入帳日期(購置日期)": "2023-12-21", "清查日期": "--", "地籍": "嘉義縣大埔鄉南寮段13地號", "座標X(1)": 207507.0, "座標Y(1)": 2580011.0, "座標X(2)": null, "座標Y(2)": null, "有無貼牌": "是", "有無QRCode": "無", "說明": null, "保管人": "李聖文" }, "geometry": { "type": "Point", "coordinates": [ 120.584493935470434, 23.322091593210743 ] } },
{ "type": "Feature", "properties": { "工程（財產）名稱": "地坪", "工程（財產）別名": "地坪/106田寮阿公店水庫邊緣零星工程", "財產編號": "1110101-0030 00-0000438", "保管單位": "阿管中心", "入帳日期(購置日期)": "2018-03-01", "清查日期": "--", "地籍": "高雄市田寮區狗氤氳段343-3號", "座標X(1)": 185874.0, "座標Y(1)": 2531125.0, "座標X(2)": null, "座標Y(2)": null, "有無貼牌": "--", "有無QRCode": "無", "說明": null, "保管人": "陳煌祥" }, "geometry": { "type": "Point", "coordinates": [ 120.3750155266966, 22.879943485450202 ] } },
{ "type": "Feature", "properties": { "工程（財產）名稱": "多房間職務宿舍", "工程（財產）別名": "男職員宿舍", "財產編號": "2010601-003D 91-0000105", "保管單位": "秘書室", "入帳日期(購置日期)": "1969-11-10", "清查日期": "2021/06/16", "地籍": "台南市楠西區楠西段102-42號", "座標X(1)": 198757.56, "座標Y(1)": 2568762.55, "座標X(2)": "198668", "座標Y(2)": "2568691", "有無貼牌": "是", "有無QRCode": "無", "說明": null, "保管人": "陳奕瑋" }, "geometry": { "type": "Point", "coordinates": [ 120.499321996907184, 23.220266998855543 ] } },
{ "type": "Feature", "properties": { "工程（財產）名稱": "護岸", "工程（財產）別名": "環湖道路及電廠聯外道路災害復建工程-99.83", "財產編號": "1110102-008C 00-0000004", "保管單位": "曾管中心", "入帳日期(購置日期)": "2011-07-27", "清查日期": "2022/12/13", "地籍": "台南市東山區下南勢段946-11號", "座標X(1)": 201800.0, "座標Y(1)": 2571800.0, "座標X(2)": "201663", "座標Y(2)": "2571831", "有無貼牌": "是", "有無QRCode": "無", "說明": "長99.83米,莫拉克風災復建工程", "保管人": "許玿瑛" }, "geometry": { "type": "Point", "coordinates": [ 120.528951918670487, 23.247787513472566 ] } },
{ "type": "Feature", "properties": { "工程（財產）名稱": "護岸", "工程（財產）別名": "牡丹溪林登文宅後護坡改善工程-30M", "財產編號": "1110102-008C 00-0000003", "保管單位": "牡管中心", "入帳日期(購置日期)": "2011-01-28", "清查日期": "2019/10/07", "地籍": "屏東縣牡丹鄉東源段1108號", "座標X(1)": 233052.0, "座標Y(1)": 2452849.0, "座標X(2)": null, "座標Y(2)": null, "有無貼牌": "--", "有無QRCode": "無", "說明": null, "保管人": "周百欽" }, "geometry": { "type": "Point", "coordinates": [ 120.83565636024646, 22.174156998239607 ] } },
{ "type": "Feature", "properties": { "工程（財產）名稱": "水池", "工程（財產）別名": "生態保護用地之水池", "財產編號": "2020401-003A 00-0000006", "保管單位": "曾管中心", "入帳日期(購置日期)": "2018-07-18", "清查日期": "2022/10/25", "地籍": "台南市楠西區密枝段102-63,102-73號", "座標X(1)": 198577.0, "座標Y(1)": 2568410.0, "座標X(2)": "198553", "座標Y(2)": "2568567", "有無貼牌": "是", "有無QRCode": "無", "說明": "鄰近花旗木", "保管人": "楊振瑞" }, "geometry": { "type": "Point", "coordinates": [ 120.497569748045379, 23.217077796207924 ] } },
{ "type": "Feature", "properties": { "工程（財產）名稱": "水池", "工程（財產）別名": "曾文水庫防淤隧道全域水工模型試驗供迴水系", "財產編號": "2020401-003A 00-0000004", "保管單位": "曾管中心", "入帳日期(購置日期)": "2013-09-11", "清查日期": "2022/07/27", "地籍": "台南市東山區下南勢段948-1號", "座標X(1)": 199840.926, "座標Y(1)": 2570345.079, "座標X(2)": "199847", "座標Y(2)": "2570343", "有無貼牌": "是", "有無QRCode": "無", "說明": null, "保管人": "黃冠璋" }, "geometry": { "type": "Point", "coordinates": [ 120.509854844886789, 23.234590814480331 ] } },
{ "type": "Feature", "properties": { "工程（財產）名稱": "水池", "工程（財產）別名": "蓄水池", "財產編號": "2020401-003A 00-0000003", "保管單位": "曾管中心", "入帳日期(購置日期)": "2009-12-31", "清查日期": "2022/10/25", "地籍": "東山區南勢段946號", "座標X(1)": 201865.82, "座標Y(1)": 2572279.35, "座標X(2)": "201865", "座標Y(2)": "2572265", "有無貼牌": "是", "有無QRCode": "無", "說明": "曾庫公路悟棲溝入口處", "保管人": "陳乙震" }, "geometry": { "type": "Point", "coordinates": [ 120.529579963742265, 23.252118040948659 ] } },
{ "type": "Feature", "properties": { "工程（財產）名稱": "水池", "工程（財產）別名": "曾文水庫防淤隧道全域水工模型試驗供迴水系", "財產編號": "2020401-003A 00-0000005", "保管單位": "曾管中心", "入帳日期(購置日期)": "2013-09-11", "清查日期": "2022/07/27", "地籍": "台南市東山區下南勢段948-1號", "座標X(1)": 199849.232, "座標Y(1)": 2570333.81, "座標X(2)": "199862", "座標Y(2)": "2570334", "有無貼牌": "是", "有無QRCode": "無", "說明": null, "保管人": "黃冠璋" }, "geometry": { "type": "Point", "coordinates": [ 120.509936378841203, 23.23448930697883 ] } },
{ "type": "Feature", "properties": { "工程（財產）名稱": "水池", "工程（財產）別名": "旺萊溪簡易自來水改建", "財產編號": "2020401-003A 00-0000002", "保管單位": "阿管中心", "入帳日期(購置日期)": "2006-04-07", "清查日期": "2012/05/25", "地籍": "高雄市田寮區水蛙潭段323-15號", "座標X(1)": 187231.0, "座標Y(1)": 2525135.0, "座標X(2)": null, "座標Y(2)": null, "有無貼牌": "--", "有無QRCode": "無", "說明": null, "保管人": "李冠緯" }, "geometry": { "type": "Point", "coordinates": [ 120.388482510722937, 22.825902890178803 ] } },
{ "type": "Feature", "properties": { "工程（財產）名稱": "瞭望塔", "工程（財產）別名": "暸望台週邊", "財產編號": "2020201-002G 00-0000001", "保管單位": "阿管中心", "入帳日期(購置日期)": "2005-12-07", "清查日期": "--", "地籍": "岡山區 子段45-5地號", "座標X(1)": 182592.685, "座標Y(1)": 2524095.204, "座標X(2)": null, "座標Y(2)": null, "有無貼牌": "--", "有無QRCode": "無", "說明": null, "保管人": "林堉介" }, "geometry": { "type": "Point", "coordinates": [ 120.343341664909133, 22.816333336633082 ] } },
{ "type": "Feature", "properties": { "工程（財產）名稱": "水池", "工程（財產）別名": "蓄水池/109曾文水庫湖域保護帶治理第三期", "財產編號": "2020401-003A 00-0000007", "保管單位": "曾管中心", "入帳日期(購置日期)": "2021-10-07", "清查日期": "2022/10/25", "地籍": "台南市東山區下南勢段1135號", "座標X(1)": 198568.58, "座標Y(1)": 2569400.845, "座標X(2)": "198576", "座標Y(2)": "2569394", "有無貼牌": "是", "有無QRCode": "無", "說明": null, "保管人": "林韋辰" }, "geometry": { "type": "Point", "coordinates": [ 120.497454002326123, 23.226024996920508 ] } },
{ "type": "Feature", "properties": { "工程（財產）名稱": "汽（機）車棚", "工程（財產）別名": "發電廠內車棚", "財產編號": "2010204-003C 91-0000006", "保管單位": "曾管中心", "入帳日期(購置日期)": "1993-06-30", "清查日期": "2025/02/20", "地籍": "嘉義縣大埔鄉柳藤潭段61-1號", "座標X(1)": 202094.65, "座標Y(1)": 2571828.14, "座標X(2)": "202292", "座標Y(2)": "2571844", "有無貼牌": "是", "有無QRCode": "有", "說明": null, "保管人": "楊振瑞" }, "geometry": { "type": "Point", "coordinates": [ 120.531830507260196, 23.248050229872177 ] } },
{ "type": "Feature", "properties": { "工程（財產）名稱": "汽（機）車棚", "工程（財產）別名": "發電廠內車棚", "財產編號": "2010204-003C 91-0000005", "保管單位": "曾管中心", "入帳日期(購置日期)": "1993-06-30", "清查日期": "2024/02/20", "地籍": "嘉義縣大埔鄉柳藤潭段61-1號", "座標X(1)": 202290.33, "座標Y(1)": 2571827.94, "座標X(2)": "202279", "座標Y(2)": "2571837", "有無貼牌": "是", "有無QRCode": "有", "說明": null, "保管人": "楊振瑞" }, "geometry": { "type": "Point", "coordinates": [ 120.533742806309434, 23.248054111386995 ] } },
{ "type": "Feature", "properties": { "工程（財產）名稱": "護岸", "工程（財產）別名": "曾文颱損第2期復建290", "財產編號": "1110102-008C 00-0000001", "保管單位": "曾管中心", "入帳日期(購置日期)": "2009-01-21", "清查日期": "2012/11/19", "地籍": "台南市楠西區旺萊宅段5-134號", "座標X(1)": 198532.38, "座標Y(1)": 2567663.46, "座標X(2)": null, "座標Y(2)": null, "有無貼牌": "--", "有無QRCode": "無", "說明": "位於二號橋", "保管人": "陳乙震" }, "geometry": { "type": "Point", "coordinates": [ 120.497159031767097, 23.210335039726122 ] } },
{ "type": "Feature", "properties": { "工程（財產）名稱": "船架", "工程（財產）別名": "氣墊船升降機-高屏堰", "財產編號": "2020101-003A 91-0000001", "保管單位": "高屏溪攔河堰", "入帳日期(購置日期)": "2002-01-16", "清查日期": "2022/08/26", "地籍": "大樹區保安段河川公地", "座標X(1)": 192063.0, "座標Y(1)": 2509810.0, "座標X(2)": "192120", "座標Y(2)": "2509944", "有無貼牌": "是", "有無QRCode": "無", "說明": "船架(含小型單軌吊車)", "保管人": "蔡易龍" }, "geometry": { "type": "Point", "coordinates": [ 120.436124082439548, 22.687683080672105 ] } },
{ "type": "Feature", "properties": { "工程（財產）名稱": "瀉槽", "工程（財產）別名": "瀉槽", "財產編號": "2020404-0005 00-0000001", "保管單位": "曾管中心", "入帳日期(購置日期)": "2007-07-25", "清查日期": "2012/11/23", "地籍": "台南市東山區下南勢段948-9號", "座標X(1)": 200526.02, "座標Y(1)": 2570937.37, "座標X(2)": null, "座標Y(2)": null, "有無貼牌": "--", "有無QRCode": "無", "說明": "曾庫公路四號橋下方", "保管人": "陳乙震" }, "geometry": { "type": "Point", "coordinates": [ 120.516530002113896, 23.239960022540938 ] } },
{ "type": "Feature", "properties": { "工程（財產）名稱": "球場", "工程（財產）別名": "籃球場-714M2", "財產編號": "1110103-002A 00-0000002", "保管單位": "阿管中心", "入帳日期(購置日期)": "2009-12-31", "清查日期": "2023/09/14", "地籍": "高雄市燕巢瓊東段254號", "座標X(1)": 183899.21, "座標Y(1)": 2522557.7, "座標X(2)": "183913", "座標Y(2)": "2522534", "有無貼牌": "是", "有無QRCode": "無", "說明": null, "保管人": "呂元鈞" }, "geometry": { "type": "Point", "coordinates": [ 120.356133996120846, 22.802501020176159 ] } },
{ "type": "Feature", "properties": { "工程（財產）名稱": "球場", "工程（財產）別名": "球場", "財產編號": "1110103-002A 91-0000001", "保管單位": "曾管中心", "入帳日期(購置日期)": "1969-02-01", "清查日期": "2022/06/22", "地籍": "台南市楠西區密枝段102-44及102-43號", "座標X(1)": 198729.96, "座標Y(1)": 2568831.53, "座標X(2)": "198706", "座標Y(2)": "2568853", "有無貼牌": "是", "有無QRCode": "無", "說明": "位於曾文辦公區", "保管人": "周駿宏" }, "geometry": { "type": "Point", "coordinates": [ 120.49905000830789, 23.22088903882878 ] } },
{ "type": "Feature", "properties": { "工程（財產）名稱": "灌溉開渠", "工程（財產）別名": "旗山導水路改善工程", "財產編號": "2020404-001A 00-0000002", "保管單位": "阿管中心", "入帳日期(購置日期)": "2006-03-07", "清查日期": "2014/08/26", "地籍": "高雄市旗山區圓潭子段486-2號", "座標X(1)": 199565.94, "座標Y(1)": 2538111.33, "座標X(2)": null, "座標Y(2)": null, "有無貼牌": "--", "有無QRCode": "無", "說明": null, "保管人": "李冠緯" }, "geometry": { "type": "Point", "coordinates": [ 120.508228014181199, 22.943501981700337 ] } },
{ "type": "Feature", "properties": { "工程（財產）名稱": "汽（機）車棚", "工程（財產）別名": "發電廠內車棚", "財產編號": "2010204-003C 91-0000007", "保管單位": "曾管中心", "入帳日期(購置日期)": "1993-06-30", "清查日期": "2024/02/20", "地籍": "嘉義縣大埔鄉柳藤潭段61-1號", "座標X(1)": 202086.49, "座標Y(1)": 2571836.13, "座標X(2)": "202315", "座標Y(2)": "2571834", "有無貼牌": "是", "有無QRCode": "有", "說明": null, "保管人": "楊振瑞" }, "geometry": { "type": "Point", "coordinates": [ 120.531750511373431, 23.24812214309009 ] } },
{ "type": "Feature", "properties": { "工程（財產）名稱": "上承橋樑", "工程（財產）別名": "曾文環湖道路(風吹嶺段)邊坡整治工程-橋樑", "財產編號": "1110101-013C 00-0000001", "保管單位": "曾管中心", "入帳日期(購置日期)": "2011-10-26", "清查日期": "2012/11/12", "地籍": "嘉義縣大埔鄉大埔段1484-2號", "座標X(1)": 202984.88, "座標Y(1)": 2569802.5, "座標X(2)": null, "座標Y(2)": null, "有無貼牌": "--", "有無QRCode": "無", "說明": "環湖道路上", "保管人": "陳乙震" }, "geometry": { "type": "Point", "coordinates": [ 120.540592959113823, 23.229784039761988 ] } },
{ "type": "Feature", "properties": { "工程（財產）名稱": "汽（機）車棚", "工程（財產）別名": "密枝村候車棚", "財產編號": "2010204-003C 91-0000002", "保管單位": "秘書室", "入帳日期(購置日期)": "1986-12-01", "清查日期": "2022/01/17", "地籍": "台南市楠西區楠西段36-26號", "座標X(1)": 197707.95, "座標Y(1)": 2564530.95, "座標X(2)": "197716", "座標Y(2)": "2564524", "有無貼牌": "是", "有無QRCode": "無", "說明": null, "保管人": "陳奕瑋" }, "geometry": { "type": "Point", "coordinates": [ 120.489212024817618, 23.182022041886277 ] } },
{ "type": "Feature", "properties": { "工程（財產）名稱": "汽（機）車棚", "工程（財產）別名": "103高屏溪攔河堰管理中心辦公廳舍及環境改", "財產編號": "2010204-003C 00-0000003", "保管單位": "高屏溪攔河堰", "入帳日期(購置日期)": "2015-08-31", "清查日期": "2025/02/27", "地籍": "高雄市大樹區大樹保安段1-3號", "座標X(1)": 192049.0, "座標Y(1)": 2509920.0, "座標X(2)": "192033", "座標Y(2)": "2509911", "有無貼牌": "是", "有無QRCode": "有", "說明": "面積156.91平方公尺,辦公室旁鋼構停車棚", "保管人": "蔡易龍" }, "geometry": { "type": "Point", "coordinates": [ 120.435983766590041, 22.688675972259226 ] } },
{ "type": "Feature", "properties": { "工程（財產）名稱": "汽（機）車棚", "工程（財產）別名": "103高屏溪攔河堰管理中心辦公廳舍及環境改", "財產編號": "2010204-003C 00-0000002", "保管單位": "高屏溪攔河堰", "入帳日期(購置日期)": "2015-08-31", "清查日期": "2025/02/27", "地籍": "高雄市大樹區大樹保安段1-3號", "座標X(1)": 192025.0, "座標Y(1)": 2509871.0, "座標X(2)": "192021", "座標Y(2)": "2509869", "有無貼牌": "是", "有無QRCode": "有", "說明": "面積162.16平方公尺,辦公室後方停車棚", "保管人": "蔡易龍" }, "geometry": { "type": "Point", "coordinates": [ 120.435752003460195, 22.688232647256196 ] } },
{ "type": "Feature", "properties": { "工程（財產）名稱": "汽（機）車棚", "工程（財產）別名": "103高屏溪攔河堰管理中心辦公廳舍及環境改", "財產編號": "2010204-003C 00-0000008", "保管單位": "高屏溪攔河堰", "入帳日期(購置日期)": "2015-08-31", "清查日期": "2025/02/27", "地籍": null, "座標X(1)": 192045.0, "座標Y(1)": 2509899.0, "座標X(2)": null, "座標Y(2)": null, "有無貼牌": "是", "有無QRCode": "有", "說明": null, "保管人": "蔡易龍" }, "geometry": { "type": "Point", "coordinates": [ 120.435945613585901, 22.688486191436937 ] } },
{ "type": "Feature", "properties": { "工程（財產）名稱": "汽（機）車棚", "工程（財產）別名": "汽車棚", "財產編號": "2010204-003C 00-0000004", "保管單位": "甲仙攔河堰管理中心", "入帳日期(購置日期)": "2016-12-26", "清查日期": "2025/03/21", "地籍": "高雄市甲仙區公館段259", "座標X(1)": 207223.0, "座標Y(1)": 2553107.0, "座標X(2)": null, "座標Y(2)": null, "有無貼牌": "是", "有無QRCode": "有", "說明": "105年度甲仙攔河堰辦公區及堰區零星改善工程", "保管人": "洪瑞隆" }, "geometry": { "type": "Point", "coordinates": [ 120.582472210171218, 23.079133927679344 ] } },
{ "type": "Feature", "properties": { "工程（財產）名稱": "擋土牆", "工程（財產）別名": "擋土牆/112年曾文水庫週邊零星工程", "財產編號": "1110102-004A 00-0000438", "保管單位": "養護科", "入帳日期(購置日期)": "2023-12-21", "清查日期": "--", "地籍": "嘉義縣大埔鄉南寮段13地號", "座標X(1)": 207492.0, "座標Y(1)": 2579978.0, "座標X(2)": null, "座標Y(2)": null, "有無貼牌": "--", "有無QRCode": "無", "說明": null, "保管人": "李聖文" }, "geometry": { "type": "Point", "coordinates": [ 120.584348191850651, 23.321793209981255 ] } },
{ "type": "Feature", "properties": { "工程（財產）名稱": "明渠", "工程（財產）別名": "排水溝-大埔村-29M", "財產編號": "1110101-029C 00-0000073", "保管單位": "養護科", "入帳日期(購置日期)": "2010-09-09", "清查日期": "2012/11/23", "地籍": "嘉義縣大埔鄉西興村大埔段1373號", "座標X(1)": 206444.0, "座標Y(1)": 2573025.0, "座標X(2)": null, "座標Y(2)": null, "有無貼牌": "--", "有無QRCode": "無", "說明": "TWD97,X:206468.78,Y:2573015.62", "保管人": "吳宗翰" }, "geometry": { "type": "Point", "coordinates": [ 120.5743005800026, 23.258979035579436 ] } },
{ "type": "Feature", "properties": { "工程（財產）名稱": "明渠", "工程（財產）別名": "番路楠西區處理-100M", "財產編號": "1110101-029C 95-0000022", "保管單位": "曾管中心", "入帳日期(購置日期)": "2006-12-29", "清查日期": "2012/11/02", "地籍": "嘉義縣大埔鄉大埔段1130號", "座標X(1)": 211962.9, "座標Y(1)": 2571756.27, "座標X(2)": null, "座標Y(2)": null, "有無貼牌": "--", "有無QRCode": "無", "說明": "位於坪林往草籣溪產業道路村莊", "保管人": "陳乙震" }, "geometry": { "type": "Point", "coordinates": [ 120.628270983509339, 23.247659037614014 ] } },
{ "type": "Feature", "properties": { "工程（財產）名稱": "明渠", "工程（財產）別名": "102年度曾文水庫週邊零星工程", "財產編號": "1110101-029C 00-0000333", "保管單位": "養護科", "入帳日期(購置日期)": "2014-01-09", "清查日期": "2019/10/01", "地籍": "嘉義縣大埔鄉大埔段1445-160地號", "座標X(1)": 206268.0, "座標Y(1)": 2570515.0, "座標X(2)": null, "座標Y(2)": null, "有無貼牌": "--", "有無QRCode": "無", "說明": null, "保管人": "吳宗翰" }, "geometry": { "type": "Point", "coordinates": [ 120.572652681718807, 23.236308558403238 ] } },
{ "type": "Feature", "properties": { "工程（財產）名稱": "明渠", "工程（財產）別名": "明渠-排水溝-23M", "財產編號": "1110101-029C 00-0000075", "保管單位": "阿管中心", "入帳日期(購置日期)": "2010-12-21", "清查日期": "2014/09/10", "地籍": "高雄市田寮區牛稠埔段500-11號", "座標X(1)": 185082.97, "座標Y(1)": 2525462.1, "座標X(2)": null, "座標Y(2)": null, "有無貼牌": "--", "有無QRCode": "無", "說明": null, "保管人": "林堉介" }, "geometry": { "type": "Point", "coordinates": [ 120.367542972247975, 22.828775036623455 ] } },
{ "type": "Feature", "properties": { "工程（財產）名稱": "明渠", "工程（財產）別名": "102曾文水庫公共設施改善工程(楠西)照興住", "財產編號": "1110101-029C 00-0000432", "保管單位": "曾管中心", "入帳日期(購置日期)": "2014-02-01", "清查日期": "2016/04/28", "地籍": "王萊宅8-2號", "座標X(1)": 197991.0, "座標Y(1)": 2567054.0, "座標X(2)": null, "座標Y(2)": null, "有無貼牌": "--", "有無QRCode": "無", "說明": null, "保管人": "周駿宏" }, "geometry": { "type": "Point", "coordinates": [ 120.491890693277924, 23.204814530508816 ] } },
{ "type": "Feature", "properties": { "工程（財產）名稱": "明渠", "工程（財產）別名": "番路大埔區處理-80M", "財產編號": "1110101-029C 00-0000038", "保管單位": "曾管中心", "入帳日期(購置日期)": "2008-12-31", "清查日期": "2015/01/16", "地籍": "嘉義縣大埔鄉大埔段1424號", "座標X(1)": 206819.53, "座標Y(1)": 2572347.94, "座標X(2)": null, "座標Y(2)": null, "有無貼牌": "--", "有無QRCode": "無", "說明": "萬靈山產業道路", "保管人": "陳乙震" }, "geometry": { "type": "Point", "coordinates": [ 120.577990031187909, 23.252874956500786 ] } },
{ "type": "Feature", "properties": { "工程（財產）名稱": "明渠", "工程（財產）別名": "明渠106年東源村水庫上游零星工程", "財產編號": "1110101-029C 00-0000509", "保管單位": "牡管中心", "入帳日期(購置日期)": "2018-03-31", "清查日期": "2019/06/12", "地籍": "東源段94號", "座標X(1)": 234598.0, "座標Y(1)": 2456589.0, "座標X(2)": null, "座標Y(2)": null, "有無貼牌": "--", "有無QRCode": "無", "說明": null, "保管人": "周百欽" }, "geometry": { "type": "Point", "coordinates": [ 120.850612065245031, 22.207949666034295 ] } },
{ "type": "Feature", "properties": { "工程（財產）名稱": "明渠", "工程（財產）別名": "甲仙攔河堰蓄水範圍週邊排水零星工程", "財產編號": "1110101-029C 00-0000315", "保管單位": "甲仙(堰區)", "入帳日期(購置日期)": "2012-12-28", "清查日期": "2021/11/03", "地籍": "高雄市甲仙區東阿里關段412-1號", "座標X(1)": 207964.97, "座標Y(1)": 2553959.0, "座標X(2)": "207964", "座標Y(2)": "2553959", "有無貼牌": "是", "有無QRCode": "無", "說明": null, "保管人": "洪瑞隆" }, "geometry": { "type": "Point", "coordinates": [ 120.589690765131948, 23.0868468110755 ] } },
{ "type": "Feature", "properties": { "工程（財產）名稱": "明渠", "工程（財產）別名": "105高屏溪攔河堰上游週邊環境委辦工程", "財產編號": "1110101-029C 00-0000455", "保管單位": "高屏溪攔河堰", "入帳日期(購置日期)": "2017-04-17", "清查日期": "2024/11/29", "地籍": "土角厝段380,444,442,441,475-2,375等6筆地號", "座標X(1)": 190795.0, "座標Y(1)": 2507145.0, "座標X(2)": "190765", "座標Y(2)": "2507145", "有無貼牌": "是", "有無QRCode": "無", "說明": null, "保管人": "沈文忠" }, "geometry": { "type": "Point", "coordinates": [ 120.423884200614097, 22.663572465987308 ] } },
{ "type": "Feature", "properties": { "工程（財產）名稱": "明渠", "工程（財產）別名": "102年度曾文水庫週邊零星工程", "財產編號": "1110101-029C 00-0000334", "保管單位": "養護科", "入帳日期(購置日期)": "2014-01-09", "清查日期": "2019/10/01", "地籍": "嘉義縣大埔鄉大埔段1438地號", "座標X(1)": 206911.0, "座標Y(1)": 2571636.0, "座標X(2)": null, "座標Y(2)": null, "有無貼牌": "--", "有無QRCode": "無", "說明": null, "保管人": "吳宗翰" }, "geometry": { "type": "Point", "coordinates": [ 120.578904149894299, 23.246448390893672 ] } },
{ "type": "Feature", "properties": { "工程（財產）名稱": "明渠", "工程（財產）別名": "明渠-排水溝-21M", "財產編號": "1110101-029C 00-0000084", "保管單位": "阿管中心", "入帳日期(購置日期)": "2010-12-21", "清查日期": "2014/09/10", "地籍": "高雄市田寮區--保安林", "座標X(1)": 183354.65, "座標Y(1)": 2525872.57, "座標X(2)": null, "座標Y(2)": null, "有無貼牌": "--", "有無QRCode": "無", "說明": null, "保管人": "林堉介" }, "geometry": { "type": "Point", "coordinates": [ 120.350687976285798, 22.83241398915953 ] } },
{ "type": "Feature", "properties": { "工程（財產）名稱": "明渠", "工程（財產）別名": "102曾文水庫公共設施改善工程(楠西區)照興", "財產編號": "1110101-029C 00-0000431", "保管單位": "曾管中心", "入帳日期(購置日期)": "2014-02-01", "清查日期": "2016/04/28", "地籍": "王萊宅30-6號", "座標X(1)": 197733.0, "座標Y(1)": 2567295.0, "座標X(2)": null, "座標Y(2)": null, "有無貼牌": "--", "有無QRCode": "無", "說明": null, "保管人": "周駿宏" }, "geometry": { "type": "Point", "coordinates": [ 120.489361934496657, 23.206982633318397 ] } },
{ "type": "Feature", "properties": { "工程（財產）名稱": "丁壩", "工程（財產）別名": "草蘭溪-箱型石龍", "財產編號": "2020406-001A 92-0000001", "保管單位": "曾管中心", "入帳日期(購置日期)": "2003-07-19", "清查日期": "2014/06/10", "地籍": "高雄區那瑪夏區達悟芒段16號", "座標X(1)": 213420.07, "座標Y(1)": 2576125.13, "座標X(2)": null, "座標Y(2)": null, "有無貼牌": "--", "有無QRCode": "無", "說明": "位於草瀾溪二號橋附近", "保管人": "陳乙震" }, "geometry": { "type": "Point", "coordinates": [ 120.642406134281487, 23.28714400538998 ] } },
{ "type": "Feature", "properties": { "工程（財產）名稱": "護岸", "工程（財產）別名": "護岸/106曾文水庫集水區主流福美吊橋上游護", "財產編號": "1110102-008B 00-0000041", "保管單位": "曾管中心", "入帳日期(購置日期)": "2018-06-06", "清查日期": "--", "地籍": "嘉義縣阿里山鄉山美段(0940)9002-1地號", "座標X(1)": 217099.335, "座標Y(1)": 2586378.283, "座標X(2)": null, "座標Y(2)": null, "有無貼牌": "--", "有無QRCode": "無", "說明": null, "保管人": "周駿宏" }, "geometry": { "type": "Point", "coordinates": [ 120.678149997616231, 23.37981000323251 ] } },
{ "type": "Feature", "properties": { "工程（財產）名稱": "箱涵", "工程（財產）別名": "曾文莫拉克災害修復(壩區)處理工程-3M", "財產編號": "1110101-028A 00-0000071", "保管單位": "曾管中心", "入帳日期(購置日期)": "2010-11-19", "清查日期": "2012/11/02", "地籍": "台南市楠西鄉密枝段108-14號", "座標X(1)": 200783.97, "座標Y(1)": 2570835.29, "座標X(2)": null, "座標Y(2)": null, "有無貼牌": "--", "有無QRCode": "無", "說明": null, "保管人": "王昭文" }, "geometry": { "type": "Point", "coordinates": [ 120.519053978115892, 23.23904596109 ] } },
{ "type": "Feature", "properties": { "工程（財產）名稱": "擋土牆", "工程（財產）別名": "102年曾文水庫集水區主流達邦樂野山美段河", "財產編號": "1110102-0004 00-0000381", "保管單位": "曾管中心", "入帳日期(購置日期)": "2014-12-22", "清查日期": "2019/10/07", "地籍": "嘉義縣阿里山鄉達邦段9017-90號", "座標X(1)": 223923.0, "座標Y(1)": 2594498.0, "座標X(2)": null, "座標Y(2)": null, "有無貼牌": "--", "有無QRCode": "無", "說明": "達邦A段", "保管人": "許玿瑛" }, "geometry": { "type": "Point", "coordinates": [ 120.744761141307691, 23.453255530990138 ] } },
{ "type": "Feature", "properties": { "工程（財產）名稱": "箱涵", "工程（財產）別名": "番路楠西區處理工程", "財產編號": "1110101-028A 95-0000042", "保管單位": "曾管中心", "入帳日期(購置日期)": "2006-12-29", "清查日期": "2014/02/18", "地籍": "台南市楠西區巖仔頂段30號", "座標X(1)": 202040.49, "座標Y(1)": 2559327.663, "座標X(2)": null, "座標Y(2)": null, "有無貼牌": "--", "有無QRCode": "無", "說明": "位於台南市楠西區龜丹里溫泉區", "保管人": "陳乙震" }, "geometry": { "type": "Point", "coordinates": [ 120.531694445105614, 23.135166663319779 ] } },
{ "type": "Feature", "properties": { "工程（財產）名稱": "擋土牆", "工程（財產）別名": "南寮-擋土牆-150M2", "財產編號": "1110102-0004 00-0000250", "保管單位": "曾管中心", "入帳日期(購置日期)": "2009-12-31", "清查日期": "2015/03/13", "地籍": "嘉義縣大埔鄉南寮段42號", "座標X(1)": 204537.56, "座標Y(1)": 2582255.29, "座標X(2)": null, "座標Y(2)": null, "有無貼牌": "--", "有無QRCode": "無", "說明": "南寮產業道路", "保管人": "陳乙震" }, "geometry": { "type": "Point", "coordinates": [ 120.55539129551012, 23.342278041986251 ] } },
{ "type": "Feature", "properties": { "工程（財產）名稱": "箱涵", "工程（財產）別名": "箱涵-鳥宮", "財產編號": "1110101-028A 00-0000063", "保管單位": "曾管中心", "入帳日期(購置日期)": "2009-12-31", "清查日期": "2012/11/09", "地籍": "曾文溪河道無地籍資料", "座標X(1)": 200999.03, "座標Y(1)": 2571093.44, "座標X(2)": null, "座標Y(2)": null, "有無貼牌": "--", "有無QRCode": "無", "說明": "排水箱涵", "保管人": "黃政達" }, "geometry": { "type": "Point", "coordinates": [ 120.521147198795035, 23.241383511220139 ] } },
{ "type": "Feature", "properties": { "工程（財產）名稱": "擋土牆", "工程（財產）別名": "颱風災損第1期復建-20", "財產編號": "1110102-0004 00-0000193", "保管單位": "曾管中心", "入帳日期(購置日期)": "2008-12-31", "清查日期": "2013/03/19", "地籍": "台南市楠西區汪萊宅5-14號", "座標X(1)": 198559.98, "座標Y(1)": 2567653.5, "座標X(2)": null, "座標Y(2)": null, "有無貼牌": "--", "有無QRCode": "無", "說明": "位於二號橋收費站左側", "保管人": "陳乙震" }, "geometry": { "type": "Point", "coordinates": [ 120.497429013376518, 23.210245961288894 ] } },
{ "type": "Feature", "properties": { "工程（財產）名稱": "專用通行路", "工程（財產）別名": "永樂水保工程-3.085KM", "財產編號": "1110101-0011 95-0000010", "保管單位": "養護科", "入帳日期(購置日期)": "2006-12-25", "清查日期": "2014/03/11", "地籍": "嘉義縣大埔鄉大埔段1458-6號", "座標X(1)": 205022.9, "座標Y(1)": 2569495.86, "座標X(2)": null, "座標Y(2)": null, "有無貼牌": "--", "有無QRCode": "無", "說明": null, "保管人": "吳宗翰" }, "geometry": { "type": "Point", "coordinates": [ 120.560516020357014, 23.227071958558614 ] } },
{ "type": "Feature", "properties": { "工程（財產）名稱": "擋土牆", "工程（財產）別名": "L工區-11M", "財產編號": "1110102-0004 00-0000216", "保管單位": "養護科", "入帳日期(購置日期)": "2009-05-26", "清查日期": "2019/10/01", "地籍": "嘉義縣大埔鄉南寮段13號", "座標X(1)": 207431.0, "座標Y(1)": 2580044.3, "座標X(2)": "207455.35", "座標Y(2)": "2580044.3", "有無貼牌": "--", "有無QRCode": "無", "說明": null, "保管人": "吳宗翰" }, "geometry": { "type": "Point", "coordinates": [ 120.583749869101325, 23.322390324315723 ] } },
{ "type": "Feature", "properties": { "工程（財產）名稱": "箱涵", "工程（財產）別名": "103曾文水庫週邊零星工程(大埔茄苳西興)", "財產編號": "1110101-028A 00-0000389", "保管單位": "養護科", "入帳日期(購置日期)": "2015-01-06", "清查日期": "2019/10/01", "地籍": "嘉義縣大埔鄉大埔段1244-2號", "座標X(1)": 208344.0, "座標Y(1)": 2575417.0, "座標X(2)": null, "座標Y(2)": null, "有無貼牌": "--", "有無QRCode": "無", "說明": null, "保管人": "吳宗翰" }, "geometry": { "type": "Point", "coordinates": [ 120.592804431832946, 23.280628513396472 ] } },
{ "type": "Feature", "properties": { "工程（財產）名稱": "擋土牆", "工程（財產）別名": "103年曾文水庫週邊零星工程", "財產編號": "1110102-0004 00-0000390", "保管單位": "養護科", "入帳日期(購置日期)": "2014-12-26", "清查日期": "--", "地籍": "嘉義縣大埔鄉大埔段1318-5", "座標X(1)": 207748.0, "座標Y(1)": 2575063.0, "座標X(2)": null, "座標Y(2)": null, "有無貼牌": "--", "有無QRCode": "無", "說明": null, "保管人": "吳宗翰" }, "geometry": { "type": "Point", "coordinates": [ 120.58698838942037, 23.277416603222836 ] } },
{ "type": "Feature", "properties": { "工程（財產）名稱": "護岸", "工程（財產）別名": "山美橋下游護岸及河道整理工程-333.4M", "財產編號": "1110102-008B 00-0000025", "保管單位": "曾管中心", "入帳日期(購置日期)": "2011-06-17", "清查日期": "2023/10/13", "地籍": "嘉義縣阿里山鄉山美段282號", "座標X(1)": 216823.67, "座標Y(1)": 2586304.7, "座標X(2)": "216795", "座標Y(2)": "2586188", "有無貼牌": "是", "有無QRCode": "無", "說明": null, "保管人": "連偉成" }, "geometry": { "type": "Point", "coordinates": [ 120.675454962414619, 23.37913996505754 ] } },
{ "type": "Feature", "properties": { "工程（財產）名稱": "擋土牆", "工程（財產）別名": "102年度曾文水庫週邊零星工程", "財產編號": "1110102-0004 00-0000359", "保管單位": "養護科", "入帳日期(購置日期)": "2014-01-09", "清查日期": "2014/08/21", "地籍": "嘉義縣大埔鄉大埔段1425", "座標X(1)": 207481.0, "座標Y(1)": 2572230.0, "座標X(2)": null, "座標Y(2)": null, "有無貼牌": "--", "有無QRCode": "無", "說明": null, "保管人": "吳宗翰" }, "geometry": { "type": "Point", "coordinates": [ 120.58445785598947, 23.251827169849239 ] } },
{ "type": "Feature", "properties": { "工程（財產）名稱": "擋土牆", "工程（財產）別名": "山隙路巷擋土-204M2", "財產編號": "1110102-0004 00-0000183", "保管單位": "阿管中心", "入帳日期(購置日期)": "2008-12-12", "清查日期": "--", "地籍": "岡山區 子段4-12地號", "座標X(1)": 182751.0, "座標Y(1)": 2525347.0, "座標X(2)": null, "座標Y(2)": null, "有無貼牌": "--", "有無QRCode": "無", "說明": null, "保管人": "林堉介" }, "geometry": { "type": "Point", "coordinates": [ 120.344829750730469, 22.827643834070869 ] } },
{ "type": "Feature", "properties": { "工程（財產）名稱": "箱涵", "工程（財產）別名": "山美村第2鄰社區及茶山村青峰農路排水改善", "財產編號": "1110101-028A 00-0000074", "保管單位": "養護科", "入帳日期(購置日期)": "2012-02-03", "清查日期": "2012/12/14", "地籍": "嘉義縣阿里山鄉茶山村茶山段291-9號", "座標X(1)": 219106.0, "座標Y(1)": 2576447.0, "座標X(2)": null, "座標Y(2)": null, "有無貼牌": "--", "有無QRCode": "無", "說明": null, "保管人": "吳宗翰" }, "geometry": { "type": "Point", "coordinates": [ 120.697982783596416, 23.290167426293475 ] } },
{ "type": "Feature", "properties": { "工程（財產）名稱": "擋土牆", "工程（財產）別名": "101阿公店水庫集水區水土保持零星工程-下店", "財產編號": "1110102-0004 00-0000447", "保管單位": "阿管中心", "入帳日期(購置日期)": "2012-12-15", "清查日期": "2019/07/10", "地籍": "牛稠埔段253-81", "座標X(1)": 183588.31, "座標Y(1)": 2526120.91, "座標X(2)": null, "座標Y(2)": null, "有無貼牌": "--", "有無QRCode": "無", "說明": "TW67 X182761 Y2526329 面積86平方米", "保管人": "陳煌祥" }, "geometry": { "type": "Point", "coordinates": [ 120.35295376276899, 22.834665848597179 ] } },
{ "type": "Feature", "properties": { "工程（財產）名稱": "護岸", "工程（財產）別名": "護岸/111年牡丹水庫週邊零星工程", "財產編號": "1110102-008B 00-0000043", "保管單位": "牡管中心", "入帳日期(購置日期)": "2023-05-15", "清查日期": "--", "地籍": "牡丹鄉東源段238-1地號", "座標X(1)": 234959.0, "座標Y(1)": 2456269.0, "座標X(2)": null, "座標Y(2)": null, "有無貼牌": "--", "有無QRCode": "無", "說明": "地點：199線道路旁", "保管人": "蔡國山" }, "geometry": { "type": "Point", "coordinates": [ 120.854116474495996, 22.205062729586839 ] } },
{ "type": "Feature", "properties": { "工程（財產）名稱": "擋土牆", "工程（財產）別名": "101阿公店水庫集水區水土保持零星工程-下店", "財產編號": "1110102-0004 00-0000446", "保管單位": "阿管中心", "入帳日期(購置日期)": "2012-12-15", "清查日期": "2019/07/10", "地籍": "高雄市田寮區牛稠埔段706號", "座標X(1)": 183319.31, "座標Y(1)": 2525816.9, "座標X(2)": null, "座標Y(2)": null, "有無貼牌": "--", "有無QRCode": "無", "說明": "TW67 X182492 Y2526025 面積67.6平方米", "保管人": "陳煌祥" }, "geometry": { "type": "Point", "coordinates": [ 120.350346069261917, 22.831909866080412 ] } },
{ "type": "Feature", "properties": { "工程（財產）名稱": "專用通行路", "工程（財產）別名": "95曾文集水保-1.15km", "財產編號": "1110101-0011 95-0000011", "保管單位": "養護科", "入帳日期(購置日期)": "2006-12-25", "清查日期": "2014/05/05", "地籍": "位嘉義縣阿里山鄉達邦與烏茲娜段之段界上", "座標X(1)": 222617.78, "座標Y(1)": 2592022.94, "座標X(2)": null, "座標Y(2)": null, "有無貼牌": "--", "有無QRCode": "無", "說明": "故無地籍資料", "保管人": "吳宗翰" }, "geometry": { "type": "Point", "coordinates": [ 120.732030968591857, 23.430883996938277 ] } },
{ "type": "Feature", "properties": { "工程（財產）名稱": "擋土牆", "工程（財產）別名": "101年曾文水庫湖域保護帶治理工程第一期", "財產編號": "1110102-0004 00-0000351", "保管單位": "曾管中心", "入帳日期(購置日期)": "2013-01-15", "清查日期": "--", "地籍": "嘉義縣大埔鄉射免潭段62號地", "座標X(1)": 213536.0, "座標Y(1)": 2577308.0, "座標X(2)": null, "座標Y(2)": null, "有無貼牌": "--", "有無QRCode": "無", "說明": null, "保管人": "陳乙震" }, "geometry": { "type": "Point", "coordinates": [ 120.643510963144493, 23.297828168180736 ] } },
{ "type": "Feature", "properties": { "工程（財產）名稱": "箱涵", "工程（財產）別名": "大埔茶山區工程-箱涵", "財產編號": "1110101-028A 00-0000051", "保管單位": "曾管中心", "入帳日期(購置日期)": "2007-12-31", "清查日期": "2023/11/08", "地籍": "嘉義縣阿里山鄉茶山段350-1號", "座標X(1)": 216813.93, "座標Y(1)": 2576717.68, "座標X(2)": "216814", "座標Y(2)": "2576721", "有無貼牌": "是", "有無QRCode": "無", "說明": "1.功能如常運作112/11/08", "保管人": "連偉成" }, "geometry": { "type": "Point", "coordinates": [ 120.675570038705743, 23.292566997742796 ] } },
{ "type": "Feature", "properties": { "工程（財產）名稱": "擋土牆", "工程（財產）別名": "阿-白嶺橋引道-175.99", "財產編號": "1110102-0004 00-0000165", "保管單位": "阿管中心", "入帳日期(購置日期)": "2007-12-10", "清查日期": "2012/05/28", "地籍": "高雄市燕巢區尖山段529-10號", "座標X(1)": 186348.0, "座標Y(1)": 2522250.0, "座標X(2)": null, "座標Y(2)": null, "有無貼牌": "--", "有無QRCode": "無", "說明": null, "保管人": "呂元鈞" }, "geometry": { "type": "Point", "coordinates": [ 120.379998324952169, 22.799816885482965 ] } },
{ "type": "Feature", "properties": { "工程（財產）名稱": "護岸", "工程（財產）別名": "護岸/108年高屏堰週邊改善零星工程", "財產編號": "1110102-008B 00-0000037", "保管單位": "高屏溪攔河堰", "入帳日期(購置日期)": "2020-02-06", "清查日期": "2020/04/01", "地籍": "和山段231,242地號等2筆土地", "座標X(1)": 190155.0, "座標Y(1)": 2511422.0, "座標X(2)": "190163", "座標Y(2)": "2511422", "有無貼牌": "--", "有無QRCode": "無", "說明": null, "保管人": "沈文忠" }, "geometry": { "type": "Point", "coordinates": [ 120.41749352479971, 22.702173945389696 ] } },
{ "type": "Feature", "properties": { "工程（財產）名稱": "擋土牆", "工程（財產）別名": "新興下店頭條崙-擋土牆-25.5M2", "財產編號": "1110102-0004 00-0000283", "保管單位": "阿管中心", "入帳日期(購置日期)": "2010-12-21", "清查日期": "2024/03/22", "地籍": "高雄市田寮區牛稠埔段467-21", "座標X(1)": 186633.01, "座標Y(1)": 2525531.16, "座標X(2)": "186662.39", "座標Y(2)": "2525531.16", "有無貼牌": "是", "有無QRCode": "無", "說明": "於113年3月22日 盤點定位成果 : X186629 Y2525622", "保管人": "林堉介" }, "geometry": { "type": "Point", "coordinates": [ 120.382640809100536, 22.82945790988866 ] } },
{ "type": "Feature", "properties": { "工程（財產）名稱": "有襯砌隧道", "工程（財產）別名": "越域引水路工程(二工)", "財產編號": "1110101-026A 00-0000002", "保管單位": "阿管中心", "入帳日期(購置日期)": "2006-08-30", "清查日期": "2012/05/21", "地籍": "高市內門區腳帛寮段805號", "座標X(1)": 192750.878, "座標Y(1)": 2532917.513, "座標X(2)": null, "座標Y(2)": null, "有無貼牌": "--", "有無QRCode": "無", "說明": null, "保管人": "呂元鈞" }, "geometry": { "type": "Point", "coordinates": [ 120.441970143923243, 22.896379917512657 ] } },
{ "type": "Feature", "properties": { "工程（財產）名稱": "護岸", "工程（財產）別名": "護岸固床工106曾文水庫週邊零星工程", "財產編號": "1110102-008B 00-0000036", "保管單位": "養護科", "入帳日期(購置日期)": "2018-03-31", "清查日期": "--", "地籍": null, "座標X(1)": 220753.0, "座標Y(1)": 2592080.0, "座標X(2)": "220784", "座標Y(2)": "2592080", "有無貼牌": "--", "有無QRCode": "無", "說明": null, "保管人": "吳宗翰" }, "geometry": { "type": "Point", "coordinates": [ 120.713780841910236, 23.431366872748207 ] } },
{ "type": "Feature", "properties": { "工程（財產）名稱": "護岸", "工程（財產）別名": "護岸/107~109甲仙攔河堰河道整治工桯", "財產編號": "1110102-008B 00-0000042", "保管單位": "甲仙攔河堰管理中心", "入帳日期(購置日期)": "2020-03-10", "清查日期": "2021/06/23", "地籍": "高雄市甲仙區公館段無登錄地號", "座標X(1)": 207303.0, "座標Y(1)": 2553579.0, "座標X(2)": null, "座標Y(2)": null, "有無貼牌": "是", "有無QRCode": "無", "說明": "混凝土階梯護岸(里程0K+000~0K+063.46)(含固床工)", "保管人": "洪瑞隆" }, "geometry": { "type": "Point", "coordinates": [ 120.583239902300932, 23.083398340240201 ] } },
{ "type": "Feature", "properties": { "工程（財產）名稱": "擋土牆", "工程（財產）別名": "曾文莫拉克災損修復壩區處理工程-602M2", "財產編號": "1110102-0004 00-0000277", "保管單位": "曾管中心", "入帳日期(購置日期)": "2010-11-19", "清查日期": "2012/11/05", "地籍": null, "座標X(1)": 200863.92, "座標Y(1)": 2570903.8, "座標X(2)": null, "座標Y(2)": null, "有無貼牌": "--", "有無QRCode": "無", "說明": "五號橋至三腳石道路", "保管人": "王昭文" }, "geometry": { "type": "Point", "coordinates": [ 120.519833025800693, 23.239667005558353 ] } },
{ "type": "Feature", "properties": { "工程（財產）名稱": "護岸", "工程（財產）別名": "護岸-山美達納依谷崩坍地處理工程-275.1m", "財產編號": "1110102-008B 00-0000024", "保管單位": "曾管中心", "入帳日期(購置日期)": "2011-02-21", "清查日期": "2023/10/13", "地籍": "河川地無地籍資料", "座標X(1)": 217098.54, "座標Y(1)": 2586344.29, "座標X(2)": "217152", "座標Y(2)": "2586372", "有無貼牌": "是", "有無QRCode": "無", "說明": null, "保管人": "連偉成" }, "geometry": { "type": "Point", "coordinates": [ 120.678142961907497, 23.379503025058035 ] } },
{ "type": "Feature", "properties": { "工程（財產）名稱": "擋土牆", "工程（財產）別名": "105年度曾文水庫周邊零星工程(里佳村)", "財產編號": "1110102-0004 00-0000484", "保管單位": "養護科", "入帳日期(購置日期)": "2017-06-05", "清查日期": "--", "地籍": "大埔117林班圖06號", "座標X(1)": 222970.0, "座標Y(1)": 2590561.0, "座標X(2)": null, "座標Y(2)": null, "有無貼牌": "--", "有無QRCode": "無", "說明": "D工區", "保管人": "吳宗翰" }, "geometry": { "type": "Point", "coordinates": [ 120.735504105497114, 23.417688331839916 ] } },
{ "type": "Feature", "properties": { "工程（財產）名稱": "護岸", "工程（財產）別名": "曾文環湖道路(風吹嶺段)邊坡整治工程-78M", "財產編號": "1110102-008B 00-0000027", "保管單位": "曾管中心", "入帳日期(購置日期)": "2011-10-26", "清查日期": "2012/11/15", "地籍": "嘉義縣大埔鄉大埔段2197號", "座標X(1)": 202942.87, "座標Y(1)": 2570173.72, "座標X(2)": null, "座標Y(2)": null, "有無貼牌": "--", "有無QRCode": "無", "說明": "環湖道路", "保管人": "陳乙震" }, "geometry": { "type": "Point", "coordinates": [ 120.54017098678672, 23.233135022849101 ] } },
{ "type": "Feature", "properties": { "工程（財產）名稱": "擋土牆", "工程（財產）別名": "曾文靜水池至五號橋河道右岸懸壁式-716.2M", "財產編號": "1110102-0004 00-0000306", "保管單位": "曾管中心", "入帳日期(購置日期)": "2011-12-31", "清查日期": "2012/11/09", "地籍": "台南市東山區下南勢段948-9號", "座標X(1)": 200995.0, "座標Y(1)": 2571181.0, "座標X(2)": null, "座標Y(2)": null, "有無貼牌": "--", "有無QRCode": "無", "說明": "位於五號橋上方曾文溪右岸", "保管人": "陳乙震" }, "geometry": { "type": "Point", "coordinates": [ 120.52110499522729, 23.242174070542063 ] } },
{ "type": "Feature", "properties": { "工程（財產）名稱": "護岸", "工程（財產）別名": "左岸低水護岸及導流工等新設工程", "財產編號": "1110102-008B 00-0000032", "保管單位": "高屏溪攔河堰", "入帳日期(購置日期)": "2013-03-08", "清查日期": "2022/09/06", "地籍": "河川地無地籍資料", "座標X(1)": 194992.759, "座標Y(1)": 2512451.619, "座標X(2)": "193520", "座標Y(2)": "2517231", "有無貼牌": "是", "有無QRCode": "無", "說明": null, "保管人": "沈文忠" }, "geometry": { "type": "Point", "coordinates": [ 120.464544464547359, 22.711636595471209 ] } },
{ "type": "Feature", "properties": { "工程（財產）名稱": "擋土牆", "工程（財產）別名": "紅山巷擋土牆-357m2", "財產編號": "1110102-0004 00-0000186", "保管單位": "阿管中心", "入帳日期(購置日期)": "2008-12-17", "清查日期": "2024/03/22", "地籍": "高雄市田寮區援巢中段73-4號", "座標X(1)": 186241.0, "座標Y(1)": 2521640.0, "座標X(2)": "186245", "座標Y(2)": "2521648", "有無貼牌": "是", "有無QRCode": "無", "說明": null, "保管人": "林堉介" }, "geometry": { "type": "Point", "coordinates": [ 120.378981092835645, 22.794304265174421 ] } },
{ "type": "Feature", "properties": { "工程（財產）名稱": "護岸", "工程（財產）別名": "102曾文水庫集水區主流茶山大橋上游河道護", "財產編號": "1110102-008B 00-0000035", "保管單位": "曾管中心", "入帳日期(購置日期)": "2014-03-17", "清查日期": "2014/08/04", "地籍": "嘉義縣阿里山鄉茶山段233-1號", "座標X(1)": 215457.39, "座標Y(1)": 2577709.35, "座標X(2)": null, "座標Y(2)": null, "有無貼牌": "--", "有無QRCode": "無", "說明": "位於嘉義縣阿里山鄉茶山部落下方曾文溪左岸", "保管人": "周駿宏" }, "geometry": { "type": "Point", "coordinates": [ 120.662285958599213, 23.301494025946273 ] } },
{ "type": "Feature", "properties": { "工程（財產）名稱": "擋土牆", "工程（財產）別名": "102年曾文水庫集水區主流達邦樂野山美段河", "財產編號": "1110102-0004 00-0000386", "保管單位": "曾管中心", "入帳日期(購置日期)": "2014-12-22", "清查日期": "2022/12/22", "地籍": "嘉義縣阿里山鄉樂山美段9007-2號", "座標X(1)": 216547.0, "座標Y(1)": 2585898.0, "座標X(2)": "216237", "座標Y(2)": "2586053", "有無貼牌": "是", "有無QRCode": "無", "說明": "山美段擋土牆增加256公尺，總長336公尺", "保管人": "許玿瑛" }, "geometry": { "type": "Point", "coordinates": [ 120.672757508465494, 23.375461761453735 ] } },
{ "type": "Feature", "properties": { "工程（財產）名稱": "有襯砌隧道", "工程（財產）別名": "越域引水路(五工區)", "財產編號": "1110101-026A 00-0000007", "保管單位": "阿管中心", "入帳日期(購置日期)": "2006-09-27", "清查日期": "2012/05/21", "地籍": "高雄市內門東勢埔段684號", "座標X(1)": 195031.419, "座標Y(1)": 2535451.069, "座標X(2)": null, "座標Y(2)": null, "有無貼牌": "--", "有無QRCode": "無", "說明": null, "保管人": "呂元鈞" }, "geometry": { "type": "Point", "coordinates": [ 120.464108806449332, 22.919335541202305 ] } },
{ "type": "Feature", "properties": { "工程（財產）名稱": "擋土牆", "工程（財產）別名": "105年阿公店水庫週邊零星工程", "財產編號": "1110102-0004 00-0000502", "保管單位": "阿管中心", "入帳日期(購置日期)": "2017-01-30", "清查日期": "2019/06/21", "地籍": "高雄市田寮區牛稠埔段500-69號", "座標X(1)": 185431.0, "座標Y(1)": 2525597.0, "座標X(2)": null, "座標Y(2)": null, "有無貼牌": "--", "有無QRCode": "無", "說明": null, "保管人": "陳煌祥" }, "geometry": { "type": "Point", "coordinates": [ 120.370927913443055, 22.830006659683811 ] } },
{ "type": "Feature", "properties": { "工程（財產）名稱": "護岸", "工程（財產）別名": "102年越域排洪道上方道路改善及水庫周邊零", "財產編號": "1110102-008B 00-0000034", "保管單位": "阿管中心", "入帳日期(購置日期)": "2013-01-23", "清查日期": "2014/11/19", "地籍": "高雄市田寮區牛稠埔段223-1號", "座標X(1)": 184184.39, "座標Y(1)": 2526572.46, "座標X(2)": null, "座標Y(2)": null, "有無貼牌": "--", "有無QRCode": "無", "說明": "這個座標的對面(長滿草)", "保管人": "呂元鈞" }, "geometry": { "type": "Point", "coordinates": [ 120.358741953347931, 22.83876699057312 ] } },
{ "type": "Feature", "properties": { "工程（財產）名稱": "擋土牆", "工程（財產）別名": "阿公店頭條崙和興下店(工區1.2.3.9)-95M2", "財產編號": "1110102-0004 00-0000307", "保管單位": "阿管中心", "入帳日期(購置日期)": "2011-12-31", "清查日期": "2012/05/25", "地籍": "高雄市田寮區牛稠埔段662號", "座標X(1)": 184626.0, "座標Y(1)": 2526052.0, "座標X(2)": null, "座標Y(2)": null, "有無貼牌": "--", "有無QRCode": "無", "說明": null, "保管人": "呂元鈞" }, "geometry": { "type": "Point", "coordinates": [ 120.363066343090694, 22.834084314682439 ] } },
{ "type": "Feature", "properties": { "工程（財產）名稱": "專用通行路", "工程（財產）別名": "中心園區AC路面-4901M2", "財產編號": "1110101-0011 00-0000022", "保管單位": "阿管中心", "入帳日期(購置日期)": "2010-06-29", "清查日期": "2023/04/10", "地籍": "高雄市燕巢區瓊東段231號", "座標X(1)": 183959.68, "座標Y(1)": 2522510.02, "座標X(2)": "183957", "座標Y(2)": "2522524", "有無貼牌": "是", "有無QRCode": "無", "說明": "阿公店水庫入口處", "保管人": "林堉介" }, "geometry": { "type": "Point", "coordinates": [ 120.356725006672846, 22.802072828445255 ] } },
{ "type": "Feature", "properties": { "工程（財產）名稱": "擋土牆", "工程（財產）別名": "101阿公店水庫集水區水土保持零星工程-下店", "財產編號": "1110102-0004 00-0000448", "保管單位": "阿管中心", "入帳日期(購置日期)": "2012-12-15", "清查日期": "2019/07/10", "地籍": "牛稠埔253-81", "座標X(1)": 183570.31, "座標Y(1)": 2526190.91, "座標X(2)": null, "座標Y(2)": null, "有無貼牌": "--", "有無QRCode": "無", "說明": "TW67 X182743 Y2526399 面積90平方米", "保管人": "陳煌祥" }, "geometry": { "type": "Point", "coordinates": [ 120.352775408390073, 22.835297260286499 ] } },
{ "type": "Feature", "properties": { "工程（財產）名稱": "箱涵", "工程（財產）別名": "A工區-6.5M", "財產編號": "1110101-028A 00-0000058", "保管單位": "養護科", "入帳日期(購置日期)": "2009-05-26", "清查日期": "2014/03/03", "地籍": "嘉義縣大埔鄉埔東段11號", "座標X(1)": 210612.0, "座標Y(1)": 2577561.25, "座標X(2)": "210593.54", "座標Y(2)": "2577561.25", "有無貼牌": "--", "有無QRCode": "無", "說明": null, "保管人": "吳宗翰" }, "geometry": { "type": "Point", "coordinates": [ 120.614918477682053, 23.300047481116398 ] } },
{ "type": "Feature", "properties": { "工程（財產）名稱": "擋土牆", "工程（財產）別名": "101阿公店水庫集水區水土保持零星工程-下店", "財產編號": "1110102-0004 00-0000449", "保管單位": "阿管中心", "入帳日期(購置日期)": "2012-12-15", "清查日期": "2015/01/02", "地籍": "牛稠埔段500-11(公)", "座標X(1)": 185105.33, "座標Y(1)": 2525236.9, "座標X(2)": null, "座標Y(2)": null, "有無貼牌": "--", "有無QRCode": "無", "說明": "TW67 X184278 Y2525445 面積100平方米", "保管人": "陳煌祥" }, "geometry": { "type": "Point", "coordinates": [ 120.367770197790691, 22.826742259655248 ] } },
{ "type": "Feature", "properties": { "工程（財產）名稱": "箱涵", "工程（財產）別名": "番路楠西區處理工程", "財產編號": "1110101-028A 95-0000043", "保管單位": "曾管中心", "入帳日期(購置日期)": "2006-12-29", "清查日期": "2014/04/11", "地籍": "嘉義縣番路鄉永興段83號", "座標X(1)": 208793.16, "座標Y(1)": 2583097.07, "座標X(2)": null, "座標Y(2)": null, "有無貼牌": "--", "有無QRCode": "無", "說明": "位於永興國小後門產業道路", "保管人": "陳乙震" }, "geometry": { "type": "Point", "coordinates": [ 120.596985971179947, 23.349992039124455 ] } },
{ "type": "Feature", "properties": { "工程（財產）名稱": "擋土牆", "工程（財產）別名": "102年度甲仙攔河堰蓄水範圍週邊排水零星工", "財產編號": "1110102-0004 00-0000355", "保管單位": "甲仙(堰區)", "入帳日期(購置日期)": "2013-09-09", "清查日期": "2021/10/07", "地籍": "高雄市甲仙區東阿里關段412-2號", "座標X(1)": 207964.97, "座標Y(1)": 2553959.0, "座標X(2)": "207964", "座標Y(2)": "2553959", "有無貼牌": "是", "有無QRCode": "無", "說明": null, "保管人": "洪瑞隆" }, "geometry": { "type": "Point", "coordinates": [ 120.589690765131948, 23.0868468110755 ] } },
{ "type": "Feature", "properties": { "工程（財產）名稱": "有襯砌隧道", "工程（財產）別名": "阿公店越域排洪道工程", "財產編號": "1110101-026A 00-0000003", "保管單位": "阿管中心", "入帳日期(購置日期)": "2004-09-20", "清查日期": "2022/08/31", "地籍": "位田寮區牛稠埔段206-3及貼牌處為同市區段256-47號地上", "座標X(1)": 184245.98, "座標Y(1)": 2526682.83, "座標X(2)": "184165", "座標Y(2)": "2526501", "有無貼牌": "是", "有無QRCode": "無", "說明": null, "保管人": "陳煌祥" }, "geometry": { "type": "Point", "coordinates": [ 120.359337344108027, 22.839766085615036 ] } },
{ "type": "Feature", "properties": { "工程（財產）名稱": "擋土牆", "工程（財產）別名": "擋土牆", "財產編號": "1110102-0004 93-0000087", "保管單位": "甲仙(堰區)", "入帳日期(購置日期)": "2004-12-31", "清查日期": "2021/11/05", "地籍": "甲仙區東阿里關段2006-2號", "座標X(1)": 209049.04, "座標Y(1)": 2555543.21, "座標X(2)": "209044", "座標Y(2)": "2555547", "有無貼牌": "是", "有無QRCode": "無", "說明": null, "保管人": "洪瑞隆" }, "geometry": { "type": "Point", "coordinates": [ 120.600229987043406, 23.101180011154259 ] } },
{ "type": "Feature", "properties": { "工程（財產）名稱": "專用通行路", "工程（財產）別名": "甲仙攔河堰崩塌地整體治理工程", "財產編號": "1110101-0011 00-0000030", "保管單位": "甲仙(堰區)", "入帳日期(購置日期)": "2013-03-18", "清查日期": "2024/07/15", "地籍": "東大丘園段1047-7號", "座標X(1)": 207199.0, "座標Y(1)": 2553620.0, "座標X(2)": null, "座標Y(2)": null, "有無貼牌": "是", "有無QRCode": "無", "說明": null, "保管人": "洪瑞隆" }, "geometry": { "type": "Point", "coordinates": [ 120.582223647984861, 23.083765904987626 ] } },
{ "type": "Feature", "properties": { "工程（財產）名稱": "擋土牆", "工程（財產）別名": "103年曾文水庫週邊零星工程", "財產編號": "1110102-0004 00-0000399", "保管單位": "養護科", "入帳日期(購置日期)": "2014-12-26", "清查日期": "--", "地籍": "嘉義縣大埔鄉水寮段25", "座標X(1)": 213554.0, "座標Y(1)": 2578647.0, "座標X(2)": null, "座標Y(2)": null, "有無貼牌": "--", "有無QRCode": "無", "說明": null, "保管人": "吳宗翰" }, "geometry": { "type": "Point", "coordinates": [ 120.643654728081685, 23.309920023760817 ] } },
{ "type": "Feature", "properties": { "工程（財產）名稱": "護岸", "工程（財產）別名": "混凝土護岸-128M", "財產編號": "1110102-008B 00-0000021", "保管單位": "曾管中心", "入帳日期(購置日期)": "2009-12-31", "清查日期": "2012/11/09", "地籍": "台南市東山區下南勢段946-14號", "座標X(1)": 201928.05, "座標Y(1)": 2572245.36, "座標X(2)": null, "座標Y(2)": null, "有無貼牌": "--", "有無QRCode": "無", "說明": "曾文水庫梧棲溝往大壩道路旁下邊坡處", "保管人": "黃政達" }, "geometry": { "type": "Point", "coordinates": [ 120.530189203078592, 23.251812926656481 ] } },
{ "type": "Feature", "properties": { "工程（財產）名稱": "擋土牆", "工程（財產）別名": "101年度曾文水庫週邊零星工程-和平村", "財產編號": "1110102-0004 00-0000332", "保管單位": "養護科", "入帳日期(購置日期)": "2012-11-29", "清查日期": "2014/08/21", "地籍": "嘉義縣大埔鄉沙米箕段40地號", "座標X(1)": 211615.0, "座標Y(1)": 2580548.0, "座標X(2)": null, "座標Y(2)": null, "有無貼牌": "--", "有無QRCode": "無", "說明": "G工區L溝擋土牆0.8m(H)×40m(L)", "保管人": "吳宗翰" }, "geometry": { "type": "Point", "coordinates": [ 120.624648555703189, 23.327042152288541 ] } },
{ "type": "Feature", "properties": { "工程（財產）名稱": "箱涵", "工程（財產）別名": "南寮坪林區處理工程", "財產編號": "1110101-028A 00-0000056", "保管單位": "曾管中心", "入帳日期(購置日期)": "2008-12-31", "清查日期": "2012/11/06", "地籍": "嘉義縣大埔鄉南寮段44號", "座標X(1)": 204248.29, "座標Y(1)": 2581608.23, "座標X(2)": null, "座標Y(2)": null, "有無貼牌": "--", "有無QRCode": "無", "說明": "位於永樂村南寮產業道路", "保管人": "周駿宏" }, "geometry": { "type": "Point", "coordinates": [ 120.552581967393294, 23.336426986965922 ] } },
{ "type": "Feature", "properties": { "工程（財產）名稱": "擋土牆", "工程（財產）別名": "擋土牆-大埔村-94M2", "財產編號": "1110102-0004 00-0000274", "保管單位": "養護科", "入帳日期(購置日期)": "2010-09-09", "清查日期": "2019/10/01", "地籍": "嘉義縣大埔鄉大埔段1141號", "座標X(1)": 211363.0, "座標Y(1)": 2571472.0, "座標X(2)": null, "座標Y(2)": null, "有無貼牌": "--", "有無QRCode": "無", "說明": null, "保管人": "吳宗翰" }, "geometry": { "type": "Point", "coordinates": [ 120.622415603705193, 23.245078024025876 ] } },
{ "type": "Feature", "properties": { "工程（財產）名稱": "專用通行路", "工程（財產）別名": "圓潭子進水口維修道路", "財產編號": "1110101-0011 00-0000018", "保管單位": "阿管中心", "入帳日期(購置日期)": "2005-11-10", "清查日期": "2019/08/13", "地籍": "高雄市內門東勢埔段657-23號", "座標X(1)": 195052.0, "座標Y(1)": 2535414.0, "座標X(2)": null, "座標Y(2)": null, "有無貼牌": "--", "有無QRCode": "無", "說明": null, "保管人": "李冠緯" }, "geometry": { "type": "Point", "coordinates": [ 120.46431076060081, 22.919001468962485 ] } },
{ "type": "Feature", "properties": { "工程（財產）名稱": "擋土牆", "工程（財產）別名": "102年曾文水庫集水區主流達邦樂野山美段河", "財產編號": "1110102-0004 00-0000382", "保管單位": "曾管中心", "入帳日期(購置日期)": "2014-12-22", "清查日期": "2019/10/07", "地籍": "嘉義縣阿里山鄉達邦段9017-90號", "座標X(1)": 223631.0, "座標Y(1)": 2594492.0, "座標X(2)": null, "座標Y(2)": null, "有無貼牌": "--", "有無QRCode": "無", "說明": "達邦B段", "保管人": "許玿瑛" }, "geometry": { "type": "Point", "coordinates": [ 120.741903204505604, 23.453196649004727 ] } },
{ "type": "Feature", "properties": { "工程（財產）名稱": "專用通行路", "工程（財產）別名": "環湖道路整建-2470M", "財產編號": "1110101-0011 00-0000019", "保管單位": "曾管中心", "入帳日期(購置日期)": "2008-12-31", "清查日期": "2014/03/14", "地籍": "台南市東山區下南勢段1291號", "座標X(1)": 196851.51, "座標Y(1)": 2570968.95, "座標X(2)": null, "座標Y(2)": null, "有無貼牌": "--", "有無QRCode": "無", "說明": "烏山嶺中繼站道路", "保管人": "陳乙震" }, "geometry": { "type": "Point", "coordinates": [ 120.480621926083941, 23.240130608972681 ] } },
{ "type": "Feature", "properties": { "工程（財產）名稱": "擋土牆", "工程（財產）別名": "103曾文水庫週邊零星工程(和平)", "財產編號": "1110102-0004 00-0000406", "保管單位": "養護科", "入帳日期(購置日期)": "2015-01-16", "清查日期": "--", "地籍": "嘉義縣大埔鄉射免潭段62", "座標X(1)": 213561.0, "座標Y(1)": 2577503.0, "座標X(2)": null, "座標Y(2)": null, "有無貼牌": "--", "有無QRCode": "無", "說明": null, "保管人": "吳宗翰" }, "geometry": { "type": "Point", "coordinates": [ 120.643750682764193, 23.299589616322866 ] } },
{ "type": "Feature", "properties": { "工程（財產）名稱": "箱涵", "工程（財產）別名": "95-茄苳水保工程", "財產編號": "1110101-028A 95-0000038", "保管單位": "養護科", "入帳日期(購置日期)": "2006-12-25", "清查日期": "2014/05/08", "地籍": "嘉義縣大埔鄉大埔段1106號", "座標X(1)": 211848.67, "座標Y(1)": 2571821.45, "座標X(2)": null, "座標Y(2)": null, "有無貼牌": "--", "有無QRCode": "無", "說明": null, "保管人": "吳宗翰" }, "geometry": { "type": "Point", "coordinates": [ 120.627153018551994, 23.248244984476411 ] } },
{ "type": "Feature", "properties": { "工程（財產）名稱": "擋土牆", "工程（財產）別名": "103曾文水庫湖域保護帶治理工程第一期", "財產編號": "1110102-0004 00-0000423", "保管單位": "曾管中心", "入帳日期(購置日期)": "2015-05-20", "清查日期": "--", "地籍": null, "座標X(1)": 203385.0, "座標Y(1)": 2569370.6, "座標X(2)": null, "座標Y(2)": null, "有無貼牌": "--", "有無QRCode": "無", "說明": null, "保管人": "陳乙震" }, "geometry": { "type": "Point", "coordinates": [ 120.544515857199457, 23.225895279226403 ] } },
{ "type": "Feature", "properties": { "工程（財產）名稱": "擋土牆", "工程（財產）別名": "102年度曾文水庫週邊零星工程", "財產編號": "1110102-0004 00-0000356", "保管單位": "養護科", "入帳日期(購置日期)": "2014-01-09", "清查日期": "2014/08/21", "地籍": "嘉義縣大埔鄉大埔段1424", "座標X(1)": 207190.0, "座標Y(1)": 2572407.0, "座標X(2)": null, "座標Y(2)": null, "有無貼牌": "--", "有無QRCode": "無", "說明": null, "保管人": "吳宗翰" }, "geometry": { "type": "Point", "coordinates": [ 120.581608957537966, 23.253417966719059 ] } },
{ "type": "Feature", "properties": { "工程（財產）名稱": "箱涵", "工程（財產）別名": "番路楠西區處理工程", "財產編號": "1110101-028A 95-0000039", "保管單位": "曾管中心", "入帳日期(購置日期)": "2006-12-29", "清查日期": "2014/02/18", "地籍": "台南市楠西區龜丹段39-148號", "座標X(1)": 201406.856, "座標Y(1)": 2558686.813, "座標X(2)": null, "座標Y(2)": null, "有無貼牌": "--", "有無QRCode": "無", "說明": "位於台南市楠西區龜丹里溫泉區", "保管人": "陳乙震" }, "geometry": { "type": "Point", "coordinates": [ 120.525527781554018, 23.129361114870889 ] } },
{ "type": "Feature", "properties": { "工程（財產）名稱": "擋土牆", "工程（財產）別名": "106年曾文水庫湖域保護帶期治理第一期工程", "財產編號": "1110102-0004 00-0000492", "保管單位": "曾管中心", "入帳日期(購置日期)": "2018-01-30", "清查日期": "--", "地籍": null, "座標X(1)": 200072.0, "座標Y(1)": 2570599.0, "座標X(2)": null, "座標Y(2)": null, "有無貼牌": "--", "有無QRCode": "無", "說明": null, "保管人": "周駿宏" }, "geometry": { "type": "Point", "coordinates": [ 120.512104457952702, 23.23689078207477 ] } },
{ "type": "Feature", "properties": { "工程（財產）名稱": "箱涵", "工程（財產）別名": "曾文水保(新美區)", "財產編號": "1110101-028A 93-0000013", "保管單位": "曾管中心", "入帳日期(購置日期)": "2004-12-31", "清查日期": "2023/11/30", "地籍": "嘉義縣阿里山鄉新美段208-1號", "座標X(1)": 217551.08, "座標Y(1)": 2581309.28, "座標X(2)": "217563", "座標Y(2)": "2581300", "有無貼牌": "是", "有無QRCode": "無", "說明": null, "保管人": "連偉成" }, "geometry": { "type": "Point", "coordinates": [ 120.682678009152184, 23.334044981622263 ] } },
{ "type": "Feature", "properties": { "工程（財產）名稱": "擋土牆", "工程（財產）別名": "104年曾文水庫週邊零星工程", "財產編號": "1110102-0004 00-0000459", "保管單位": "養護科", "入帳日期(購置日期)": "2015-12-31", "清查日期": "--", "地籍": "嘉義縣大埔鄉大埔段847-2", "座標X(1)": 209080.0, "座標Y(1)": 2578206.0, "座標X(2)": null, "座標Y(2)": null, "有無貼牌": "--", "有無QRCode": "無", "說明": null, "保管人": "吳宗翰" }, "geometry": { "type": "Point", "coordinates": [ 120.59992356073829, 23.305832189091781 ] } },
{ "type": "Feature", "properties": { "工程（財產）名稱": "擋土牆", "工程（財產）別名": "擋土牆", "財產編號": "1110102-0004 00-0000464", "保管單位": "阿管中心", "入帳日期(購置日期)": "2015-12-31", "清查日期": "2019/06/21", "地籍": "水蛙潭段1758(112林班地)", "座標X(1)": 189480.0, "座標Y(1)": 2523999.0, "座標X(2)": null, "座標Y(2)": null, "有無貼牌": "--", "有無QRCode": "無", "說明": "長48.5米", "保管人": "陳煌祥" }, "geometry": { "type": "Point", "coordinates": [ 120.410436311512015, 22.8157268736758 ] } },
{ "type": "Feature", "properties": { "工程（財產）名稱": "箱涵", "工程（財產）別名": "阿公店引水渠左岸上游護岸工程", "財產編號": "1110101-028A 00-0000070", "保管單位": "阿管中心", "入帳日期(購置日期)": "2010-11-19", "清查日期": "2013/07/25", "地籍": "田寮區牛稠埔段253-50地號", "座標X(1)": 183984.0, "座標Y(1)": 2526322.0, "座標X(2)": null, "座標Y(2)": null, "有無貼牌": "--", "有無QRCode": "無", "說明": null, "保管人": "林堉介" }, "geometry": { "type": "Point", "coordinates": [ 120.356800230160871, 22.836497375892932 ] } },
{ "type": "Feature", "properties": { "工程（財產）名稱": "擋土牆", "工程（財產）別名": "104年曾文水庫週邊零星工程", "財產編號": "1110102-0004 00-0000457", "保管單位": "養護科", "入帳日期(購置日期)": "2015-12-31", "清查日期": "--", "地籍": "嘉義縣大埔鄉水寮段50", "座標X(1)": 212248.0, "座標Y(1)": 2578283.0, "座標X(2)": null, "座標Y(2)": null, "有無貼牌": "--", "有無QRCode": "無", "說明": null, "保管人": "吳宗翰" }, "geometry": { "type": "Point", "coordinates": [ 120.630894783269582, 23.306603488020642 ] } },
{ "type": "Feature", "properties": { "工程（財產）名稱": "護岸", "工程（財產）別名": "東口野溪護岸-90M", "財產編號": "1110102-008B 00-0000020", "保管單位": "曾管中心", "入帳日期(購置日期)": "2009-12-31", "清查日期": "2012/11/01", "地籍": "東山區下南勢段1132號", "座標X(1)": 198937.06, "座標Y(1)": 2569919.39, "座標X(2)": null, "座標Y(2)": null, "有無貼牌": "--", "有無QRCode": "無", "說明": "東山區下南勢段1132號", "保管人": "黃政達" }, "geometry": { "type": "Point", "coordinates": [ 120.501036980647285, 23.23071899498542 ] } },
{ "type": "Feature", "properties": { "工程（財產）名稱": "擋土牆", "工程（財產）別名": "104年曾文水庫週邊零星工程", "財產編號": "1110102-0004 00-0000458", "保管單位": "養護科", "入帳日期(購置日期)": "2015-12-31", "清查日期": "--", "地籍": "嘉義縣大埔鄉水寮段50", "座標X(1)": 212276.0, "座標Y(1)": 2578314.0, "座標X(2)": null, "座標Y(2)": null, "有無貼牌": "--", "有無QRCode": "無", "說明": null, "保管人": "吳宗翰" }, "geometry": { "type": "Point", "coordinates": [ 120.631167765822696, 23.306884068373108 ] } },
{ "type": "Feature", "properties": { "工程（財產）名稱": "專用通行路", "工程（財產）別名": "牡丹通達道路修復工程-5.685公里", "財產編號": "1110101-0011 00-0000024", "保管單位": "牡管中心", "入帳日期(購置日期)": "2010-11-29", "清查日期": "2023/05/30", "地籍": "屏東縣牡丹鄉牡丹段700號", "座標X(1)": 227389.0, "座標Y(1)": 2451436.0, "座標X(2)": null, "座標Y(2)": null, "有無貼牌": "是", "有無QRCode": "無", "說明": "牡丹水庫右岸汝仍溪通達道路", "保管人": "周百欽" }, "geometry": { "type": "Point", "coordinates": [ 120.780762673556907, 22.16133071936089 ] } },
{ "type": "Feature", "properties": { "工程（財產）名稱": "擋土牆", "工程（財產）別名": "103年阿公店水庫旺萊溪閘閥室周邊排水與道", "財產編號": "1110102-0004 00-0000418", "保管單位": "阿管中心", "入帳日期(購置日期)": "2015-03-04", "清查日期": "--", "地籍": "無宗地資料", "座標X(1)": 187770.58, "座標Y(1)": 2524847.54, "座標X(2)": null, "座標Y(2)": null, "有無貼牌": "--", "有無QRCode": "無", "說明": null, "保管人": "呂元鈞" }, "geometry": { "type": "Point", "coordinates": [ 120.393750554396135, 22.823327092015187 ] } },
{ "type": "Feature", "properties": { "工程（財產）名稱": "箱涵", "工程（財產）別名": "埔頂大埔區處理工程", "財產編號": "1110101-028A 00-0000062", "保管單位": "曾管中心", "入帳日期(購置日期)": "2009-12-31", "清查日期": "2013/04/03", "地籍": "嘉義縣大埔鄉水寮段12號", "座標X(1)": 213334.6, "座標Y(1)": 2579951.39, "座標X(2)": null, "座標Y(2)": null, "有無貼牌": "--", "有無QRCode": "無", "說明": "位於129線大埔壩附近左轉約3公里", "保管人": "陳乙震" }, "geometry": { "type": "Point", "coordinates": [ 120.641478024008023, 23.32169403240659 ] } },
{ "type": "Feature", "properties": { "工程（財產）名稱": "擋土牆", "工程（財產）別名": "104年曾文水庫週邊零星工程", "財產編號": "1110102-0004 00-0000456", "保管單位": "養護科", "入帳日期(購置日期)": "2015-12-31", "清查日期": "--", "地籍": "嘉義縣大埔鄉沙米箕段66", "座標X(1)": 210968.0, "座標Y(1)": 2578955.0, "座標X(2)": null, "座標Y(2)": null, "有無貼牌": "--", "有無QRCode": "無", "說明": null, "保管人": "吳宗翰" }, "geometry": { "type": "Point", "coordinates": [ 120.618362985039838, 23.312641808792538 ] } },
{ "type": "Feature", "properties": { "工程（財產）名稱": "擋土牆", "工程（財產）別名": "101年度曾文水庫專用道路排水整治工程", "財產編號": "1110102-0004 00-0000347", "保管單位": "曾管中心", "入帳日期(購置日期)": "2013-01-08", "清查日期": "2014/06/10", "地籍": "台南市楠西區 旺萊宅段5-60.10-4號", "座標X(1)": 197959.01, "座標Y(1)": 2566972.44, "座標X(2)": null, "座標Y(2)": null, "有無貼牌": "--", "有無QRCode": "無", "說明": "位於曾庫公路興北附近", "保管人": "陳乙震" }, "geometry": { "type": "Point", "coordinates": [ 120.491580957837229, 23.204077022080483 ] } },
{ "type": "Feature", "properties": { "工程（財產）名稱": "擋土牆", "工程（財產）別名": "101年度曾文水庫湖域保護帶治理工程第一期", "財產編號": "1110102-0004 00-0000352", "保管單位": "曾管中心", "入帳日期(購置日期)": "2013-01-15", "清查日期": "--", "地籍": "嘉義縣大埔鄉射免潭段62號地", "座標X(1)": 213536.0, "座標Y(1)": 2577308.0, "座標X(2)": null, "座標Y(2)": null, "有無貼牌": "--", "有無QRCode": "無", "說明": null, "保管人": "陳乙震" }, "geometry": { "type": "Point", "coordinates": [ 120.643510963144493, 23.297828168180736 ] } },
{ "type": "Feature", "properties": { "工程（財產）名稱": "擋土牆", "工程（財產）別名": "105年阿公店水庫週邊零星工程", "財產編號": "1110102-0004 00-0000501", "保管單位": "阿管中心", "入帳日期(購置日期)": "2017-01-30", "清查日期": "2019/06/21", "地籍": "高雄市田寮區水蛙潭段2293號", "座標X(1)": 189274.0, "座標Y(1)": 2524024.0, "座標X(2)": null, "座標Y(2)": null, "有無貼牌": "--", "有無QRCode": "無", "說明": null, "保管人": "陳煌祥" }, "geometry": { "type": "Point", "coordinates": [ 120.408428642097007, 22.815945199704885 ] } },
{ "type": "Feature", "properties": { "工程（財產）名稱": "擋土牆", "工程（財產）別名": "103曾文水庫湖域保護帶治理工程第一期", "財產編號": "1110102-0004 00-0000422", "保管單位": "曾管中心", "入帳日期(購置日期)": "2015-05-20", "清查日期": "--", "地籍": null, "座標X(1)": 199001.0, "座標Y(1)": 2569401.0, "座標X(2)": null, "座標Y(2)": null, "有無貼牌": "--", "有無QRCode": "無", "說明": null, "保管人": "陳乙震" }, "geometry": { "type": "Point", "coordinates": [ 120.501679129462275, 23.22603984673875 ] } },
{ "type": "Feature", "properties": { "工程（財產）名稱": "擋土牆", "工程（財產）別名": "101年度曾文水庫湖域保護帶治理工程第一期", "財產編號": "1110102-0004 00-0000353", "保管單位": "曾管中心", "入帳日期(購置日期)": "2013-01-15", "清查日期": "--", "地籍": "嘉義縣大埔鄉射免潭段62號地", "座標X(1)": 213536.0, "座標Y(1)": 2577308.0, "座標X(2)": null, "座標Y(2)": null, "有無貼牌": "--", "有無QRCode": "無", "說明": null, "保管人": "陳乙震" }, "geometry": { "type": "Point", "coordinates": [ 120.643510963144493, 23.297828168180736 ] } },
{ "type": "Feature", "properties": { "工程（財產）名稱": "擋土牆", "工程（財產）別名": "西興村暨茄苳村水土保", "財產編號": "1110102-0004 93-0000086", "保管單位": "養護科", "入帳日期(購置日期)": "2004-12-31", "清查日期": "2014/03/11", "地籍": "嘉義縣大埔鄉大埔段1434號", "座標X(1)": 207070.2, "座標Y(1)": 2571915.67, "座標X(2)": null, "座標Y(2)": null, "有無貼牌": "--", "有無QRCode": "無", "說明": null, "保管人": "吳宗翰" }, "geometry": { "type": "Point", "coordinates": [ 120.580452031941846, 23.248978032295305 ] } },
{ "type": "Feature", "properties": { "工程（財產）名稱": "擋土牆", "工程（財產）別名": "擋土牆-大埔村-94.6M2", "財產編號": "1110102-0004 00-0000273", "保管單位": "養護科", "入帳日期(購置日期)": "2010-09-09", "清查日期": "2019/10/01", "地籍": "大埔鄉西興村(保安林)", "座標X(1)": 206889.0, "座標Y(1)": 2571592.0, "座標X(2)": null, "座標Y(2)": null, "有無貼牌": "--", "有無QRCode": "無", "說明": null, "保管人": "吳宗翰" }, "geometry": { "type": "Point", "coordinates": [ 120.578690402941589, 23.246050485227723 ] } },
{ "type": "Feature", "properties": { "工程（財產）名稱": "擋土牆", "工程（財產）別名": "101阿公店水庫集水區水土保持零星工程-下店", "財產編號": "1110102-0004 00-0000445", "保管單位": "阿管中心", "入帳日期(購置日期)": "2012-12-15", "清查日期": "2019/07/10", "地籍": "牛稠埔段710-23", "座標X(1)": 183083.3, "座標Y(1)": 2525566.9, "座標X(2)": null, "座標Y(2)": null, "有無貼牌": "--", "有無QRCode": "無", "說明": "TW67X182256 Y2525775 面積80平方米", "保管人": "陳煌祥" }, "geometry": { "type": "Point", "coordinates": [ 120.348057548528615, 22.829642886763999 ] } },
{ "type": "Feature", "properties": { "工程（財產）名稱": "擋土牆", "工程（財產）別名": "101年度曾文水庫週邊零星工程-永樂區", "財產編號": "1110102-0004 00-0000336", "保管單位": "養護科", "入帳日期(購置日期)": "2012-11-16", "清查日期": "2014/03/03", "地籍": "嘉義縣大埔鄉石面桶段5地號", "座標X(1)": 203836.0, "座標Y(1)": 2580947.0, "座標X(2)": null, "座標Y(2)": null, "有無貼牌": "--", "有無QRCode": "無", "說明": "D工區擋土牆2m(H)×9m(L)+ 1.5m(H)×4m(L)", "保管人": "吳宗翰" }, "geometry": { "type": "Point", "coordinates": [ 120.548570350736682, 23.330444463041005 ] } },
{ "type": "Feature", "properties": { "工程（財產）名稱": "擋土牆", "工程（財產）別名": "H工區-13M", "財產編號": "1110102-0004 00-0000213", "保管單位": "養護科", "入帳日期(購置日期)": "2009-05-26", "清查日期": "2019/10/01", "地籍": "嘉義縣大埔鄉水寮段53號", "座標X(1)": 212319.0, "座標Y(1)": 2578135.39, "座標X(2)": "212311.16", "座標Y(2)": "2578135.39", "有無貼牌": "--", "有無QRCode": "無", "說明": null, "保管人": "吳宗翰" }, "geometry": { "type": "Point", "coordinates": [ 120.631592617908154, 23.30527217301519 ] } },
{ "type": "Feature", "properties": { "工程（財產）名稱": "擋土牆", "工程（財產）別名": "高屏溪攔河堰上游週邊環境委辦工程-北區", "財產編號": "1110102-0004 00-0000375", "保管單位": "高屏溪攔河堰", "入帳日期(購置日期)": "2014-03-17", "清查日期": "2023/01/06", "地籍": "高雄市大樹區田寮段1104及1094號", "座標X(1)": 192824.0, "座標Y(1)": 2514680.0, "座標X(2)": "192791", "座標Y(2)": "2514680", "有無貼牌": "是", "有無QRCode": "無", "說明": "X:192808.74;Y:2514705.06112/01/06 X192835 Y2514728", "保管人": "沈文忠" }, "geometry": { "type": "Point", "coordinates": [ 120.44335252329158, 22.731688204122744 ] } },
{ "type": "Feature", "properties": { "工程（財產）名稱": "擋土牆", "工程（財產）別名": "山隙路巷擋土-12M2", "財產編號": "1110102-0004 00-0000184", "保管單位": "阿管中心", "入帳日期(購置日期)": "2008-12-12", "清查日期": "--", "地籍": "岡山區 子段4-12地號", "座標X(1)": 182774.0, "座標Y(1)": 2525356.0, "座標X(2)": null, "座標Y(2)": null, "有無貼牌": "--", "有無QRCode": "無", "說明": null, "保管人": "林堉介" }, "geometry": { "type": "Point", "coordinates": [ 120.345053427033008, 22.827726028417995 ] } },
{ "type": "Feature", "properties": { "工程（財產）名稱": "擋土牆", "工程（財產）別名": "鞍平巷邊坡-36m2", "財產編號": "1110102-0004 00-0000240", "保管單位": "阿管中心", "入帳日期(購置日期)": "2009-12-30", "清查日期": "2014/08/22", "地籍": "高雄市田寮區水蛙潭段419-36號", "座標X(1)": 188066.12, "座標Y(1)": 2524034.29, "座標X(2)": null, "座標Y(2)": null, "有無貼牌": "--", "有無QRCode": "無", "說明": null, "保管人": "林堉介" }, "geometry": { "type": "Point", "coordinates": [ 120.396661987705556, 22.815994015947851 ] } },
{ "type": "Feature", "properties": { "工程（財產）名稱": "擋土牆", "工程（財產）別名": "103年曾文水庫週邊零星工程(樂野村)", "財產編號": "1110102-0004 00-0000434", "保管單位": "養護科", "入帳日期(購置日期)": "2015-09-01", "清查日期": "--", "地籍": "樂野段118號(公 原民會)", "座標X(1)": 218484.0, "座標Y(1)": 2595823.0, "座標X(2)": null, "座標Y(2)": null, "有無貼牌": "--", "有無QRCode": "無", "說明": "97座標", "保管人": "吳宗翰" }, "geometry": { "type": "Point", "coordinates": [ 120.691497544789414, 23.465124222275779 ] } },
{ "type": "Feature", "properties": { "工程（財產）名稱": "擋土牆", "工程（財產）別名": "擋土牆/108曾文水庫週邊零星工程", "財產編號": "1110102-0004 00-0000563", "保管單位": "養護科", "入帳日期(購置日期)": "2020-03-18", "清查日期": "--", "地籍": "嘉義縣石面桶段15地號", "座標X(1)": 204281.0, "座標Y(1)": 2580714.0, "座標X(2)": null, "座標Y(2)": null, "有無貼牌": "--", "有無QRCode": "無", "說明": "擋土牆26.5公尺", "保管人": "吳宗翰" }, "geometry": { "type": "Point", "coordinates": [ 120.552928865088333, 23.328352932140621 ] } },
{ "type": "Feature", "properties": { "工程（財產）名稱": "擋土牆", "工程（財產）別名": "伊斯基雅那工程87.6m2", "財產編號": "1110102-0004 00-0000228", "保管單位": "養護科", "入帳日期(購置日期)": "2009-10-15", "清查日期": "2019/10/01", "地籍": "嘉義縣阿里山鄉達邦段30號", "座標X(1)": 226255.0, "座標Y(1)": 2593630.0, "座標X(2)": null, "座標Y(2)": null, "有無貼牌": "--", "有無QRCode": "無", "說明": "長24米,含路面", "保管人": "吳宗翰" }, "geometry": { "type": "Point", "coordinates": [ 120.767600065774275, 23.445453031094821 ] } },
{ "type": "Feature", "properties": { "工程（財產）名稱": "擋土牆", "工程（財產）別名": "103曾文水庫週邊零星工程(和平)", "財產編號": "1110102-0004 00-0000407", "保管單位": "養護科", "入帳日期(購置日期)": "2015-01-16", "清查日期": "--", "地籍": "嘉義縣大埔鄉水寮段31", "座標X(1)": 213107.0, "座標Y(1)": 2578391.0, "座標X(2)": null, "座標Y(2)": null, "有無貼牌": "--", "有無QRCode": "無", "說明": null, "保管人": "吳宗翰" }, "geometry": { "type": "Point", "coordinates": [ 120.639290554737329, 23.307598296637074 ] } },
{ "type": "Feature", "properties": { "工程（財產）名稱": "擋土牆", "工程（財產）別名": "曾文壩區野溪治理工程-160m", "財產編號": "1110102-0004 00-0000297", "保管單位": "曾管中心", "入帳日期(購置日期)": "2011-09-30", "清查日期": "2022/07/26", "地籍": "台南市東山區下南勢段1177及1175號", "座標X(1)": 200641.18, "座標Y(1)": 2571317.49, "座標X(2)": "200704", "座標Y(2)": "2571314", "有無貼牌": "是", "有無QRCode": "無", "說明": "曾文之眼對面產業道路約2公里處", "保管人": "周駿宏" }, "geometry": { "type": "Point", "coordinates": [ 120.517642998319417, 23.243396017391955 ] } },
{ "type": "Feature", "properties": { "工程（財產）名稱": "擋土牆", "工程（財產）別名": "擋土牆/111年曾文水庫周邊零星工程", "財產編號": "1110102-0004 00-0000660", "保管單位": "養護科", "入帳日期(購置日期)": "2022-08-31", "清查日期": "--", "地籍": null, "座標X(1)": 225446.0, "座標Y(1)": 2593430.0, "座標X(2)": null, "座標Y(2)": null, "有無貼牌": "--", "有無QRCode": "無", "說明": null, "保管人": "吳宗翰" }, "geometry": { "type": "Point", "coordinates": [ 120.759685442796922, 23.443635011107222 ] } },
{ "type": "Feature", "properties": { "工程（財產）名稱": "擋土牆", "工程（財產）別名": "擋土牆/111年曾文水庫周邊零星工程", "財產編號": "1110102-0004 00-0000659", "保管單位": "養護科", "入帳日期(購置日期)": "2022-08-31", "清查日期": "--", "地籍": null, "座標X(1)": 226512.0, "座標Y(1)": 2593018.0, "座標X(2)": null, "座標Y(2)": null, "有無貼牌": "--", "有無QRCode": "無", "說明": null, "保管人": "吳宗翰" }, "geometry": { "type": "Point", "coordinates": [ 120.770124952017852, 23.439930300932403 ] } },
{ "type": "Feature", "properties": { "工程（財產）名稱": "護岸", "工程（財產）別名": "護岸/106田寮區阿公店水庫邊緣零星工程", "財產編號": "1110102-008A 00-0000058", "保管單位": "阿管中心", "入帳日期(購置日期)": "2018-03-01", "清查日期": "--", "地籍": "南安老段998號", "座標X(1)": 188121.0, "座標Y(1)": 2529251.0, "座標X(2)": null, "座標Y(2)": null, "有無貼牌": "--", "有無QRCode": "無", "說明": null, "保管人": "陳煌祥" }, "geometry": { "type": "Point", "coordinates": [ 120.396988984712081, 22.863105104722962 ] } },
{ "type": "Feature", "properties": { "工程（財產）名稱": "擋土牆", "工程（財產）別名": "擋土牆/111年曾文水庫周邊零星工程", "財產編號": "1110102-0004 00-0000658", "保管單位": "養護科", "入帳日期(購置日期)": "2022-08-31", "清查日期": "--", "地籍": null, "座標X(1)": 226525.0, "座標Y(1)": 2592985.0, "座標X(2)": null, "座標Y(2)": null, "有無貼牌": "--", "有無QRCode": "無", "說明": null, "保管人": "吳宗翰" }, "geometry": { "type": "Point", "coordinates": [ 120.77025269626543, 23.43963249298465 ] } },
{ "type": "Feature", "properties": { "工程（財產）名稱": "護岸", "工程（財產）別名": "達邦壩上游工程-32M", "財產編號": "1110102-008A 00-0000028", "保管單位": "曾管中心", "入帳日期(購置日期)": "2008-12-26", "清查日期": "2015/05/07", "地籍": "無", "座標X(1)": 225085.55, "座標Y(1)": 2594737.45, "座標X(2)": null, "座標Y(2)": null, "有無貼牌": "--", "有無QRCode": "無", "說明": "依斯安娜溪特富野橋上游600公尺", "保管人": "周駿宏" }, "geometry": { "type": "Point", "coordinates": [ 120.756136002943649, 23.455435994448258 ] } },
{ "type": "Feature", "properties": { "工程（財產）名稱": "擋土牆", "工程（財產）別名": "104年曾文水庫週邊零星工程", "財產編號": "1110102-0004 00-0000460", "保管單位": "養護科", "入帳日期(購置日期)": "2015-12-31", "清查日期": "--", "地籍": "嘉義縣大埔鄉大埔段964-38", "座標X(1)": 208400.0, "座標Y(1)": 2576593.0, "座標X(2)": null, "座標Y(2)": null, "有無貼牌": "--", "有無QRCode": "無", "說明": null, "保管人": "吳宗翰" }, "geometry": { "type": "Point", "coordinates": [ 120.593319576078201, 23.291249425657764 ] } },
{ "type": "Feature", "properties": { "工程（財產）名稱": "護岸", "工程（財產）別名": "護岸-200m-濁水溪4號攔砂壩", "財產編號": "1110102-008A 00-0000038", "保管單位": "阿管中心", "入帳日期(購置日期)": "2010-04-20", "清查日期": "2012/05/23", "地籍": "高雄市燕巢區尖山段703-16", "座標X(1)": 185911.0, "座標Y(1)": 2522682.0, "座標X(2)": null, "座標Y(2)": null, "有無貼牌": "--", "有無QRCode": "無", "說明": null, "保管人": "林堉介" }, "geometry": { "type": "Point", "coordinates": [ 120.375724156742962, 22.803701422936662 ] } },
{ "type": "Feature", "properties": { "工程（財產）名稱": "擋土牆", "工程（財產）別名": "擋土牆/110曾文水庫集水區主流福山壩上游右", "財產編號": "1110102-0004 00-0000653", "保管單位": "曾管中心", "入帳日期(購置日期)": "2022-07-28", "清查日期": "--", "地籍": "嘉義縣阿里山鄉樂野段(0939)9001-1地號", "座標X(1)": 222631.647, "座標Y(1)": 2594037.946, "座標X(2)": null, "座標Y(2)": null, "有無貼牌": "--", "有無QRCode": "無", "說明": null, "保管人": "周駿宏" }, "geometry": { "type": "Point", "coordinates": [ 120.732130000365487, 23.449080001194044 ] } },
{ "type": "Feature", "properties": { "工程（財產）名稱": "護岸", "工程（財產）別名": "洲仔坑區護岸工程-170m", "財產編號": "1110102-008A 00-0000048", "保管單位": "阿管中心", "入帳日期(購置日期)": "2010-12-31", "清查日期": "2012/05/23", "地籍": "燕巢區尖山段531-11地號", "座標X(1)": 186051.829, "座標Y(1)": 2522310.896, "座標X(2)": null, "座標Y(2)": null, "有無貼牌": "--", "有無QRCode": "無", "說明": null, "保管人": "林堉介" }, "geometry": { "type": "Point", "coordinates": [ 120.377111106348309, 22.800355560671807 ] } },
{ "type": "Feature", "properties": { "工程（財產）名稱": "擋土牆", "工程（財產）別名": "擋土牆/109年阿公店水庫集水區水土保持零星", "財產編號": "1110102-0004 00-0000603", "保管單位": "阿管中心", "入帳日期(購置日期)": "2020-08-21", "清查日期": "2021/05/12", "地籍": "高雄市田寮區牛稠埔段253-16地號", "座標X(1)": 184006.0, "座標Y(1)": 2526563.0, "座標X(2)": "184025", "座標Y(2)": "2526563", "有無貼牌": "是", "有無QRCode": "無", "說明": null, "保管人": "陳煌祥" }, "geometry": { "type": "Point", "coordinates": [ 120.357004340377884, 22.838674555711222 ] } },
{ "type": "Feature", "properties": { "工程（財產）名稱": "護岸", "工程（財產）別名": "103年斗姥廟旁旺萊溪下游河道延長治理工程", "財產編號": "1110102-008A 00-0000057", "保管單位": "阿管中心", "入帳日期(購置日期)": "2015-01-23", "清查日期": "2019/06/21", "地籍": "高雄市田寮區牛稠埔段467-30,467-47號 及燕巢區尖山段918,918-10,919號", "座標X(1)": 186183.96, "座標Y(1)": 2524857.78, "座標X(2)": "186205.4", "座標Y(2)": "2524857.78", "有無貼牌": "--", "有無QRCode": "無", "說明": "1.左、右岸護岸結構 2.固床工4座", "保管人": "邱柏翰" }, "geometry": { "type": "Point", "coordinates": [ 120.378293708553812, 22.823360005834395 ] } },
{ "type": "Feature", "properties": { "工程（財產）名稱": "擋土牆", "工程（財產）別名": "擋土牆/109年阿公店水庫集水區水土保持零星", "財產編號": "1110102-0004 00-0000602", "保管單位": "阿管中心", "入帳日期(購置日期)": "2020-08-21", "清查日期": "2021/05/12", "地籍": "高雄市田寮區牛稠埔段500-68地號(國有財產署)", "座標X(1)": 185434.0, "座標Y(1)": 2525964.0, "座標X(2)": "185439", "座標Y(2)": "2525964", "有無貼牌": "是", "有無QRCode": "無", "說明": null, "保管人": "陳煌祥" }, "geometry": { "type": "Point", "coordinates": [ 120.370941907605655, 22.833320925024818 ] } },
{ "type": "Feature", "properties": { "工程（財產）名稱": "專用通行路", "工程（財產）別名": "95西興水保工程-1.245", "財產編號": "1110101-0011 95-0000012", "保管單位": "養護科", "入帳日期(購置日期)": "2006-12-25", "清查日期": "2014/05/08", "地籍": "嘉義縣大埔鄉大埔段1231-3號(公)", "座標X(1)": 208853.6, "座標Y(1)": 2574007.58, "座標X(2)": null, "座標Y(2)": null, "有無貼牌": "--", "有無QRCode": "無", "說明": null, "保管人": "吳宗翰" }, "geometry": { "type": "Point", "coordinates": [ 120.597823988358428, 23.267914016952265 ] } },
{ "type": "Feature", "properties": { "工程（財產）名稱": "成品倉庫", "工程（財產）別名": "曾文水庫庫區泥砂濃度觀測站建置", "財產編號": "2010203-002H 00-0000001", "保管單位": "曾管中心", "入帳日期(購置日期)": "2012-11-28", "清查日期": "2013/09/12", "地籍": "嘉義縣大埔鄉大埔段1484-4號", "座標X(1)": 203365.15, "座標Y(1)": 2571128.74, "座標X(2)": null, "座標Y(2)": null, "有無貼牌": "--", "有無QRCode": "無", "說明": "湖濱公園碼頭旁", "保管人": "黃政達" }, "geometry": { "type": "Point", "coordinates": [ 120.544268000313849, 23.241771041975074 ] } },
{ "type": "Feature", "properties": { "工程（財產）名稱": "擋土牆", "工程（財產）別名": "擋土牆/112年甲仙攔河堰蓄水範圍週邊排水零", "財產編號": "1110102-0004 00-0000670", "保管單位": "甲仙攔河堰管理中心", "入帳日期(購置日期)": "2023-08-08", "清查日期": "2024/01/15", "地籍": "高雄市甲仙區 東阿里關段 281 、 283 、 284-1 、 284-2 、 2165-2 地號", "座標X(1)": 209171.0, "座標Y(1)": 2556578.0, "座標X(2)": "209083", "座標Y(2)": "2556587", "有無貼牌": "是", "有無QRCode": "無", "說明": "1.依前所附相片檔貼牌處97座標 X209083 Y2556587 3張相片 1038224.JPG,1038238.JPG,1038239.JPG2.公所施作時貼牌處97座標 X209241 Y2556591 3張相片1038237.JPG, 1038238.JPG, 1038239.JPG3.本案財產長度89公尺", "保管人": "洪瑞隆" }, "geometry": { "type": "Point", "coordinates": [ 120.601392979060975, 23.110527585718096 ] } },
{ "type": "Feature", "properties": { "工程（財產）名稱": "專用通行路", "工程（財產）別名": "曾文莫拉克災害修復(壩區)處理工程-0.6公里", "財產編號": "1110101-0011 00-0000023", "保管單位": "曾管中心", "入帳日期(購置日期)": "2010-11-19", "清查日期": "2012/11/05", "地籍": "無", "座標X(1)": 200842.04, "座標Y(1)": 2570879.84, "座標X(2)": null, "座標Y(2)": null, "有無貼牌": "--", "有無QRCode": "無", "說明": "五號橋至三腳石道路", "保管人": "王昭文" }, "geometry": { "type": "Point", "coordinates": [ 120.519619990744218, 23.239449989802047 ] } },
{ "type": "Feature", "properties": { "工程（財產）名稱": "順霸", "工程（財產）別名": "順壩", "財產編號": "2020406-002A 00-0000002", "保管單位": "甲仙攔河堰管理中心", "入帳日期(購置日期)": "2017-02-20", "清查日期": "2021/06/24", "地籍": "高雄市甲仙區東阿里關段2894號", "座標X(1)": 207641.0, "座標Y(1)": 2553532.0, "座標X(2)": null, "座標Y(2)": null, "有無貼牌": "是", "有無QRCode": "無", "說明": "位於橋下的順壩(僅一支壩)", "保管人": "洪瑞隆" }, "geometry": { "type": "Point", "coordinates": [ 120.586540309526754, 23.082982581530523 ] } },
{ "type": "Feature", "properties": { "工程（財產）名稱": "擋土牆", "工程（財產）別名": "擋土牆/111年曾文水庫周邊零星工程", "財產編號": "1110102-0004 00-0000667", "保管單位": "養護科", "入帳日期(購置日期)": "2022-12-12", "清查日期": "--", "地籍": "嘉義縣大埔鄉大埔段765-2號", "座標X(1)": 212140.0, "座標Y(1)": 2577690.0, "座標X(2)": "2212319", "座標Y(2)": "2577629", "有無貼牌": "--", "有無QRCode": "無", "說明": "長72公尺", "保管人": "吳宗翰" }, "geometry": { "type": "Point", "coordinates": [ 120.62985369079577, 23.30124609040438 ] } },
{ "type": "Feature", "properties": { "工程（財產）名稱": "大門", "工程（財產）別名": "大門", "財產編號": "2020202-0021 00-0000001", "保管單位": "曾管中心", "入帳日期(購置日期)": "1982-08-01", "清查日期": "2022/06/22", "地籍": "台南市楠西區汪萊宅段5-134號", "座標X(1)": 198507.21, "座標Y(1)": 2567638.18, "座標X(2)": "198520", "座標Y(2)": "2567649", "有無貼牌": "是", "有無QRCode": "無", "說明": null, "保管人": "周駿宏" }, "geometry": { "type": "Point", "coordinates": [ 120.496913981743916, 23.210105971263026 ] } },
{ "type": "Feature", "properties": { "工程（財產）名稱": "擋土牆", "工程（財產）別名": "擋土牆/曾文南化聯通管/112年灣丘里井仔湖", "財產編號": "1110102-0004 00-0000663", "保管單位": "計畫科", "入帳日期(購置日期)": "2024-11-21", "清查日期": "--", "地籍": "密枝段82-5", "座標X(1)": 199227.0, "座標Y(1)": 2564319.0, "座標X(2)": null, "座標Y(2)": null, "有無貼牌": "--", "有無QRCode": "無", "說明": null, "保管人": "蘇昱豪" }, "geometry": { "type": "Point", "coordinates": [ 120.504056700796824, 23.180155534610257 ] } },
{ "type": "Feature", "properties": { "工程（財產）名稱": "大門", "工程（財產）別名": "園區溢洪道左側園區出口不銹鋼門體", "財產編號": "2020202-021A 00-0000005", "保管單位": "牡管中心", "入帳日期(購置日期)": "2015-12-17", "清查日期": "2025/02/06", "地籍": "屏東縣牡丹鄉石門段354號", "座標X(1)": 227873.0, "座標Y(1)": 2448033.0, "座標X(2)": "227986", "座標Y(2)": "2448043", "有無貼牌": "是", "有無QRCode": "有", "說明": null, "保管人": "蔡國山" }, "geometry": { "type": "Point", "coordinates": [ 120.785502100159121, 22.130602316038338 ] } },
{ "type": "Feature", "properties": { "工程（財產）名稱": "擋土牆", "工程（財產）別名": "擋土牆/111高屏溪攔河堰上游週邊環境委辦零", "財產編號": "1110102-0004 00-0000663", "保管單位": "高屏溪攔河堰", "入帳日期(購置日期)": "2023-01-12", "清查日期": "2024/09/27", "地籍": "佛光段1091,1094,1101地號等3筆土地", "座標X(1)": 192844.0, "座標Y(1)": 2516487.0, "座標X(2)": "192913", "座標Y(2)": "2516415", "有無貼牌": "是", "有無QRCode": "無", "說明": null, "保管人": "沈文忠" }, "geometry": { "type": "Point", "coordinates": [ 120.44348117837751, 22.748007183608543 ] } },
{ "type": "Feature", "properties": { "工程（財產）名稱": "大門", "工程（財產）別名": "園區落水池尾檻入口不銹鋼門體", "財產編號": "2020202-021A 00-0000006", "保管單位": "牡管中心", "入帳日期(購置日期)": "2015-12-17", "清查日期": "2025/02/06", "地籍": "屏東縣牡丹鄉石門段170號", "座標X(1)": 227594.0, "座標Y(1)": 2448055.0, "座標X(2)": "227593", "座標Y(2)": "2448066", "有無貼牌": "是", "有無QRCode": "有", "說明": null, "保管人": "蔡國山" }, "geometry": { "type": "Point", "coordinates": [ 120.782797199968911, 22.130797436097932 ] } },
{ "type": "Feature", "properties": { "工程（財產）名稱": "大門", "工程（財產）別名": "下側門折疊單旋門體", "財產編號": "2020202-021A 00-0000004", "保管單位": "牡管中心", "入帳日期(購置日期)": "2015-12-17", "清查日期": "2025/01/24", "地籍": "屏東縣牡丹鄉石門段354號", "座標X(1)": 227625.0, "座標Y(1)": 2447823.0, "座標X(2)": "227638", "座標Y(2)": "2447831", "有無貼牌": "是", "有無QRCode": "有", "說明": null, "保管人": "蔡國山" }, "geometry": { "type": "Point", "coordinates": [ 120.783100918184473, 22.128702493103436 ] } },
{ "type": "Feature", "properties": { "工程（財產）名稱": "擋土牆", "工程（財產）別名": "擋土牆/111年曾文水庫周邊零星工程", "財產編號": "1110102-0004 00-0000666", "保管單位": "養護科", "入帳日期(購置日期)": "2022-12-12", "清查日期": "--", "地籍": "座標x(1)起點位:嘉義縣大埔鄉大埔段1255-1號,座標x(2)迄點位同縣鄉段1255號", "座標X(1)": 208407.0, "座標Y(1)": 2574401.0, "座標X(2)": "208479", "座標Y(2)": "2574608", "有無貼牌": "--", "有無QRCode": "無", "說明": "長223公尺", "保管人": "吳宗翰" }, "geometry": { "type": "Point", "coordinates": [ 120.593448104665129, 23.271455434709541 ] } },
{ "type": "Feature", "properties": { "工程（財產）名稱": "崗亭", "工程（財產）別名": "崗亭", "財產編號": "2020201-005H 00-0000001", "保管單位": "牡管中心", "入帳日期(購置日期)": "2009-11-11", "清查日期": "2025/01/24", "地籍": "屏東縣牡丹鄉牡丹段925-3", "座標X(1)": 227846.56, "座標Y(1)": 2447892.25, "座標X(2)": "227865", "座標Y(2)": "2447892", "有無貼牌": "是", "有無QRCode": "有", "說明": "大門口的崗亭", "保管人": "周百欽" }, "geometry": { "type": "Point", "coordinates": [ 120.785247720156761, 22.129330774313196 ] } },
{ "type": "Feature", "properties": { "工程（財產）名稱": "有襯砌隧道", "工程（財產）別名": "越域引水路三工區工程", "財產編號": "1110101-026A 00-0000004", "保管單位": "阿管中心", "入帳日期(購置日期)": "2005-08-10", "清查日期": "2012/05/21", "地籍": "無地籍資料", "座標X(1)": 191639.557, "座標Y(1)": 2530414.202, "座標X(2)": null, "座標Y(2)": null, "有無貼牌": "--", "有無QRCode": "無", "說明": null, "保管人": "呂元鈞" }, "geometry": { "type": "Point", "coordinates": [ 120.431232261884148, 22.873735568140766 ] } },
{ "type": "Feature", "properties": { "工程（財產）名稱": "擋土牆", "工程（財產）別名": "擋土牆/111年曾文水庫週邊零星工程(增辦)", "財產編號": "1110102-0004 00-0000669", "保管單位": "養護科", "入帳日期(購置日期)": "2022-12-19", "清查日期": "--", "地籍": "嘉義縣大埔鄉大埔段1482-30號", "座標X(1)": 203630.0, "座標Y(1)": 2569335.0, "座標X(2)": "203623", "座標Y(2)": "2569347", "有無貼牌": "--", "有無QRCode": "無", "說明": null, "保管人": "吳宗翰" }, "geometry": { "type": "Point", "coordinates": [ 120.5469108261169, 23.225580722120593 ] } },
{ "type": "Feature", "properties": { "工程（財產）名稱": "箱涵", "工程（財產）別名": "大埔茶山區工程-箱涵", "財產編號": "1110101-028A 00-0000048", "保管單位": "曾管中心", "入帳日期(購置日期)": "2007-12-31", "清查日期": "2023/03/16", "地籍": "嘉義縣阿里山鄉茶山段277,276-1號", "座標X(1)": 215430.45, "座標Y(1)": 2577262.76, "座標X(2)": "215456", "座標Y(2)": "2577271", "有無貼牌": "是", "有無QRCode": "無", "說明": null, "保管人": "連偉成" }, "geometry": { "type": "Point", "coordinates": [ 120.662032763714407, 23.297460645397553 ] } },
{ "type": "Feature", "properties": { "工程（財產）名稱": "箱涵", "工程（財產）別名": "里佳村第一鄰及達邦村拉拉克斯道路改善", "財產編號": "1110101-028A 00-0000075", "保管單位": "養護科", "入帳日期(購置日期)": "2012-02-08", "清查日期": "2012/12/12", "地籍": "嘉義縣阿里山鄉里佳村里佳段1號", "座標X(1)": 221846.0, "座標Y(1)": 2590444.0, "座標X(2)": null, "座標Y(2)": null, "有無貼牌": "--", "有無QRCode": "無", "說明": null, "保管人": "吳宗翰" }, "geometry": { "type": "Point", "coordinates": [ 120.724507744422695, 23.416612794871391 ] } },
{ "type": "Feature", "properties": { "工程（財產）名稱": "擋土牆", "工程（財產）別名": "擋土牆/111高屏溪攔河堰上游週邊環境委辦零", "財產編號": "1110102-0004 00-0000664", "保管單位": "高屏溪攔河堰", "入帳日期(購置日期)": "2023-01-12", "清查日期": "2024/04/22", "地籍": "田寮段424-1,423地號等2筆土地", "座標X(1)": 192503.0, "座標Y(1)": 2515633.0, "座標X(2)": "192443", "座標Y(2)": "2515657", "有無貼牌": "是", "有無QRCode": "無", "說明": null, "保管人": "沈文忠" }, "geometry": { "type": "Point", "coordinates": [ 120.440192447775317, 22.740283455539526 ] } },
{ "type": "Feature", "properties": { "工程（財產）名稱": "護岸", "工程（財產）別名": "曾文水庫集水區主流里佳壩上游日野賀河道護", "財產編號": "1110102-008B 00-0000030", "保管單位": "曾管中心", "入帳日期(購置日期)": "2012-03-13", "清查日期": "2023/11/10", "地籍": "河川地無地籍資料", "座標X(1)": 220079.54, "座標Y(1)": 2593952.0, "座標X(2)": "220038", "座標Y(2)": "2593981", "有無貼牌": "是", "有無QRCode": "無", "說明": null, "保管人": "連偉成" }, "geometry": { "type": "Point", "coordinates": [ 120.707152996887771, 23.448259025552957 ] } },
{ "type": "Feature", "properties": { "工程（財產）名稱": "護岸", "工程（財產）別名": "番路楠西區處理-100M", "財產編號": "1110102-008B 95-0000002", "保管單位": "曾管中心", "入帳日期(購置日期)": "2006-12-29", "清查日期": "2014/02/18", "地籍": "台南市楠西區巖仔頂段30號", "座標X(1)": 202023.105, "座標Y(1)": 2559229.285, "座標X(2)": null, "座標Y(2)": null, "有無貼牌": "--", "有無QRCode": "無", "說明": "位於台南市楠西區龜丹里溫泉區", "保管人": "陳乙震" }, "geometry": { "type": "Point", "coordinates": [ 120.531527777819974, 23.134277778202506 ] } },
{ "type": "Feature", "properties": { "工程（財產）名稱": "擋土牆", "工程（財產）別名": "擋土牆/111高屏溪攔河堰上游週邊環境委辦零", "財產編號": "1110102-0004 00-0000665", "保管單位": "高屏溪攔河堰", "入帳日期(購置日期)": "2023-01-12", "清查日期": "2014/10/23", "地籍": "田寮段211,471地號等2筆土地", "座標X(1)": 191384.0, "座標Y(1)": 2516476.0, "座標X(2)": "191359", "座標Y(2)": "2516477", "有無貼牌": "是", "有無QRCode": "無", "說明": "113年10月23日盤點貼牌定位,因人無法下去故只能在貼牌處定位為97座標X191390 Y2516470", "保管人": "沈文忠" }, "geometry": { "type": "Point", "coordinates": [ 120.429266340682076, 22.747857693763173 ] } },
{ "type": "Feature", "properties": { "工程（財產）名稱": "護岸", "工程（財產）別名": "曾文主流山美段兩岸護岸基礎加強工程-353.1", "財產編號": "1110102-008B 00-0000029", "保管單位": "曾管中心", "入帳日期(購置日期)": "2011-12-31", "清查日期": "2019/10/07", "地籍": "嘉義縣阿里山鄉山美西段30號", "座標X(1)": 214197.05, "座標Y(1)": 2584250.37, "座標X(2)": null, "座標Y(2)": null, "有無貼牌": "--", "有無QRCode": "無", "說明": null, "保管人": "許玿瑛" }, "geometry": { "type": "Point", "coordinates": [ 120.649809322935766, 23.360533646976901 ] } },
{ "type": "Feature", "properties": { "工程（財產）名稱": "護岸", "工程（財產）別名": "金山二號橋水保-165m", "財產編號": "1110102-008B 00-0000003", "保管單位": "阿管中心", "入帳日期(購置日期)": "2007-12-31", "清查日期": "2012/05/23", "地籍": "燕巢區尖山段529-10地號", "座標X(1)": 186290.218, "座標Y(1)": 2522167.781, "座標X(2)": null, "座標Y(2)": null, "有無貼牌": "--", "有無QRCode": "無", "說明": null, "保管人": "李冠緯" }, "geometry": { "type": "Point", "coordinates": [ 120.379438886541593, 22.799072223229253 ] } },
{ "type": "Feature", "properties": { "工程（財產）名稱": "護岸", "工程（財產）別名": "100年度曾文落水池邊坡修復工程-140m", "財產編號": "1110102-008B 00-0000028", "保管單位": "曾管中心", "入帳日期(購置日期)": "2011-12-29", "清查日期": "2012/11/22", "地籍": "嘉義縣大埔鄉柳藤潭段20號", "座標X(1)": 202022.22, "座標Y(1)": 2571977.29, "座標X(2)": null, "座標Y(2)": null, "有無貼牌": "--", "有無QRCode": "無", "說明": "大壩落水池右案", "保管人": "陳乙震" }, "geometry": { "type": "Point", "coordinates": [ 120.531117973133249, 23.249394965390891 ] } },
{ "type": "Feature", "properties": { "工程（財產）名稱": "護岸", "工程（財產）別名": "高屏堰左低水護岸堤首工上游固床工程", "財產編號": "1110102-008B 00-0000033", "保管單位": "高屏溪攔河堰", "入帳日期(購置日期)": "2013-08-06", "清查日期": "2022/09/23", "地籍": "位河川地上無地籍資料", "座標X(1)": 190235.0, "座標Y(1)": 2512366.0, "座標X(2)": "193820", "座標Y(2)": "2513354", "有無貼牌": "是", "有無QRCode": "無", "說明": null, "保管人": "沈文忠" }, "geometry": { "type": "Point", "coordinates": [ 120.418236167328914, 22.7107016666065 ] } },
{ "type": "Feature", "properties": { "工程（財產）名稱": "護岸", "工程（財產）別名": "護岸/103曾文水庫集水區主流樂野壩下游右岸", "財產編號": "1110102-008B 00-0000039", "保管單位": "曾管中心", "入帳日期(購置日期)": "2014-04-20", "清查日期": "--", "地籍": "嘉義縣阿里山鄉烏茲娜段64號", "座標X(1)": 219441.0, "座標Y(1)": 2593918.0, "座標X(2)": null, "座標Y(2)": null, "有無貼牌": "--", "有無QRCode": "無", "說明": "RC護岸240公尺", "保管人": "許玿瑛" }, "geometry": { "type": "Point", "coordinates": [ 120.700904032534339, 23.44794014972442 ] } },
{ "type": "Feature", "properties": { "工程（財產）名稱": "護岸", "工程（財產）別名": "曾文水庫壩區災害復建(第一期)治理工程", "財產編號": "1110102-008B 00-0000031", "保管單位": "曾管中心", "入帳日期(購置日期)": "2012-07-30", "清查日期": "2012/11/16", "地籍": "台南市楠西區旺萊宅段5-134號", "座標X(1)": 198532.38, "座標Y(1)": 2567663.46, "座標X(2)": null, "座標Y(2)": null, "有無貼牌": "--", "有無QRCode": "無", "說明": "位於二號橋", "保管人": "陳乙震" }, "geometry": { "type": "Point", "coordinates": [ 120.497159031767097, 23.210335039726122 ] } },
{ "type": "Feature", "properties": { "工程（財產）名稱": "護岸", "工程（財產）別名": "護岸-二號橋右岸-77M", "財產編號": "1110102-008B 00-0000023", "保管單位": "曾管中心", "入帳日期(購置日期)": "2009-12-31", "清查日期": "2012/11/09", "地籍": "曾文溪河道", "座標X(1)": 198601.74, "座標Y(1)": 2567647.54, "座標X(2)": null, "座標Y(2)": null, "有無貼牌": "--", "有無QRCode": "無", "說明": "曾文水庫二號橋下游右岸警勤室後方河道旁", "保管人": "黃政達" }, "geometry": { "type": "Point", "coordinates": [ 120.497837199198045, 23.21019344470907 ] } },
{ "type": "Feature", "properties": { "工程（財產）名稱": "護岸", "工程（財產）別名": "護岸/103曾文水庫集水區主流樂野壩下游右岸", "財產編號": "1110102-008B 00-0000040", "保管單位": "曾管中心", "入帳日期(購置日期)": "2014-04-20", "清查日期": "--", "地籍": "嘉義縣阿里山鄉烏玆娜段65號", "座標X(1)": 219328.0, "座標Y(1)": 2593929.0, "座標X(2)": null, "座標Y(2)": null, "有無貼牌": "--", "有無QRCode": "無", "說明": "RC護岸340公尺", "保管人": "許玿瑛" }, "geometry": { "type": "Point", "coordinates": [ 120.699797833226313, 23.448037357283496 ] } },
{ "type": "Feature", "properties": { "工程（財產）名稱": "護岸", "工程（財產）別名": "樂野防砂壩護岸-75M", "財產編號": "1110102-008B 00-0000019", "保管單位": "曾管中心", "入帳日期(購置日期)": "2009-12-31", "清查日期": "2023/11/21", "地籍": "河川地無地籍資料", "座標X(1)": 220146.65, "座標Y(1)": 2593941.23, "座標X(2)": "220038", "座標Y(2)": "2593969", "有無貼牌": "是", "有無QRCode": "無", "說明": "財產標籤牌貼在橋上----日野賀橋下游側橋墩上", "保管人": "連偉成" }, "geometry": { "type": "Point", "coordinates": [ 120.707810044413407, 23.448163002480694 ] } },
{ "type": "Feature", "properties": { "工程（財產）名稱": "護岸", "工程（財產）別名": "草蘭溪1-四號護岸", "財產編號": "1110102-008B 00-0000005", "保管單位": "曾管中心", "入帳日期(購置日期)": "2009-02-05", "清查日期": "2012/11/14", "地籍": "嘉義縣大埔鄉埔東段5號", "座標X(1)": 213441.87, "座標Y(1)": 2576963.26, "座標X(2)": null, "座標Y(2)": null, "有無貼牌": "--", "有無QRCode": "無", "說明": "草灡溪", "保管人": "陳乙震" }, "geometry": { "type": "Point", "coordinates": [ 120.642599032801499, 23.29471299530794 ] } },
{ "type": "Feature", "properties": { "工程（財產）名稱": "護岸", "工程（財產）別名": "護岸-94M", "財產編號": "1110102-008B 00-0000022", "保管單位": "曾管中心", "入帳日期(購置日期)": "2009-12-31", "清查日期": "2012/11/09", "地籍": "台南市東山區下南勢段948-1號", "座標X(1)": 199887.42, "座標Y(1)": 2570339.82, "座標X(2)": null, "座標Y(2)": null, "有無貼牌": "--", "有無QRCode": "無", "說明": "曾文水庫四號橋，下游橋梁上游側左岸，下游橋梁下游側右岸", "保管人": "黃政達" }, "geometry": { "type": "Point", "coordinates": [ 120.510309336044614, 23.23454474125959 ] } },
{ "type": "Feature", "properties": { "工程（財產）名稱": "護岸", "工程（財產）別名": "圓潭子-階梯式護岸21M", "財產編號": "1110102-008B 00-0000005", "保管單位": "阿管中心", "入帳日期(購置日期)": "2009-12-31", "清查日期": "2012/05/25", "地籍": "高雄市田寮區水蛙潭段323-93號", "座標X(1)": 194858.0, "座標Y(1)": 2535412.0, "座標X(2)": null, "座標Y(2)": null, "有無貼牌": "--", "有無QRCode": "無", "說明": null, "保管人": "林堉介" }, "geometry": { "type": "Point", "coordinates": [ 120.46241958572277, 22.918977017997175 ] } },
{ "type": "Feature", "properties": { "工程（財產）名稱": "明渠", "工程（財產）別名": "明渠", "財產編號": "1110101-029C 00-0000030", "保管單位": "養護科", "入帳日期(購置日期)": "2017-12-15", "清查日期": "--", "地籍": "高雄市那瑪夏區", "座標X(1)": 221183.0, "座標Y(1)": 2573371.0, "座標X(2)": null, "座標Y(2)": null, "有無貼牌": "--", "有無QRCode": "無", "說明": null, "保管人": "吳宗翰" }, "geometry": { "type": "Point", "coordinates": [ 120.718345582839746, 23.262427966806378 ] } },
{ "type": "Feature", "properties": { "工程（財產）名稱": "明渠", "工程（財產）別名": "尖山村過鞍排水第二期", "財產編號": "1110101-029C 00-0000030", "保管單位": "阿管中心", "入帳日期(購置日期)": "2001-11-30", "清查日期": "2015/01/16", "地籍": "高雄市燕巢區尖山段1064-19號", "座標X(1)": 184748.22, "座標Y(1)": 2524095.72, "座標X(2)": null, "座標Y(2)": null, "有無貼牌": "--", "有無QRCode": "無", "說明": null, "保管人": "李冠緯" }, "geometry": { "type": "Point", "coordinates": [ 120.364339094781059, 22.816423125944279 ] } },
{ "type": "Feature", "properties": { "工程（財產）名稱": "護岸", "工程（財產）別名": "草蘭溪1-三號護岸90M", "財產編號": "1110102-008B 00-0000004", "保管單位": "曾管中心", "入帳日期(購置日期)": "2009-02-05", "清查日期": "2012/11/15", "地籍": "嘉義縣大埔鄉頂坪林段9號", "座標X(1)": 213406.36, "座標Y(1)": 2575342.35, "座標X(2)": null, "座標Y(2)": null, "有無貼牌": "--", "有無QRCode": "無", "說明": "草灡溪", "保管人": "陳乙震" }, "geometry": { "type": "Point", "coordinates": [ 120.642290995977035, 23.28007501226346 ] } },
{ "type": "Feature", "properties": { "工程（財產）名稱": "護岸", "工程（財產）別名": "里佳防砂壩上游-550M", "財產編號": "1110102-008B 00-0000004", "保管單位": "曾管中心", "入帳日期(購置日期)": "2008-06-17", "清查日期": "2013/06/14", "地籍": "嘉義縣阿里山鄉樂野段521、467號", "座標X(1)": 219922.12, "座標Y(1)": 2594334.67, "座標X(2)": "219829.6", "座標Y(2)": "2594334.67", "有無貼牌": "是", "有無QRCode": "無", "說明": null, "保管人": "連偉成" }, "geometry": { "type": "Point", "coordinates": [ 120.70560460344737, 23.45171167533017 ] } },
{ "type": "Feature", "properties": { "工程（財產）名稱": "護岸", "工程（財產）別名": "曾文壩區野溪治理工程-護岸-371M", "財產編號": "1110102-008B 00-0000026", "保管單位": "曾管中心", "入帳日期(購置日期)": "2011-09-30", "清查日期": "2015/07/17", "地籍": "無", "座標X(1)": 200751.51, "座標Y(1)": 2571110.92, "座標X(2)": null, "座標Y(2)": null, "有無貼牌": "--", "有無QRCode": "無", "說明": "曾文之眼對面野溪右岸", "保管人": "周駿宏" }, "geometry": { "type": "Point", "coordinates": [ 120.518727855610493, 23.241533967924898 ] } },
{ "type": "Feature", "properties": { "工程（財產）名稱": "明渠", "工程（財產）別名": "明渠", "財產編號": "1110101-029C 00-0000029", "保管單位": "養護科", "入帳日期(購置日期)": "2017-12-15", "清查日期": "--", "地籍": "高雄市那瑪夏區", "座標X(1)": 221380.0, "座標Y(1)": 2575170.0, "座標X(2)": null, "座標Y(2)": null, "有無貼牌": "--", "有無QRCode": "無", "說明": null, "保管人": "吳宗翰" }, "geometry": { "type": "Point", "coordinates": [ 120.720237103857244, 23.278676952740756 ] } },
{ "type": "Feature", "properties": { "工程（財產）名稱": "專用通行路", "工程（財產）別名": "道路A災損工程-290.89", "財產編號": "1110101-0011 00-0000020", "保管單位": "甲仙(堰區)", "入帳日期(購置日期)": "2009-03-18", "清查日期": "2021/06/18", "地籍": "高雄市甲仙區東大邱園段1407之7", "座標X(1)": 207207.165, "座標Y(1)": 2553711.154, "座標X(2)": "207216", "座標Y(2)": "2553777", "有無貼牌": "是", "有無QRCode": "無", "說明": "長290.89米", "保管人": "洪瑞隆" }, "geometry": { "type": "Point", "coordinates": [ 120.58230080089244, 23.084589272818523 ] } },
{ "type": "Feature", "properties": { "工程（財產）名稱": "明渠", "工程（財產）別名": "中坑上游整流工程", "財產編號": "1110101-029C 00-0000029", "保管單位": "阿管中心", "入帳日期(購置日期)": "2001-10-26", "清查日期": "2014/08/27", "地籍": "保安林地無地籍資料", "座標X(1)": 186070.0, "座標Y(1)": 2522631.01, "座標X(2)": null, "座標Y(2)": null, "有無貼牌": "--", "有無QRCode": "無", "說明": null, "保管人": "李冠緯" }, "geometry": { "type": "Point", "coordinates": [ 120.377274959927661, 22.803247017714714 ] } },
{ "type": "Feature", "properties": { "工程（財產）名稱": "擋土牆", "工程（財產）別名": "環湖道路下邊坡崩坍治", "財產編號": "1110102-0004 00-0000001", "保管單位": "曾管中心", "入帳日期(購置日期)": "2008-12-23", "清查日期": "2016/05/26", "地籍": "河川用地無地籍資料", "座標X(1)": 200806.0, "座標Y(1)": 2571071.0, "座標X(2)": null, "座標Y(2)": null, "有無貼牌": "--", "有無QRCode": "無", "說明": null, "保管人": "陳乙震" }, "geometry": { "type": "Point", "coordinates": [ 120.519261626596304, 23.24117511478752 ] } },
{ "type": "Feature", "properties": { "工程（財產）名稱": "擋土牆", "工程（財產）別名": "104年曾文水庫週邊零星工程", "財產編號": "1110102-0004 00-0000001", "保管單位": "養護科", "入帳日期(購置日期)": "2015-12-31", "清查日期": "2019/10/01", "地籍": "嘉義縣大埔鄉南寮段44號", "座標X(1)": 204188.0, "座標Y(1)": 2581507.0, "座標X(2)": null, "座標Y(2)": null, "有無貼牌": "--", "有無QRCode": "無", "說明": null, "保管人": "吳宗翰" }, "geometry": { "type": "Point", "coordinates": [ 120.551995455756654, 23.335511187295037 ] } },
{ "type": "Feature", "properties": { "工程（財產）名稱": "順霸", "工程（財產）別名": "高屏堰堰前導流牆工程-順壩", "財產編號": "2020406-002A 00-0000001", "保管單位": "高屏溪攔河堰", "入帳日期(購置日期)": "2015-11-02", "清查日期": "2022/08/19", "地籍": "位河川公地無地籍資料", "座標X(1)": 192334.0, "座標Y(1)": 2509698.0, "座標X(2)": "192053", "座標Y(2)": "2509798", "有無貼牌": "是", "有無QRCode": "無", "說明": "111年8月19日盤點因連日午後或不定時下兩,無法過去,故只能貼在河岸邊的牆面,係在最遠端的一座橫直壩", "保管人": "許子晏" }, "geometry": { "type": "Point", "coordinates": [ 120.438765629673867, 22.686680915590454 ] } },
{ "type": "Feature", "properties": { "工程（財產）名稱": "人行步道", "工程（財產）別名": "人行步道/109曾文水庫湖域保護帶第一期", "財產編號": "1110101-012B 00-0000001", "保管單位": "曾管中心", "入帳日期(購置日期)": "2020-11-05", "清查日期": "--", "地籍": null, "座標X(1)": 207682.0, "座標Y(1)": 2577554.0, "座標X(2)": null, "座標Y(2)": null, "有無貼牌": "--", "有無QRCode": "無", "說明": "人行步道", "保管人": "周駿宏" }, "geometry": { "type": "Point", "coordinates": [ 120.586273740644415, 23.299909057114082 ] } },
{ "type": "Feature", "properties": { "工程（財產）名稱": "丁壩", "工程（財產）別名": null, "財產編號": "2020406-001A 92-0000003", "保管單位": "曾管中心", "入帳日期(購置日期)": "2003-12-15", "清查日期": "2018/12/12", "地籍": "未登錄土地無地籍資料", "座標X(1)": 199025.35, "座標Y(1)": 2569784.98, "座標X(2)": null, "座標Y(2)": null, "有無貼牌": "--", "有無QRCode": "無", "說明": "位於曾庫公路3號橋下方", "保管人": "陳乙震" }, "geometry": { "type": "Point", "coordinates": [ 120.501904187205241, 23.229507991398183 ] } },
{ "type": "Feature", "properties": { "工程（財產）名稱": "人行步道", "工程（財產）別名": "人行步道/109曾文水庫湖域保護帶第二期", "財產編號": "1110101-012B 00-0000001", "保管單位": "曾管中心", "入帳日期(購置日期)": "2021-01-22", "清查日期": "--", "地籍": null, "座標X(1)": 207840.0, "座標Y(1)": 2577900.0, "座標X(2)": null, "座標Y(2)": null, "有無貼牌": "--", "有無QRCode": "無", "說明": "人行步道", "保管人": "周駿宏" }, "geometry": { "type": "Point", "coordinates": [ 120.587808786470802, 23.30303755892291 ] } },
{ "type": "Feature", "properties": { "工程（財產）名稱": "丁壩", "工程（財產）別名": "金山村3號橋上游攔砂", "財產編號": "2020406-001A 94-0000004", "保管單位": "阿管中心", "入帳日期(購置日期)": "2005-06-30", "清查日期": "2012/06/05", "地籍": "高雄市田寮區千秋寮段121-7號", "座標X(1)": 186875.0, "座標Y(1)": 2522407.0, "座標X(2)": null, "座標Y(2)": null, "有無貼牌": "--", "有無QRCode": "無", "說明": null, "保管人": "呂元鈞" }, "geometry": { "type": "Point", "coordinates": [ 120.385124974899952, 22.801254538976991 ] } },
{ "type": "Feature", "properties": { "工程（財產）名稱": "護岸", "工程（財產）別名": "三號護岸右岸-草蘭溪1", "財產編號": "1110102-008H 00-0000001", "保管單位": "曾管中心", "入帳日期(購置日期)": "2009-02-05", "清查日期": "2012/11/14", "地籍": "高雄市那瑪夏區達悟芒段22號", "座標X(1)": 213452.36, "座標Y(1)": 2575326.51, "座標X(2)": null, "座標Y(2)": null, "有無貼牌": "--", "有無QRCode": "無", "說明": "草灡溪", "保管人": "陳乙震" }, "geometry": { "type": "Point", "coordinates": [ 120.642741028544975, 23.279932997599801 ] } },
{ "type": "Feature", "properties": { "工程（財產）名稱": "丁壩", "工程（財產）別名": "集水區污水處理阻隔牆", "財產編號": "2020406-001A 00-0000010", "保管單位": "阿管中心", "入帳日期(購置日期)": "2006-01-26", "清查日期": "2014/09/02", "地籍": "高雄市田寮區牛稠埔段638-3、500-32號", "座標X(1)": 184397.25, "座標Y(1)": 2525389.79, "座標X(2)": "185463.94", "座標Y(2)": "2525389.79", "有無貼牌": "--", "有無QRCode": "無", "說明": null, "保管人": "陳煌祥" }, "geometry": { "type": "Point", "coordinates": [ 120.360865682265086, 22.828095389915223 ] } },
{ "type": "Feature", "properties": { "工程（財產）名稱": "護岸", "工程（財產）別名": "牡丹村白勇務野溪護岸", "財產編號": "1110102-008H 00-0000001", "保管單位": "牡管中心", "入帳日期(購置日期)": "2008-12-10", "清查日期": "2014/02/14", "地籍": "屏東縣牡丹鄉牡丹段182號", "座標X(1)": 231822.62, "座標Y(1)": 2450906.66, "座標X(2)": null, "座標Y(2)": null, "有無貼牌": "--", "有無QRCode": "無", "說明": null, "保管人": "周百欽" }, "geometry": { "type": "Point", "coordinates": [ 120.823757043213973, 22.156602042618065 ] } },
{ "type": "Feature", "properties": { "工程（財產）名稱": "明渠", "工程（財產）別名": "106年高屏溪集水區那瑪夏地區排水改善工程", "財產編號": "1110101-029C 00-0000028", "保管單位": "養護科", "入帳日期(購置日期)": "2017-05-25", "清查日期": "--", "地籍": "高雄市那瑪夏區達卡努瓦段189號(私)", "座標X(1)": 221269.0, "座標Y(1)": 2575195.0, "座標X(2)": null, "座標Y(2)": null, "有無貼牌": "--", "有無QRCode": "無", "說明": null, "保管人": "吳宗翰" }, "geometry": { "type": "Point", "coordinates": [ 120.719151606229161, 23.278900772435055 ] } },
{ "type": "Feature", "properties": { "工程（財產）名稱": "箱涵", "工程（財產）別名": "大埔茶山區工程-箱涵", "財產編號": "1110101-028A 00-0000049", "保管單位": "曾管中心", "入帳日期(購置日期)": "2007-12-31", "清查日期": "2023/03/16", "地籍": "嘉義縣阿里山鄉茶山段276號", "座標X(1)": 215483.62, "座標Y(1)": 2577289.14, "座標X(2)": "215471", "座標Y(2)": "2577272", "有無貼牌": "是", "有無QRCode": "無", "說明": null, "保管人": "連偉成" }, "geometry": { "type": "Point", "coordinates": [ 120.662551969456871, 23.297699982379317 ] } },
{ "type": "Feature", "properties": { "工程（財產）名稱": "明渠", "工程（財產）別名": "南寮區處理工程-70.8M", "財產編號": "1110101-029C 00-0000028", "保管單位": "曾管中心", "入帳日期(購置日期)": "2007-12-31", "清查日期": "2012/11/13", "地籍": "嘉義縣大埔鄉南寮段16號", "座標X(1)": 206301.59, "座標Y(1)": 2583485.95, "座標X(2)": null, "座標Y(2)": null, "有無貼牌": "--", "有無QRCode": "無", "說明": "位於南寮產業道路謝文科住處下方", "保管人": "陳乙震" }, "geometry": { "type": "Point", "coordinates": [ 120.572607008137496, 23.353439035135914 ] } },
{ "type": "Feature", "properties": { "工程（財產）名稱": "箱涵", "工程（財產）別名": "第四段管箱涵", "財產編號": "1110101-028A 91-0000003", "保管單位": "曾管中心", "入帳日期(購置日期)": "1974-01-01", "清查日期": "2015/04/20", "地籍": "嘉義縣大埔鄉大埔段1484-21號", "座標X(1)": 202953.23, "座標Y(1)": 2570502.58, "座標X(2)": null, "座標Y(2)": null, "有無貼牌": "--", "有無QRCode": "無", "說明": "環湖道路", "保管人": "陳乙震" }, "geometry": { "type": "Point", "coordinates": [ 120.540262047126731, 23.236104982798274 ] } },
{ "type": "Feature", "properties": { "工程（財產）名稱": "護坡", "工程（財產）別名": "曾文水庫湖岸邊坡治理工程", "財產編號": "1110102-003C 00-0000001", "保管單位": "曾管中心", "入帳日期(購置日期)": "2010-07-16", "清查日期": "2015/01/16", "地籍": "嘉義縣大埔鄉沙美其段48號", "座標X(1)": 210448.28, "座標Y(1)": 2580850.28, "座標X(2)": null, "座標Y(2)": null, "有無貼牌": "--", "有無QRCode": "無", "說明": "台三公路沙美其橋左側山坡", "保管人": "陳乙震" }, "geometry": { "type": "Point", "coordinates": [ 120.613231967898315, 23.329744040815864 ] } },
{ "type": "Feature", "properties": { "工程（財產）名稱": "箱涵", "工程（財產）別名": "曾文永興大埔區處理工", "財產編號": "1110101-028A 95-0000035", "保管單位": "曾管中心", "入帳日期(購置日期)": "2006-03-30", "清查日期": "2014/03/11", "地籍": "嘉義縣大埔鄉永興段97號", "座標X(1)": 208341.61, "座標Y(1)": 2584648.92, "座標X(2)": null, "座標Y(2)": null, "有無貼牌": "--", "有無QRCode": "無", "說明": "位於永興產業道路", "保管人": "陳乙震" }, "geometry": { "type": "Point", "coordinates": [ 120.59252698309939, 23.363993966859006 ] } },
{ "type": "Feature", "properties": { "工程（財產）名稱": "護坡", "工程（財產）別名": "環湖道路及電廠聯外道路復建工程-14928M2", "財產編號": "1110102-003C 00-0000001", "保管單位": "曾管中心", "入帳日期(購置日期)": "2011-07-27", "清查日期": "2025/02/26", "地籍": "台南市東山區下南勢段946-11號", "座標X(1)": 201800.0, "座標Y(1)": 2571800.0, "座標X(2)": "201715", "座標Y(2)": "2571886", "有無貼牌": "是", "有無QRCode": "有", "說明": "14928平方公尺,莫拉克風災復建工程---在入曾文電廠的管制大門外左邊", "保管人": "許玿瑛" }, "geometry": { "type": "Point", "coordinates": [ 120.528951918670487, 23.247787513472566 ] } },
{ "type": "Feature", "properties": { "工程（財產）名稱": "箱涵", "工程（財產）別名": "木梓山等零星工程", "財產編號": "1110101-028A 00-0000060", "保管單位": "阿管中心", "入帳日期(購置日期)": "2009-12-02", "清查日期": "2014/08/19", "地籍": "高雄市田寮區牛稠埔段638-3號", "座標X(1)": 184448.0, "座標Y(1)": 2525786.16, "座標X(2)": "184404.54", "座標Y(2)": "2525786.16", "有無貼牌": "--", "有無QRCode": "無", "說明": "箱涵在水裡", "保管人": "林堉介" }, "geometry": { "type": "Point", "coordinates": [ 120.361343389169349, 22.831676738975702 ] } },
{ "type": "Feature", "properties": { "工程（財產）名稱": "護岸", "工程（財產）別名": "三號護岸左岸上游-草1", "財產編號": "1110102-008H 00-0000004", "保管單位": "曾管中心", "入帳日期(購置日期)": "2009-02-05", "清查日期": "2012/11/20", "地籍": "嘉義縣大埔鄉頂坪林段14號", "座標X(1)": 213352.78, "座標Y(1)": 2575023.33, "座標X(2)": null, "座標Y(2)": null, "有無貼牌": "--", "有無QRCode": "無", "說明": "草灡溪", "保管人": "陳乙震" }, "geometry": { "type": "Point", "coordinates": [ 120.641774955750321, 23.277192990178079 ] } },
{ "type": "Feature", "properties": { "工程（財產）名稱": "箱涵", "工程（財產）別名": "102曾文水庫公共設施改善工程(楠西區)照興", "財產編號": "1110101-028A 00-0000433", "保管單位": "曾管中心", "入帳日期(購置日期)": "2014-02-01", "清查日期": "2016/04/28", "地籍": "王萊宅8-2號", "座標X(1)": 197991.0, "座標Y(1)": 2567054.0, "座標X(2)": null, "座標Y(2)": null, "有無貼牌": "--", "有無QRCode": "無", "說明": null, "保管人": "周駿宏" }, "geometry": { "type": "Point", "coordinates": [ 120.491890693277924, 23.204814530508816 ] } },
{ "type": "Feature", "properties": { "工程（財產）名稱": "護岸", "工程（財產）別名": "圓潭子箱籠-21M", "財產編號": "1110102-008H 00-0000004", "保管單位": "阿管中心", "入帳日期(購置日期)": "2009-12-31", "清查日期": "2012/06/07", "地籍": "高市內門區東勢埔段686-3號", "座標X(1)": 194858.0, "座標Y(1)": 2535415.0, "座標X(2)": null, "座標Y(2)": null, "有無貼牌": "--", "有無QRCode": "無", "說明": null, "保管人": "林堉介" }, "geometry": { "type": "Point", "coordinates": [ 120.462419478859161, 22.91900410928621 ] } },
{ "type": "Feature", "properties": { "工程（財產）名稱": "箱涵", "工程（財產）別名": "阿管白嶺便橋修復工程", "財產編號": "1110101-028A 95-0000036", "保管單位": "阿管中心", "入帳日期(購置日期)": "2006-07-20", "清查日期": "2012/05/25", "地籍": "高雄市燕巢區尖山段529-10地號", "座標X(1)": 186348.0, "座標Y(1)": 2522250.0, "座標X(2)": null, "座標Y(2)": null, "有無貼牌": "--", "有無QRCode": "無", "說明": null, "保管人": "邱柏翰" }, "geometry": { "type": "Point", "coordinates": [ 120.379998324952169, 22.799816885482965 ] } },
{ "type": "Feature", "properties": { "工程（財產）名稱": "護坡", "工程（財產）別名": "箱籠護坡", "財產編號": "1110102-003E 00-0000003", "保管單位": "養護科", "入帳日期(購置日期)": "2018-03-31", "清查日期": "--", "地籍": null, "座標X(1)": 226948.0, "座標Y(1)": 2562874.0, "座標X(2)": null, "座標Y(2)": null, "有無貼牌": "--", "有無QRCode": "無", "說明": null, "保管人": "吳宗翰" }, "geometry": { "type": "Point", "coordinates": [ 120.774850646096894, 23.167726603522809 ] } },
{ "type": "Feature", "properties": { "工程（財產）名稱": "箱涵", "工程（財產）別名": "里佳村第一鄰及達邦村拉拉克斯道路改善工程", "財產編號": "1110101-028A 00-0000077", "保管單位": "養護科", "入帳日期(購置日期)": "2012-02-08", "清查日期": "2012/12/21", "地籍": "嘉義縣阿里山鄉達邦村特富野段37號", "座標X(1)": 226681.0, "座標Y(1)": 2595908.0, "座標X(2)": null, "座標Y(2)": null, "有無貼牌": "--", "有無QRCode": "無", "說明": null, "保管人": "吳宗翰" }, "geometry": { "type": "Point", "coordinates": [ 120.771734082589234, 23.466029846090343 ] } },
{ "type": "Feature", "properties": { "工程（財產）名稱": "護坡", "工程（財產）別名": "風吹嶺段邊坡崩坍工程", "財產編號": "1110102-003E 00-0000003", "保管單位": "曾管中心", "入帳日期(購置日期)": "2008-12-31", "清查日期": "2012/11/20", "地籍": "嘉義縣大埔鄉大埔段2170號", "座標X(1)": 203192.87, "座標Y(1)": 2570753.87, "座標X(2)": null, "座標Y(2)": null, "有無貼牌": "--", "有無QRCode": "無", "說明": "環湖道路風吹嶺收費站下方", "保管人": "陳乙震" }, "geometry": { "type": "Point", "coordinates": [ 120.54259600130527, 23.238381008866128 ] } },
{ "type": "Feature", "properties": { "工程（財產）名稱": "箱涵", "工程（財產）別名": "箱涵106曾文水庫週邊零星工程", "財產編號": "1110101-028A 00-0000506", "保管單位": "養護科", "入帳日期(購置日期)": "2018-03-31", "清查日期": "--", "地籍": null, "座標X(1)": 220753.0, "座標Y(1)": 2592080.0, "座標X(2)": "220784", "座標Y(2)": "2592080", "有無貼牌": "--", "有無QRCode": "無", "說明": null, "保管人": "吳宗翰" }, "geometry": { "type": "Point", "coordinates": [ 120.713780841910236, 23.431366872748207 ] } },
{ "type": "Feature", "properties": { "工程（財產）名稱": "擋土牆", "工程（財產）別名": "加勁擋土牆-旺萊溪公館仔邊坡保護工程", "財產編號": "1110102-004A 00-0000001", "保管單位": "阿管中心", "入帳日期(購置日期)": "2011-12-17", "清查日期": "2012/05/22", "地籍": "高雄市田寮區牛稠埔段638-30號", "座標X(1)": 184427.84, "座標Y(1)": 2525518.77, "座標X(2)": null, "座標Y(2)": null, "有無貼牌": "--", "有無QRCode": "無", "說明": null, "保管人": "呂元鈞" }, "geometry": { "type": "Point", "coordinates": [ 120.361158255008363, 22.829261321989332 ] } },
{ "type": "Feature", "properties": { "工程（財產）名稱": "箱涵", "工程（財產）別名": "曾文草蘭溪處理工程", "財產編號": "1110101-028A 94-0000022", "保管單位": "曾管中心", "入帳日期(購置日期)": "2003-07-19", "清查日期": "2014/03/12", "地籍": "嘉義縣大埔鄉頂坪林段14號", "座標X(1)": 213401.64, "座標Y(1)": 2576454.07, "座標X(2)": null, "座標Y(2)": null, "有無貼牌": "--", "有無QRCode": "無", "說明": "位於草籣溪產業道路", "保管人": "陳乙震" }, "geometry": { "type": "Point", "coordinates": [ 120.642218032324024, 23.290113998322653 ] } },
{ "type": "Feature", "properties": { "工程（財產）名稱": "擋土牆", "工程（財產）別名": "出口通達道路-527", "財產編號": "1110102-004A 00-0000001", "保管單位": "甲仙(堰區)", "入帳日期(購置日期)": "2009-09-30", "清查日期": "2021/09/27", "地籍": "台南市南化區西大邱園段242-1號地", "座標X(1)": 204266.0, "座標Y(1)": 2554029.0, "座標X(2)": null, "座標Y(2)": null, "有無貼牌": "是", "有無QRCode": "無", "說明": "用布包土--加勁擋土牆", "保管人": "洪瑞隆" }, "geometry": { "type": "Point", "coordinates": [ 120.553583376633014, 23.087381008136564 ] } },
{ "type": "Feature", "properties": { "工程（財產）名稱": "大門", "工程（財產）別名": "高屏堰防洪牆加高工程-快拆式防水大門", "財產編號": "2020202-021A 00-0000001", "保管單位": "高屏溪攔河堰", "入帳日期(購置日期)": "2010-12-31", "清查日期": "2025/02/27", "地籍": "高雄市大樹區保安段河川公地無地籍資料", "座標X(1)": 192063.0, "座標Y(1)": 2509825.0, "座標X(2)": "191955", "座標Y(2)": "2509833", "有無貼牌": "是", "有無QRCode": "有", "說明": null, "保管人": "沈文忠" }, "geometry": { "type": "Point", "coordinates": [ 120.436123528276269, 22.687818540443224 ] } },
{ "type": "Feature", "properties": { "工程（財產）名稱": "護岸", "工程（財產）別名": "箱籠護岸", "財產編號": "1110102-008H 00-0000005", "保管單位": "曾管中心", "入帳日期(購置日期)": "2009-01-20", "清查日期": "2012/11/19", "地籍": "高雄市那瑪夏區達悟芒段16號", "座標X(1)": 213502.35, "座標Y(1)": 2576102.56, "座標X(2)": null, "座標Y(2)": null, "有無貼牌": "--", "有無QRCode": "無", "說明": "草灡溪", "保管人": "陳乙震" }, "geometry": { "type": "Point", "coordinates": [ 120.64321100871085, 23.286942024298074 ] } },
{ "type": "Feature", "properties": { "工程（財產）名稱": "大門", "工程（財產）別名": "高屏堰防洪牆加高工程-快拆式防水側門", "財產編號": "2020202-021A 00-0000002", "保管單位": "高屏溪攔河堰", "入帳日期(購置日期)": "2010-12-31", "清查日期": "2025/02/27", "地籍": "高雄市大樹區保安段河川公地無地籍資料", "座標X(1)": 192063.0, "座標Y(1)": 2509810.0, "座標X(2)": "192068", "座標Y(2)": "2509924", "有無貼牌": "是", "有無QRCode": "有", "說明": null, "保管人": "沈文忠" }, "geometry": { "type": "Point", "coordinates": [ 120.436124082439548, 22.687683080672105 ] } },
{ "type": "Feature", "properties": { "工程（財產）名稱": "護岸", "工程（財產）別名": "尖山村(段)邊坡工程-454M3", "財產編號": "1110102-008H 00-0000005", "保管單位": "阿管中心", "入帳日期(購置日期)": "2010-12-15", "清查日期": "2015/05/05", "地籍": null, "座標X(1)": 183701.0, "座標Y(1)": 2525173.0, "座標X(2)": null, "座標Y(2)": null, "有無貼牌": "--", "有無QRCode": "無", "說明": null, "保管人": "呂元鈞" }, "geometry": { "type": "Point", "coordinates": [ 120.354092038956566, 22.82611034291692 ] } },
{ "type": "Feature", "properties": { "工程（財產）名稱": "有襯砌隧道", "工程（財產）別名": "越域引水一工區", "財產編號": "1110101-026A 00-0000006", "保管單位": "阿管中心", "入帳日期(購置日期)": "2005-12-05", "清查日期": "2012/05/21", "地籍": "高雄市內門東勢埔段684號", "座標X(1)": 195031.419, "座標Y(1)": 2535451.069, "座標X(2)": null, "座標Y(2)": null, "有無貼牌": "--", "有無QRCode": "無", "說明": null, "保管人": "呂元鈞" }, "geometry": { "type": "Point", "coordinates": [ 120.464108806449332, 22.919335541202305 ] } },
{ "type": "Feature", "properties": { "工程（財產）名稱": "護岸", "工程（財產）別名": "三號護岸左岸-草蘭溪1", "財產編號": "1110102-008H 00-0000002", "保管單位": "曾管中心", "入帳日期(購置日期)": "2009-02-05", "清查日期": "2012/11/15", "地籍": "嘉義縣大埔鄉頂坪林段9號", "座標X(1)": 213410.15, "座標Y(1)": 2575345.77, "座標X(2)": null, "座標Y(2)": null, "有無貼牌": "--", "有無QRCode": "無", "說明": "草灡溪", "保管人": "陳乙震" }, "geometry": { "type": "Point", "coordinates": [ 120.642327960825895, 23.280105980127313 ] } },
{ "type": "Feature", "properties": { "工程（財產）名稱": "護岸", "工程（財產）別名": "新興橋上游崩坍地-66M", "財產編號": "1110102-008H 00-0000002", "保管單位": "阿管中心", "入帳日期(購置日期)": "2008-12-31", "清查日期": "2014/08/26", "地籍": "高雄市田寮區牛稠埔段476-40號", "座標X(1)": 185678.28, "座標Y(1)": 2525111.84, "座標X(2)": null, "座標Y(2)": null, "有無貼牌": "--", "有無QRCode": "無", "說明": null, "保管人": "林堉介" }, "geometry": { "type": "Point", "coordinates": [ 120.373357016714735, 22.825634970624883 ] } },
{ "type": "Feature", "properties": { "工程（財產）名稱": "明渠", "工程（財產）別名": "明渠/113甲仙攔河堰週邊排水零星工程", "財產編號": "1110101-029C 00-0000591", "保管單位": "甲仙攔河堰管理中心", "入帳日期(購置日期)": "2024-08-22", "清查日期": "--", "地籍": "高雄市甲仙區東阿里關段22-1,23,24號", "座標X(1)": 210383.0, "座標Y(1)": 2557413.0, "座標X(2)": null, "座標Y(2)": null, "有無貼牌": "--", "有無QRCode": "無", "說明": "長62公尺", "保管人": "洪瑞隆" }, "geometry": { "type": "Point", "coordinates": [ 120.613203726386431, 23.118097413006868 ] } },
{ "type": "Feature", "properties": { "工程（財產）名稱": "取水設備用建築", "工程（財產）別名": "閘室-曾文水庫防淤隧道工程", "財產編號": "2020403-001A 00-0000003", "保管單位": "曾管中心", "入帳日期(購置日期)": "2018-11-30", "清查日期": "2019/10/07", "地籍": "嘉義縣大埔鄉柳藤潭段53-18", "座標X(1)": 202664.86, "座標Y(1)": 2571428.25, "座標X(2)": null, "座標Y(2)": null, "有無貼牌": "--", "有無QRCode": "無", "說明": "地表閘室(含周遭綠美化、門禁系統、消防設備及電信設備)", "保管人": "楊振瑞" }, "geometry": { "type": "Point", "coordinates": [ 120.537415368288151, 23.244455667998562 ] } },
{ "type": "Feature", "properties": { "工程（財產）名稱": "公廁", "工程（財產）別名": "辦公區公廁", "財產編號": "2020202-006C 91-0000003", "保管單位": "秘書室", "入帳日期(購置日期)": "1974-11-01", "清查日期": "2013/09/12", "地籍": "台南市楠西區楠西段密枝段102-1號", "座標X(1)": 198714.0, "座標Y(1)": 2568898.0, "座標X(2)": null, "座標Y(2)": null, "有無貼牌": "是", "有無QRCode": "無", "說明": null, "保管人": "陳奕瑋" }, "geometry": { "type": "Point", "coordinates": [ 120.498891831139858, 23.221488775113656 ] } },
{ "type": "Feature", "properties": { "工程（財產）名稱": "取水設備用建築", "工程（財產）別名": "牡丹水庫-取水塔", "財產編號": "2020403-001A 00-0000002", "保管單位": "牡管中心", "入帳日期(購置日期)": "1996-08-04", "清查日期": "2023/05/30", "地籍": "屏東縣牡丹鄉石門段337-2號", "座標X(1)": 227267.01, "座標Y(1)": 2448443.65, "座標X(2)": "227256", "座標Y(2)": "2448442", "有無貼牌": "是", "有無QRCode": "無", "說明": null, "保管人": "梁漢銘" }, "geometry": { "type": "Point", "coordinates": [ 120.779621931196914, 22.13430333606269 ] } },
{ "type": "Feature", "properties": { "工程（財產）名稱": "公廁", "工程（財產）別名": "大埔壩址公廁", "財產編號": "2020202-006C 91-0000003", "保管單位": "曾管中心", "入帳日期(購置日期)": "1974-11-01", "清查日期": "2022/03/15", "地籍": "嘉義縣大埔鄉柳藤潭段53-9號及臺南市東山區下南勢段(3248)948-11地號", "座標X(1)": 202943.33, "座標Y(1)": 2570998.51, "座標X(2)": "202756", "座標Y(2)": "2571244", "有無貼牌": "是", "有無QRCode": "無", "說明": "環湖道路水上樂園", "保管人": "黃冠璋" }, "geometry": { "type": "Point", "coordinates": [ 120.540149961115731, 23.240583032937327 ] } },
{ "type": "Feature", "properties": { "工程（財產）名稱": "取水設備用建築", "工程（財產）別名": "灌溉管改善及排砂管路", "財產編號": "2020403-001A 00-0000001", "保管單位": "阿管中心", "入帳日期(購置日期)": "2005-11-17", "清查日期": "2015/03/17", "地籍": null, "座標X(1)": 181767.0, "座標Y(1)": 2523917.0, "座標X(2)": "181712", "座標Y(2)": "2523917", "有無貼牌": "--", "有無QRCode": "無", "說明": null, "保管人": "呂元鈞" }, "geometry": { "type": "Point", "coordinates": [ 120.335306355974438, 22.814690752798366 ] } },
{ "type": "Feature", "properties": { "工程（財產）名稱": "護坡", "工程（財產）別名": "護坡/植生/前瞻計畫/109曾文水庫湖域保護帶", "財產編號": "1110102-003D 00-0000004", "保管單位": "曾管中心", "入帳日期(購置日期)": "2020-11-05", "清查日期": "--", "地籍": null, "座標X(1)": 207650.0, "座標Y(1)": 2577561.0, "座標X(2)": null, "座標Y(2)": null, "有無貼牌": "--", "有無QRCode": "無", "說明": "護坡", "保管人": "周駿宏" }, "geometry": { "type": "Point", "coordinates": [ 120.585960700076171, 23.299971442546994 ] } },
{ "type": "Feature", "properties": { "工程（財產）名稱": "護坡", "工程（財產）別名": "東口野溪護坡-2269M2", "財產編號": "1110102-003D 00-0000004", "保管單位": "曾管中心", "入帳日期(購置日期)": "2009-12-31", "清查日期": "2012/11/13", "地籍": null, "座標X(1)": 202563.28, "座標Y(1)": 2571643.11, "座標X(2)": null, "座標Y(2)": null, "有無貼牌": "--", "有無QRCode": "無", "說明": "嘉義縣大埔鄉柳藤潭段44-3", "保管人": "黃政達" }, "geometry": { "type": "Point", "coordinates": [ 120.53641599355872, 23.246392962034115 ] } },
{ "type": "Feature", "properties": { "工程（財產）名稱": "排水暗管", "工程（財產）別名": "排水暗管", "財產編號": "2020405-004B 00-0000002", "保管單位": "阿管中心", "入帳日期(購置日期)": "2010-09-27", "清查日期": "2015/05/05", "地籍": null, "座標X(1)": 183887.0, "座標Y(1)": 2523155.0, "座標X(2)": null, "座標Y(2)": null, "有無貼牌": "--", "有無QRCode": "無", "說明": null, "保管人": "呂元鈞" }, "geometry": { "type": "Point", "coordinates": [ 120.355989721012833, 22.807894388838779 ] } },
{ "type": "Feature", "properties": { "工程（財產）名稱": "明渠", "工程（財產）別名": "排水溝-14m-濁水溪4號攔砂壩", "財產編號": "1110101-029C 00-0000068", "保管單位": "阿管中心", "入帳日期(購置日期)": "2010-04-20", "清查日期": "--", "地籍": null, "座標X(1)": 186775.126, "座標Y(1)": 2522529.339, "座標X(2)": null, "座標Y(2)": null, "有無貼牌": "--", "有無QRCode": "無", "說明": null, "保管人": "林堉介" }, "geometry": { "type": "Point", "coordinates": [ 120.384147222097482, 22.80235555967932 ] } },
{ "type": "Feature", "properties": { "工程（財產）名稱": "箱涵", "工程（財產）別名": "達邦潮州處理工程", "財產編號": "1110101-028C 00-0000001", "保管單位": "曾管中心", "入帳日期(購置日期)": "2007-12-31", "清查日期": "2012/11/20", "地籍": "嘉義縣番路鄉公田段268號", "座標X(1)": 216189.14, "座標Y(1)": 2592521.57, "座標X(2)": null, "座標Y(2)": null, "有無貼牌": "找不到", "有無QRCode": "無", "說明": null, "保管人": "連偉成" }, "geometry": { "type": "Point", "coordinates": [ 120.669108270893119, 23.435266034944433 ] } },
{ "type": "Feature", "properties": { "工程（財產）名稱": "擋土牆", "工程（財產）別名": "擋土牆", "財產編號": "1110102-0004 00-0000465", "保管單位": "阿管中心", "入帳日期(購置日期)": "2015-12-31", "清查日期": "2019/06/21", "地籍": "水蛙潭段1758(112林班地)", "座標X(1)": 189480.0, "座標Y(1)": 2523999.0, "座標X(2)": null, "座標Y(2)": null, "有無貼牌": "--", "有無QRCode": "無", "說明": null, "保管人": "陳煌祥" }, "geometry": { "type": "Point", "coordinates": [ 120.410436311512015, 22.8157268736758 ] } },
{ "type": "Feature", "properties": { "工程（財產）名稱": "崗亭", "工程（財產）別名": "崗亭", "財產編號": "2020201-005H 00-0000003", "保管單位": "牡管中心", "入帳日期(購置日期)": "2013-12-31", "清查日期": "2025/01/24", "地籍": "屏東縣牡丹鄉牡丹段848號", "座標X(1)": 227818.0, "座標Y(1)": 2448288.0, "座標X(2)": null, "座標Y(2)": null, "有無貼牌": "是", "有無QRCode": "有", "說明": "運轉室崗亭 在壩頂上", "保管人": "周百欽" }, "geometry": { "type": "Point", "coordinates": [ 120.784965440959795, 22.132904684812601 ] } },
{ "type": "Feature", "properties": { "工程（財產）名稱": "擋土牆", "工程（財產）別名": "103年阿公店水庫集水區水土保持零星工程", "財產編號": "1110102-0004 00-0000400", "保管單位": "阿管中心", "入帳日期(購置日期)": "2015-01-16", "清查日期": "2019/06/21", "地籍": "高雄市燕巢區尖山段602-7號", "座標X(1)": 186560.0, "座標Y(1)": 2522761.0, "座標X(2)": null, "座標Y(2)": null, "有無貼牌": "--", "有無QRCode": "無", "說明": null, "保管人": "陳煌祥" }, "geometry": { "type": "Point", "coordinates": [ 120.382042411442129, 22.804439452012808 ] } },
{ "type": "Feature", "properties": { "工程（財產）名稱": "崗亭", "工程（財產）別名": "崗亭", "財產編號": "2020201-005H 00-0000002", "保管單位": "牡管中心", "入帳日期(購置日期)": "2013-12-31", "清查日期": "2025/01/24", "地籍": "屏東 縣牡丹鄉牡丹段848號", "座標X(1)": 227816.62, "座標Y(1)": 2448289.25, "座標X(2)": "227835", "座標Y(2)": "2448097", "有無貼牌": "是", "有無QRCode": "有", "說明": "溢洪道崗亭", "保管人": "周百欽" }, "geometry": { "type": "Point", "coordinates": [ 120.784952046036551, 22.132915956746725 ] } },
{ "type": "Feature", "properties": { "工程（財產）名稱": "大門", "工程（財產）別名": "高屏堰防洪牆加高工程-伸縮門側門", "財產編號": "2020202-021A 00-0000003", "保管單位": "高屏溪攔河堰", "入帳日期(購置日期)": "2010-12-31", "清查日期": "2021/06/17", "地籍": "高雄市大樹區保安段河川公地無地籍資料", "座標X(1)": 192063.0, "座標Y(1)": 2509810.0, "座標X(2)": "192068", "座標Y(2)": "2509927", "有無貼牌": "是", "有無QRCode": "無", "說明": null, "保管人": "沈文忠" }, "geometry": { "type": "Point", "coordinates": [ 120.436124082439548, 22.687683080672105 ] } },
{ "type": "Feature", "properties": { "工程（財產）名稱": "擋土牆", "工程（財產）別名": "102年度曾文水庫週邊零星工程", "財產編號": "1110102-0004 00-0000361", "保管單位": "養護科", "入帳日期(購置日期)": "2014-01-09", "清查日期": "--", "地籍": "嘉義縣大埔鄉大埔段未編列地號", "座標X(1)": 209012.0, "座標Y(1)": 2579459.0, "座標X(2)": null, "座標Y(2)": null, "有無貼牌": "--", "有無QRCode": "無", "說明": null, "保管人": "吳宗翰" }, "geometry": { "type": "Point", "coordinates": [ 120.599224824165134, 23.317145279372681 ] } },
{ "type": "Feature", "properties": { "工程（財產）名稱": "擋土牆", "工程（財產）別名": "103曾文水庫湖域保護帶治理工程第三期", "財產編號": "1110102-0004 00-0000444", "保管單位": "曾管中心", "入帳日期(購置日期)": "2015-09-07", "清查日期": "2015/07/01", "地籍": "嘉義縣大埔鄉柳騰潭段14-5號", "座標X(1)": 202673.0, "座標Y(1)": 2572193.0, "座標X(2)": null, "座標Y(2)": null, "有無貼牌": "--", "有無QRCode": "無", "說明": "位竹崙仔產業道路上", "保管人": "周駿宏" }, "geometry": { "type": "Point", "coordinates": [ 120.537471101429603, 23.251361715184029 ] } },
{ "type": "Feature", "properties": { "工程（財產）名稱": "專用通行路", "工程（財產）別名": "莫拉克風災堤防搶修工程G段-1.099公里", "財產編號": "1110101-0011 00-0000026", "保管單位": "甲仙(堰區)", "入帳日期(購置日期)": "2011-04-15", "清查日期": "2021/06/18", "地籍": "東阿里關421-198號地", "座標X(1)": 207429.92, "座標Y(1)": 2553785.24, "座標X(2)": "207434", "座標Y(2)": "2553767", "有無貼牌": "是", "有無QRCode": "無", "說明": "長1099米", "保管人": "洪瑞隆" }, "geometry": { "type": "Point", "coordinates": [ 120.584473003165684, 23.085264034179122 ] } },
{ "type": "Feature", "properties": { "工程（財產）名稱": "擋土牆", "工程（財產）別名": "103年度曾文水庫湖域保護帶治理工程第二期", "財產編號": "1110102-0004 00-0000419", "保管單位": "曾管中心", "入帳日期(購置日期)": "2015-05-08", "清查日期": "--", "地籍": "高雄市那瑪夏區達悟芒段2號地", "座標X(1)": 213562.0, "座標Y(1)": 2577031.0, "座標X(2)": null, "座標Y(2)": null, "有無貼牌": "--", "有無QRCode": "無", "說明": null, "保管人": "陳乙震" }, "geometry": { "type": "Point", "coordinates": [ 120.643771806345015, 23.295327374298257 ] } },
{ "type": "Feature", "properties": { "工程（財產）名稱": "專用公路", "工程（財產）別名": "102年曾文水庫通達道路改善工程第二期", "財產編號": "1110101-0009 00-0000026", "保管單位": "曾管中心", "入帳日期(購置日期)": "2014-06-26", "清查日期": "--", "地籍": "台南市楠西區密枝段107號", "座標X(1)": 198497.895, "座標Y(1)": 2568435.767, "座標X(2)": null, "座標Y(2)": null, "有無貼牌": "--", "有無QRCode": "無", "說明": null, "保管人": "陳乙震" }, "geometry": { "type": "Point", "coordinates": [ 120.496796001223231, 23.217308004457081 ] } },
{ "type": "Feature", "properties": { "工程（財產）名稱": "擋土牆", "工程（財產）別名": "101年度曾文水庫週邊零星工程-永樂區", "財產編號": "1110102-0004 00-0000334", "保管單位": "養護科", "入帳日期(購置日期)": "2012-11-16", "清查日期": "2014/04/18", "地籍": "嘉義縣大埔鄉南寮段31地號", "座標X(1)": 205491.0, "座標Y(1)": 2581627.0, "座標X(2)": null, "座標Y(2)": null, "有無貼牌": "--", "有無QRCode": "無", "說明": "B工區L溝擋土牆0.8m(H)×15m(L)", "保管人": "吳宗翰" }, "geometry": { "type": "Point", "coordinates": [ 120.564733928305429, 23.336630723806909 ] } },
{ "type": "Feature", "properties": { "工程（財產）名稱": "專用通行路", "工程（財產）別名": "專用通行路-0.21公里", "財產編號": "1110101-0011 00-0000021", "保管單位": "曾管中心", "入帳日期(購置日期)": "2009-12-31", "清查日期": "2012/10/18", "地籍": "台南市東山區下南勢段1136號", "座標X(1)": 198717.97, "座標Y(1)": 2569510.63, "座標X(2)": null, "座標Y(2)": null, "有無貼牌": "--", "有無QRCode": "無", "說明": "東口露營區", "保管人": "黃冠璋" }, "geometry": { "type": "Point", "coordinates": [ 120.498909976795389, 23.22702102934328 ] } },
{ "type": "Feature", "properties": { "工程（財產）名稱": "擋土牆", "工程（財產）別名": "斗姥廟旁擋土牆-394.3", "財產編號": "1110102-0004 00-0000244", "保管單位": "阿管中心", "入帳日期(購置日期)": "2009-12-31", "清查日期": "2012/05/22", "地籍": "高雄市田寮區牛稠埔段500-18", "座標X(1)": 185403.0, "座標Y(1)": 2525026.0, "座標X(2)": null, "座標Y(2)": null, "有無貼牌": "--", "有無QRCode": "無", "說明": null, "保管人": "林堉介" }, "geometry": { "type": "Point", "coordinates": [ 120.370678837557065, 22.824849232093968 ] } },
{ "type": "Feature", "properties": { "工程（財產）名稱": "護岸", "工程（財產）別名": "護岸-207m", "財產編號": "1110102-008A 00-0000023", "保管單位": "牡管中心", "入帳日期(購置日期)": "2007-12-31", "清查日期": "2019/10/07", "地籍": "屏東縣牡丹鄉牡丹段265號", "座標X(1)": 231098.54, "座標Y(1)": 2450100.02, "座標X(2)": null, "座標Y(2)": null, "有無貼牌": "--", "有無QRCode": "無", "說明": null, "保管人": "周百欽" }, "geometry": { "type": "Point", "coordinates": [ 120.816746018899309, 22.149309021294137 ] } },
{ "type": "Feature", "properties": { "工程（財產）名稱": "護岸", "工程（財產）別名": "曾文崩坍地(大埔和平)", "財產編號": "1110102-008A 93-0000010", "保管單位": "曾管中心", "入帳日期(購置日期)": "2004-12-31", "清查日期": "2013/02/27", "地籍": "嘉義縣大埔鄉大埔段1288-4號", "座標X(1)": 208417.14, "座標Y(1)": 2574371.6, "座標X(2)": null, "座標Y(2)": null, "有無貼牌": "--", "有無QRCode": "無", "說明": "位於台三線往坪林道路", "保管人": "陳乙震" }, "geometry": { "type": "Point", "coordinates": [ 120.593548021852584, 23.271190203560209 ] } },
{ "type": "Feature", "properties": { "工程（財產）名稱": "擋土牆", "工程（財產）別名": "102年度曾文水庫週邊零星工程", "財產編號": "1110102-0004 00-0000368", "保管單位": "養護科", "入帳日期(購置日期)": "2014-01-09", "清查日期": "--", "地籍": "嘉義縣大埔鄉 南寮段31", "座標X(1)": 204625.0, "座標Y(1)": 2582239.0, "座標X(2)": null, "座標Y(2)": null, "有無貼牌": "--", "有無QRCode": "無", "說明": null, "保管人": "吳宗翰" }, "geometry": { "type": "Point", "coordinates": [ 120.556246900859165, 23.342133367527719 ] } },
{ "type": "Feature", "properties": { "工程（財產）名稱": "上承橋樑", "工程（財產）別名": "橋樑-壩區二期處理工", "財產編號": "1110101-013A 93-0000001", "保管單位": "曾管中心", "入帳日期(購置日期)": "2004-07-25", "清查日期": "2012/11/26", "地籍": "台南市東山區下南勢段1136號地", "座標X(1)": 198998.75, "座標Y(1)": 2569793.71, "座標X(2)": null, "座標Y(2)": null, "有無貼牌": "--", "有無QRCode": "無", "說明": "東口露營區", "保管人": "陳乙震" }, "geometry": { "type": "Point", "coordinates": [ 120.501643981817935, 23.229586000600129 ] } },
{ "type": "Feature", "properties": { "工程（財產）名稱": "停車場", "工程（財產）別名": "停車場/109阿公店水庫森林教室公廁新建工程", "財產編號": "1110105-0001 00-0000003", "保管單位": "阿管中心", "入帳日期(購置日期)": "2021-01-08", "清查日期": "2022/07/07", "地籍": "高雄市岡山區菜寮段111號及同市燕巢區尖山段1271-5號", "座標X(1)": 183019.122, "座標Y(1)": 2523661.356, "座標X(2)": "183883", "座標Y(2)": "2523477", "有無貼牌": "是", "有無QRCode": "無", "說明": null, "保管人": "陳煌祥" }, "geometry": { "type": "Point", "coordinates": [ 120.34751431819339, 22.812432594264177 ] } },
{ "type": "Feature", "properties": { "工程（財產）名稱": "電力設備", "工程（財產）別名": "辦公區電力外線地下化", "財產編號": "2020202-0016 91-0000003", "保管單位": "秘書室", "入帳日期(購置日期)": "1996-06-01", "清查日期": "2025/02/26", "地籍": "台南市楠西區楠西段102-1號", "座標X(1)": 198718.43, "座標Y(1)": 2568902.11, "座標X(2)": null, "座標Y(2)": null, "有無貼牌": "是", "有無QRCode": "有", "說明": null, "保管人": "陳奕瑋" }, "geometry": { "type": "Point", "coordinates": [ 120.498934976285398, 23.22152602692158 ] } },
{ "type": "Feature", "properties": { "工程（財產）名稱": "電力設備", "工程（財產）別名": "辦公區電力內線設備", "財產編號": "2020202-0016 91-0000001", "保管單位": "秘書室", "入帳日期(購置日期)": "1993-06-30", "清查日期": "2013/09/12", "地籍": "台南市楠西區楠西段102-46號", "座標X(1)": 198656.77, "座標Y(1)": 2568859.57, "座標X(2)": null, "座標Y(2)": null, "有無貼牌": "是", "有無QRCode": "無", "說明": null, "保管人": "陳奕瑋" }, "geometry": { "type": "Point", "coordinates": [ 120.498333957858677, 23.22113996382123 ] } },
{ "type": "Feature", "properties": { "工程（財產）名稱": "路燈", "工程（財產）別名": "路燈/109年建築及設備/甲管中心", "財產編號": "2020202-012B 00-0000092", "保管單位": "甲仙攔河堰管理中心", "入帳日期(購置日期)": "2020-12-21", "清查日期": "2024/07/23", "地籍": "高雄市甲仙區公館段1號", "座標X(1)": 207308.0, "座標Y(1)": 2553566.0, "座標X(2)": "207306", "座標Y(2)": "2553562", "有無貼牌": "是", "有無QRCode": "無", "說明": "路燈五207308,2553566111年6月27日盤點後定位X207315 Y2553563 經查目前無宗地資料", "保管人": "周豊茂" }, "geometry": { "type": "Point", "coordinates": [ 120.583289067512595, 23.083281073778643 ] } },
{ "type": "Feature", "properties": { "工程（財產）名稱": "路燈", "工程（財產）別名": "路燈/109年建築及設備/甲管中心", "財產編號": "2020202-012B 00-0000091", "保管單位": "甲仙攔河堰管理中心", "入帳日期(購置日期)": "2020-12-21", "清查日期": "2024/07/23", "地籍": "高雄市甲仙區公館段1號", "座標X(1)": 207324.0, "座標Y(1)": 2553513.0, "座標X(2)": "207323", "座標Y(2)": "2553511", "有無貼牌": "是", "有無QRCode": "無", "說明": "路燈三207324,2553513 路燈四207324,2553513", "保管人": "周豊茂" }, "geometry": { "type": "Point", "coordinates": [ 120.583446712777899, 23.082802874389824 ] } },
{ "type": "Feature", "properties": { "工程（財產）名稱": "路燈", "工程（財產）別名": "路燈/109年建築及設備/甲管中心", "財產編號": "2020202-012B 00-0000090", "保管單位": "甲仙攔河堰管理中心", "入帳日期(購置日期)": "2020-12-21", "清查日期": "2025/03/21", "地籍": "高雄市甲仙區公館段1號", "座標X(1)": 207359.0, "座標Y(1)": 2553421.0, "座標X(2)": "207365", "座標Y(2)": "3553419", "有無貼牌": "是", "有無QRCode": "有", "說明": "路燈二207359,2553421", "保管人": "周豊茂" }, "geometry": { "type": "Point", "coordinates": [ 120.583790892410093, 23.081972977818168 ] } },
{ "type": "Feature", "properties": { "工程（財產）名稱": "路燈", "工程（財產）別名": "路燈/109年建築及設備/甲管中心", "財產編號": "2020202-012B 00-0000089", "保管單位": "甲仙攔河堰管理中心", "入帳日期(購置日期)": "2020-12-21", "清查日期": "2025/03/21", "地籍": "高雄市甲仙區公館段1號及同區東大邱園段1407-5號", "座標X(1)": 207363.0, "座標Y(1)": 2553392.0, "座標X(2)": "207367", "座標Y(2)": "2553391", "有無貼牌": "是", "有無QRCode": "有", "說明": "路燈一", "保管人": "周豊茂" }, "geometry": { "type": "Point", "coordinates": [ 120.583830740760945, 23.081711198966754 ] } },
{ "type": "Feature", "properties": { "工程（財產）名稱": "路燈", "工程（財產）別名": "路燈/固定資產-房屋建築及設備/曾文水庫三", "財產編號": "2020202-012B 00-0000093", "保管單位": "曾管中心", "入帳日期(購置日期)": "2021-03-23", "清查日期": "--", "地籍": "台南市東山區下南勢段948-9號", "座標X(1)": 199035.0, "座標Y(1)": 2569806.0, "座標X(2)": null, "座標Y(2)": null, "有無貼牌": "是", "有無QRCode": "無", "說明": null, "保管人": "邱玟融" }, "geometry": { "type": "Point", "coordinates": [ 120.501997774729077, 23.229698103530708 ] } },
{ "type": "Feature", "properties": { "工程（財產）名稱": "路燈", "工程（財產）別名": "路燈", "財產編號": "2020202-012B 00-0000088", "保管單位": "曾管中心", "入帳日期(購置日期)": "2020-04-22", "清查日期": "2020/12/15", "地籍": "台南市楠西區密枝段104-10號", "座標X(1)": 198623.68, "座標Y(1)": 2568048.41, "座標X(2)": null, "座標Y(2)": null, "有無貼牌": "是", "有無QRCode": "無", "說明": "位於曾文二號橋北端100公尺處", "保管人": "邱玟融" }, "geometry": { "type": "Point", "coordinates": [ 120.498038023854605, 23.213814043626066 ] } },
{ "type": "Feature", "properties": { "工程（財產）名稱": "電力設備", "工程（財產）別名": "曾文水庫防淤隧道全域水工模型試驗供迴水系", "財產編號": "2020202-0016 00-0000004", "保管單位": "曾管中心", "入帳日期(購置日期)": "2013-09-11", "清查日期": "2022/07/26", "地籍": "台南市東山區下南勢段948-1號", "座標X(1)": 199833.393, "座標Y(1)": 2570338.231, "座標X(2)": "199815", "座標Y(2)": "2570341", "有無貼牌": "是", "有無QRCode": "無", "說明": null, "保管人": "黃冠璋" }, "geometry": { "type": "Point", "coordinates": [ 120.509781461758308, 23.234528746517121 ] } },
{ "type": "Feature", "properties": { "工程（財產）名稱": "箱涵", "工程（財產）別名": "里佳村第一鄰及達邦村拉拉克斯道路改善工程", "財產編號": "1110101-028A 00-0000076", "保管單位": "養護科", "入帳日期(購置日期)": "2012-02-08", "清查日期": "2012/12/20", "地籍": "嘉義縣阿里山鄉里佳村 里佳段160-2地號", "座標X(1)": 222993.0, "座標Y(1)": 2590098.0, "座標X(2)": null, "座標Y(2)": null, "有無貼牌": "--", "有無QRCode": "無", "說明": null, "保管人": "吳宗翰" }, "geometry": { "type": "Point", "coordinates": [ 120.735737468974634, 23.413507747050872 ] } },
{ "type": "Feature", "properties": { "工程（財產）名稱": "箱涵", "工程（財產）別名": "103曾文水庫週邊零星工程(永樂)", "財產編號": "1110101-028A 00-0000390", "保管單位": "養護科", "入帳日期(購置日期)": "2015-01-16", "清查日期": "2019/10/01", "地籍": "嘉義縣大埔鄉大埔段593號", "座標X(1)": 206561.0, "座標Y(1)": 2580636.0, "座標X(2)": null, "座標Y(2)": null, "有無貼牌": "--", "有無QRCode": "無", "說明": null, "保管人": "吳宗翰" }, "geometry": { "type": "Point", "coordinates": [ 120.575225991020204, 23.327710615941484 ] } },
{ "type": "Feature", "properties": { "工程（財產）名稱": "箱涵", "工程（財產）別名": "曾文風景區公共施設工", "財產編號": "1110101-028A 91-0000005", "保管單位": "曾管中心", "入帳日期(購置日期)": "2001-12-31", "清查日期": "2015/03/06", "地籍": "台南市東山區下南勢段948-1號", "座標X(1)": 199670.61, "座標Y(1)": 2570150.11, "座標X(2)": null, "座標Y(2)": null, "有無貼牌": "--", "有無QRCode": "無", "說明": "位於溪畔遊樂區", "保管人": "陳乙震" }, "geometry": { "type": "Point", "coordinates": [ 120.508197047044945, 23.232825018769088 ] } },
{ "type": "Feature", "properties": { "工程（財產）名稱": "箱涵", "工程（財產）別名": "曾文崩坍地(樂野區)", "財產編號": "1110101-028A 93-0000014", "保管單位": "曾管中心", "入帳日期(購置日期)": "2004-12-31", "清查日期": "2012/11/23", "地籍": "嘉義縣阿里鄉樂野段221-6號", "座標X(1)": 219524.01, "座標Y(1)": 2595813.7, "座標X(2)": null, "座標Y(2)": null, "有無貼牌": "是", "有無QRCode": "無", "說明": null, "保管人": "連偉成" }, "geometry": { "type": "Point", "coordinates": [ 120.701678029505771, 23.465060045714981 ] } },
{ "type": "Feature", "properties": { "工程（財產）名稱": "護岸", "工程（財產）別名": "曾文新美區處理工程", "財產編號": "1110102-008A 94-0000016", "保管單位": "曾管中心", "入帳日期(購置日期)": "2005-12-30", "清查日期": "2023/11/08", "地籍": "嘉義縣阿里山鄉新美段208號", "座標X(1)": 217645.58, "座標Y(1)": 2580989.92, "座標X(2)": "217643", "座標Y(2)": "2581009", "有無貼牌": "是", "有無QRCode": "無", "說明": "功能如常運作112年11月8日", "保管人": "連偉成" }, "geometry": { "type": "Point", "coordinates": [ 120.683608955859114, 23.331162960676298 ] } },
{ "type": "Feature", "properties": { "工程（財產）名稱": "水庫", "工程（財產）別名": "白河水庫主副壩", "財產編號": "2020401-0005 00-0000002", "保管單位": "資產科", "入帳日期(購置日期)": "1965-06-30", "清查日期": "2022/02/23", "地籍": "台南市白河區糞箕湖木屐寮小段181-1(坐標1)及184-1(坐標2)", "座標X(1)": 196036.0, "座標Y(1)": 2583436.0, "座標X(2)": "196149", "座標Y(2)": "2583436", "有無貼牌": "是", "有無QRCode": "無", "說明": "主壩貼牌定位座標X196035 Y2583726同市區段181-4號副壩貼牌定位座標X196186 Y2583441同市段184-1號", "保管人": "戴大雄" }, "geometry": { "type": "Point", "coordinates": [ 120.472209012143963, 23.352681686402672 ] } },
{ "type": "Feature", "properties": { "工程（財產）名稱": "護岸", "工程（財產）別名": "長谷川溪左案處理工程", "財產編號": "1110102-008A 94-0000014", "保管單位": "曾管中心", "入帳日期(購置日期)": "2005-05-31", "清查日期": "2013/06/14", "地籍": "河川地無地籍資料", "座標X(1)": 225180.86, "座標Y(1)": 2595817.4, "座標X(2)": "225209.77", "座標Y(2)": "2595817.4", "有無貼牌": "是", "有無QRCode": "無", "說明": null, "保管人": "連偉成" }, "geometry": { "type": "Point", "coordinates": [ 120.75705105162433, 23.465189535069584 ] } },
{ "type": "Feature", "properties": { "工程（財產）名稱": "水庫", "工程（財產）別名": "牡丹水庫-水壩", "財產編號": "2020401-0005 00-0000002", "保管單位": "牡管中心", "入帳日期(購置日期)": "1996-01-12", "清查日期": "2025/02/06", "地籍": "屏東縣牡丹鄉石門段185號", "座標X(1)": 227549.0, "座標Y(1)": 2448255.0, "座標X(2)": null, "座標Y(2)": null, "有無貼牌": "是", "有無QRCode": "有", "說明": null, "保管人": "鄭仁嶽" }, "geometry": { "type": "Point", "coordinates": [ 120.782358199784326, 22.132603184368708 ] } },
{ "type": "Feature", "properties": { "工程（財產）名稱": "員工餐廳", "工程（財產）別名": "電廠餐廳", "財產編號": "2010502-001H 91-0000002", "保管單位": "曾管中心", "入帳日期(購置日期)": "1969-11-10", "清查日期": "2024/02/20", "地籍": "台南市楠西區密枝段104號", "座標X(1)": 198739.3, "座標Y(1)": 2568601.49, "座標X(2)": "198720", "座標Y(2)": "2568596", "有無貼牌": "是", "有無QRCode": "有", "說明": null, "保管人": "楊振瑞" }, "geometry": { "type": "Point", "coordinates": [ 120.499149011434611, 23.218812036441047 ] } },
{ "type": "Feature", "properties": { "工程（財產）名稱": "護坡", "工程（財產）別名": "曾文水庫湖岸邊坡治理工程", "財產編號": "1110102-003D 00-0000002", "保管單位": "曾管中心", "入帳日期(購置日期)": "2010-07-16", "清查日期": "2013/03/19", "地籍": "台南市東山區下南勢段948-9號", "座標X(1)": 200770.68, "座標Y(1)": 2571086.05, "座標X(2)": null, "座標Y(2)": null, "有無貼牌": "--", "有無QRCode": "無", "說明": "曾庫公路曾文之眼附近", "保管人": "陳乙震" }, "geometry": { "type": "Point", "coordinates": [ 120.518915991186304, 23.241309962012352 ] } },
{ "type": "Feature", "properties": { "工程（財產）名稱": "其他什項建築及設備", "工程（財產）別名": "生態池週邊", "財產編號": "2020202-099I 00-0000010", "保管單位": "阿管中心", "入帳日期(購置日期)": "2005-12-07", "清查日期": "--", "地籍": "燕巢區瓊東段250地號", "座標X(1)": 184044.676, "座標Y(1)": 2522446.832, "座標X(2)": null, "座標Y(2)": null, "有無貼牌": "--", "有無QRCode": "無", "說明": null, "保管人": "陳煌祥" }, "geometry": { "type": "Point", "coordinates": [ 120.357555556590953, 22.801505553741602 ] } },
{ "type": "Feature", "properties": { "工程（財產）名稱": "箱涵", "工程（財產）別名": "曾文颱損第2期復建工", "財產編號": "1110101-028A 00-0000057", "保管單位": "曾管中心", "入帳日期(購置日期)": "2009-01-21", "清查日期": "2013/02/04", "地籍": "台南市東山區下南勢段948-9號", "座標X(1)": 200762.62, "座標Y(1)": 2571092.61, "座標X(2)": null, "座標Y(2)": null, "有無貼牌": "--", "有無QRCode": "無", "說明": "位於曾文之眼曾庫公路", "保管人": "陳乙震" }, "geometry": { "type": "Point", "coordinates": [ 120.518837016106033, 23.241368958558962 ] } },
{ "type": "Feature", "properties": { "工程（財產）名稱": "護坡", "工程（財產）別名": "泰山站產業道路及邊坡保護工程-4799M2", "財產編號": "1110102-003D 00-0000003", "保管單位": "曾管中心", "入帳日期(購置日期)": "2009-12-31", "清查日期": "2012/11/02", "地籍": "大埔鄉大埔段1328號", "座標X(1)": 207383.7, "座標Y(1)": 2575398.52, "座標X(2)": null, "座標Y(2)": null, "有無貼牌": "--", "有無QRCode": "無", "說明": null, "保管人": "王昭文" }, "geometry": { "type": "Point", "coordinates": [ 120.583418020020659, 23.280436996710574 ] } },
{ "type": "Feature", "properties": { "工程（財產）名稱": "箱涵", "工程（財產）別名": "曾文水庫電廠增設冷卻水暨開關場排水工程", "財產編號": "1110101-028A 00-0000079", "保管單位": "曾管中心", "入帳日期(購置日期)": "2014-04-21", "清查日期": "2021/07/16", "地籍": "嘉義縣大埔鄉柳藤潭段24-13號", "座標X(1)": 202278.1, "座標Y(1)": 2571848.5, "座標X(2)": "202153", "座標Y(2)": "2571874", "有無貼牌": "是", "有無QRCode": "無", "說明": null, "保管人": "邱玟融" }, "geometry": { "type": "Point", "coordinates": [ 120.533622642432618, 23.248239416529223 ] } },
{ "type": "Feature", "properties": { "工程（財產）名稱": "護坡", "工程（財產）別名": "護坡-集水區沙力基溪崩坍地治理工程", "財產編號": "1110102-003B 00-0000003", "保管單位": "曾管中心", "入帳日期(購置日期)": "2007-12-05", "清查日期": "2012/11/07", "地籍": "嘉義縣大埔鄉馬頭山段30號", "座標X(1)": 209541.94, "座標Y(1)": 2580261.26, "座標X(2)": null, "座標Y(2)": null, "有無貼牌": "--", "有無QRCode": "無", "說明": "位於台三線至永樂村產業道路上", "保管人": "周駿宏" }, "geometry": { "type": "Point", "coordinates": [ 120.604384968011772, 23.324402974003277 ] } },
{ "type": "Feature", "properties": { "工程（財產）名稱": "護岸", "工程（財產）別名": "101年濁水溪四號攔砂壩上游護岸工程", "財產編號": "1110102-008A 00-0000053", "保管單位": "阿管中心", "入帳日期(購置日期)": "2012-11-30", "清查日期": "2013/05/23", "地籍": "高雄市燕巢區尖山段524-5、525-7、525-8號", "座標X(1)": 186915.7, "座標Y(1)": 2522705.84, "座標X(2)": null, "座標Y(2)": null, "有無貼牌": "--", "有無QRCode": "無", "說明": null, "保管人": "呂元鈞" }, "geometry": { "type": "Point", "coordinates": [ 120.385509300498541, 22.803954723551506 ] } },
{ "type": "Feature", "properties": { "工程（財產）名稱": "箱涵", "工程（財產）別名": "曾文達邦區處理工程", "財產編號": "1110101-028A 94-0000029", "保管單位": "曾管中心", "入帳日期(購置日期)": "2005-12-30", "清查日期": "2023/11/10", "地籍": "嘉義縣阿里山鄉達邦段237號", "座標X(1)": 224187.35, "座標Y(1)": 2594527.37, "座標X(2)": "224188", "座標Y(2)": "2594523", "有無貼牌": "是", "有無QRCode": "無", "說明": null, "保管人": "連偉成" }, "geometry": { "type": "Point", "coordinates": [ 120.747348046420115, 23.453524956774139 ] } },
{ "type": "Feature", "properties": { "工程（財產）名稱": "水池", "工程（財產）別名": "內門減壓池", "財產編號": "2020401-003A 93-0000001", "保管單位": "高屏溪攔河堰", "入帳日期(購置日期)": "2004-03-16", "清查日期": "2022/08/26", "地籍": "高雄市內門區東勢埔段1284-7及將軍段595號", "座標X(1)": 196075.29, "座標Y(1)": 2534309.29, "座標X(2)": "196042", "座標Y(2)": "2534300", "有無貼牌": "是", "有無QRCode": "無", "說明": null, "保管人": "沈文忠" }, "geometry": { "type": "Point", "coordinates": [ 120.474324981878468, 22.909058770677365 ] } },
{ "type": "Feature", "properties": { "工程（財產）名稱": "箱涵", "工程（財產）別名": "山美區處理工程", "財產編號": "1110101-028A 95-0000045", "保管單位": "曾管中心", "入帳日期(購置日期)": "2006-12-29", "清查日期": "2014/03/04", "地籍": "義縣阿里山鄉山美段218號", "座標X(1)": 216188.92, "座標Y(1)": 2586735.37, "座標X(2)": null, "座標Y(2)": null, "有無貼牌": "--", "有無QRCode": "無", "說明": "位於129縣山美國小附近", "保管人": "陳乙震" }, "geometry": { "type": "Point", "coordinates": [ 120.669235994313382, 23.383015972199409 ] } },
{ "type": "Feature", "properties": { "工程（財產）名稱": "水池", "工程（財產）別名": "噴水池", "財產編號": "2020401-003A 93-0000001", "保管單位": "牡管中心", "入帳日期(購置日期)": "2004-07-25", "清查日期": "2025/01/24", "地籍": "屏東縣牡丹鄉石門段168號", "座標X(1)": 227644.8, "座標Y(1)": 2448061.9, "座標X(2)": null, "座標Y(2)": null, "有無貼牌": "是", "有無QRCode": "有", "說明": null, "保管人": "莊慶隆" }, "geometry": { "type": "Point", "coordinates": [ 120.783289554979135, 22.130860408960388 ] } },
{ "type": "Feature", "properties": { "工程（財產）名稱": "箱涵", "工程（財產）別名": "曾文南寮區處理工程", "財產編號": "1110101-028A 94-0000033", "保管單位": "曾管中心", "入帳日期(購置日期)": "2005-12-30", "清查日期": "2012/11/09", "地籍": "嘉義縣大埔鄉南寮段16號", "座標X(1)": 207003.92, "座標Y(1)": 2583698.05, "座標X(2)": null, "座標Y(2)": null, "有無貼牌": "--", "有無QRCode": "無", "說明": "位於南寮產業道路", "保管人": "陳乙震" }, "geometry": { "type": "Point", "coordinates": [ 120.579469977636421, 23.355372919191044 ] } },
{ "type": "Feature", "properties": { "工程（財產）名稱": "擋土牆", "工程（財產）別名": "擋土牆式護岸-109曾文水庫集水區山美福美吊", "財產編號": "1110102-0004 00-0000617", "保管單位": "曾管中心", "入帳日期(購置日期)": "2021-04-20", "清查日期": "--", "地籍": "嘉義縣阿里山鄉南美段74號", "座標X(1)": 216343.0, "座標Y(1)": 2585122.0, "座標X(2)": null, "座標Y(2)": null, "有無貼牌": "--", "有無QRCode": "無", "說明": "新建擋土牆366公尺", "保管人": "許玿瑛" }, "geometry": { "type": "Point", "coordinates": [ 120.670779276903289, 23.36845016967397 ] } },
{ "type": "Feature", "properties": { "工程（財產）名稱": "箱涵", "工程（財產）別名": "曾文水保-大埔西興區", "財產編號": "1110101-028A 93-0000019", "保管單位": "曾管中心", "入帳日期(購置日期)": "2004-12-31", "清查日期": "2014/06/04", "地籍": "嘉義縣大埔鄉大埔段1325-134號", "座標X(1)": 207324.493, "座標Y(1)": 2573633.862, "座標X(2)": null, "座標Y(2)": null, "有無貼牌": "--", "有無QRCode": "無", "說明": "位於台三線343.8k(過山)右轉", "保管人": "陳乙震" }, "geometry": { "type": "Point", "coordinates": [ 120.582888889188595, 23.264500271928849 ] } },
{ "type": "Feature", "properties": { "工程（財產）名稱": "擋土牆", "工程（財產）別名": "擋土牆/田寮區七星里水蛙潭段擋土牆工程", "財產編號": "1110102-0004 00-0000617", "保管單位": "阿管中心", "入帳日期(購置日期)": "2021-01-08", "清查日期": "2022/10/05", "地籍": "田寮區七星里水蛙潭段381-255地號", "座標X(1)": 187509.0, "座標Y(1)": 2524435.0, "座標X(2)": "187516", "座標Y(2)": "2524393", "有無貼牌": "是", "有無QRCode": "無", "說明": "長28公尺", "保管人": "陳煌祥" }, "geometry": { "type": "Point", "coordinates": [ 120.391218871534804, 22.819591963631385 ] } },
{ "type": "Feature", "properties": { "工程（財產）名稱": "箱涵", "工程（財產）別名": "埔頂大埔區處理工程", "財產編號": "1110101-028A 00-0000061", "保管單位": "曾管中心", "入帳日期(購置日期)": "2009-12-31", "清查日期": "2014/03/17", "地籍": "嘉義縣大埔鄉草嶺段32號", "座標X(1)": 205002.96, "座標Y(1)": 2569199.14, "座標X(2)": null, "座標Y(2)": null, "有無貼牌": "--", "有無QRCode": "無", "說明": "位於台三線四維橋右轉約1公里", "保管人": "陳乙震" }, "geometry": { "type": "Point", "coordinates": [ 120.560329959220908, 23.22439196937205 ] } },
{ "type": "Feature", "properties": { "工程（財產）名稱": "護坡", "工程（財產）別名": "颱風災損第1期-702M2", "財產編號": "1110102-003D 00-0000001", "保管單位": "曾管中心", "入帳日期(購置日期)": "2008-12-31", "清查日期": "2013/02/04", "地籍": null, "座標X(1)": 200757.43, "座標Y(1)": 2571102.71, "座標X(2)": null, "座標Y(2)": null, "有無貼牌": "--", "有無QRCode": "無", "說明": "位於曾庫公路曾文之眼附近", "保管人": "陳乙震" }, "geometry": { "type": "Point", "coordinates": [ 120.518785972084373, 23.2414600076592 ] } },
{ "type": "Feature", "properties": { "工程（財產）名稱": "箱涵", "工程（財產）別名": "二號橋往牛場工程", "財產編號": "1110101-028A 00-0000059", "保管單位": "曾管中心", "入帳日期(購置日期)": "2009-09-30", "清查日期": "2012/11/12", "地籍": "台南市楠西鄉密枝段108-14號", "座標X(1)": 198604.75, "座標Y(1)": 2568020.9, "座標X(2)": null, "座標Y(2)": null, "有無貼牌": "--", "有無QRCode": "無", "說明": "二號橋牛場", "保管人": "陳乙震" }, "geometry": { "type": "Point", "coordinates": [ 120.497854006091501, 23.213565033943944 ] } },
{ "type": "Feature", "properties": { "工程（財產）名稱": "辦公房屋", "工程（財產）別名": "警衛室", "財產編號": "2010201-001A 91-0000003", "保管單位": "資產科", "入帳日期(購置日期)": "1967-02-23", "清查日期": "2022/02/23", "地籍": "台南市白河區糞箕湖段木屐寮小段185-1,146-5", "座標X(1)": 196109.31, "座標Y(1)": 2583408.97, "座標X(2)": "196113", "座標Y(2)": "2583412", "有無貼牌": "是", "有無QRCode": "無", "說明": "現場貼牌定位地籍,同市區段146-5號", "保管人": "戴大雄" }, "geometry": { "type": "Point", "coordinates": [ 120.472926955751248, 23.352440022501217 ] } },
{ "type": "Feature", "properties": { "工程（財產）名稱": "箱涵", "工程（財產）別名": "番路大埔區處理工程", "財產編號": "1110101-028A 00-0000053", "保管單位": "曾管中心", "入帳日期(購置日期)": "2008-12-31", "清查日期": "2012/11/15", "地籍": "嘉義縣大埔鄉大埔段1425號", "座標X(1)": 207170.09, "座標Y(1)": 2572312.6, "座標X(2)": null, "座標Y(2)": null, "有無貼牌": "--", "有無QRCode": "無", "說明": "位於萬靈山產業道路", "保管人": "陳乙震" }, "geometry": { "type": "Point", "coordinates": [ 120.58141703792009, 23.252564996889745 ] } },
{ "type": "Feature", "properties": { "工程（財產）名稱": "辦公房屋", "工程（財產）別名": "風吹嶺旅遊服務站房(警察隊保管)", "財產編號": "2010201-001A 91-0000003", "保管單位": "警察隊", "入帳日期(購置日期)": "1985-09-27", "清查日期": "2025/02/13", "地籍": "嘉義縣大埔鄉大埔段1484-5,1484-22號", "座標X(1)": 203194.28, "座標Y(1)": 2570746.56, "座標X(2)": "203163", "座標Y(2)": "2570745", "有無貼牌": "是", "有無QRCode": "有", "說明": null, "保管人": "許晉豪" }, "geometry": { "type": "Point", "coordinates": [ 120.542610004625445, 23.23831503839213 ] } },
{ "type": "Feature", "properties": { "工程（財產）名稱": "護岸", "工程（財產）別名": "護岸/101牡丹水庫周邊零星工程", "財產編號": "1110102-008A 00-0000062", "保管單位": "養護科", "入帳日期(購置日期)": "2013-01-15", "清查日期": "2020/09/23", "地籍": "河川地無籍(牡丹區牡丹段)", "座標X(1)": 232498.0, "座標Y(1)": 2452275.0, "座標X(2)": null, "座標Y(2)": null, "有無貼牌": "--", "有無QRCode": "無", "說明": null, "保管人": "吳宗翰" }, "geometry": { "type": "Point", "coordinates": [ 120.830290498188234, 22.168967338556044 ] } },
{ "type": "Feature", "properties": { "工程（財產）名稱": "辦公房屋", "工程（財產）別名": "配電室", "財產編號": "2010201-001D 91-0000002", "保管單位": "資產科", "入帳日期(購置日期)": "1961-02-28", "清查日期": "2022/02/23", "地籍": "台南市白河區糞箕湖段木屐寮小段182", "座標X(1)": 195977.53, "座標Y(1)": 2583636.58, "座標X(2)": "195988", "座標Y(2)": "2583629", "有無貼牌": "是", "有無QRCode": "無", "說明": "貼牌定位座標地籍為同市區段182-6號", "保管人": "戴大雄" }, "geometry": { "type": "Point", "coordinates": [ 120.471629998080957, 23.354490983939257 ] } },
{ "type": "Feature", "properties": { "工程（財產）名稱": "護岸", "工程（財產）別名": "阿公店旺萊溪護岸工程混凝土塊護岸-70M", "財產編號": "1110102-008A 00-0000032", "保管單位": "阿管中心", "入帳日期(購置日期)": "2009-12-31", "清查日期": "2015/04/08", "地籍": "高雄市田寮區牛稠埔段638-36號", "座標X(1)": 184453.0, "座標Y(1)": 2525249.0, "座標X(2)": null, "座標Y(2)": null, "有無貼牌": "--", "有無QRCode": "無", "說明": null, "保管人": "呂元鈞" }, "geometry": { "type": "Point", "coordinates": [ 120.361414731128676, 22.826826182172137 ] } },
{ "type": "Feature", "properties": { "工程（財產）名稱": "辦公房屋", "工程（財產）別名": "二號橋管理房售票房", "財產編號": "2010201-001D 91-0000002", "保管單位": "曾管中心", "入帳日期(購置日期)": "1978-07-17", "清查日期": "2025/01/22", "地籍": "台南市楠西區旺萊宅段5-134號及5-64號", "座標X(1)": 198506.34, "座標Y(1)": 2567651.59, "座標X(2)": "198498", "座標Y(2)": "2567667", "有無貼牌": "是", "有無QRCode": "有", "說明": "座落二號橋", "保管人": "黃冠璋" }, "geometry": { "type": "Point", "coordinates": [ 120.496905028692794, 23.210227038343991 ] } },
{ "type": "Feature", "properties": { "工程（財產）名稱": "護岸", "工程（財產）別名": "阿公店水庫舟仔坑便橋上游及29甲埤護岸56M", "財產編號": "1110102-008A 00-0000034", "保管單位": "阿管中心", "入帳日期(購置日期)": "2009-12-31", "清查日期": "2015/04/08", "地籍": "高市燕巢區燕北段745號", "座標X(1)": 184330.0, "座標Y(1)": 2522176.0, "座標X(2)": null, "座標Y(2)": null, "有無貼牌": "--", "有無QRCode": "無", "說明": null, "保管人": "呂元鈞" }, "geometry": { "type": "Point", "coordinates": [ 120.360346062954974, 22.799071005487924 ] } },
{ "type": "Feature", "properties": { "工程（財產）名稱": "護岸", "工程（財產）別名": "曾文公共設施整建165M", "財產編號": "1110102-008A 00-0000025", "保管單位": "曾管中心", "入帳日期(購置日期)": "2007-12-31", "清查日期": "2015/02/13", "地籍": "無", "座標X(1)": 201154.02, "座標Y(1)": 2571023.77, "座標X(2)": null, "座標Y(2)": null, "有無貼牌": "--", "有無QRCode": "無", "說明": "往三角石過五號橋曾文溪左岸護岸", "保管人": "陳乙震" }, "geometry": { "type": "Point", "coordinates": [ 120.522664007020026, 23.240758989484348 ] } },
{ "type": "Feature", "properties": { "工程（財產）名稱": "明渠", "工程（財產）別名": "明渠/113年阿公店水庫集水區零星工程", "財產編號": "1110101-029C 00-0000593", "保管單位": "高市燕巢區", "入帳日期(購置日期)": "2024-09-26", "清查日期": "--", "地籍": null, "座標X(1)": 185171.3, "座標Y(1)": 2523743.86, "座標X(2)": null, "座標Y(2)": null, "有無貼牌": "是", "有無QRCode": "無", "說明": "同意書蓬萊段340-341大埔段525-527煙波段1490地號.pdf財增單及照片.pdf土地查詢.pdf", "保管人": "林堉介" }, "geometry": { "type": "Point", "coordinates": [ 120.368475054050336, 22.813262074998761 ] } },
{ "type": "Feature", "properties": { "工程（財產）名稱": "護岸", "工程（財產）別名": "曾文巴沙那區處理工程", "財產編號": "1110102-008A 94-0000018", "保管單位": "曾管中心", "入帳日期(購置日期)": "2005-12-30", "清查日期": "2012/11/22", "地籍": "嘉義縣阿里山鄉達拿巴瓦那段18號", "座標X(1)": 225451.03, "座標Y(1)": 2598789.5, "座標X(2)": null, "座標Y(2)": null, "有無貼牌": "找不到", "有無QRCode": "無", "說明": null, "保管人": "連偉成" }, "geometry": { "type": "Point", "coordinates": [ 120.759647043166211, 23.492032013683811 ] } },
{ "type": "Feature", "properties": { "工程（財產）名稱": "辦公房屋", "工程（財產）別名": "糞箕湖控制室", "財產編號": "2010201-001A 91-0000002", "保管單位": "資產科", "入帳日期(購置日期)": "1965-09-08", "清查日期": "2022/02/23", "地籍": "台南市白河區糞箕湖段木屐寮小段182", "座標X(1)": 196054.85, "座標Y(1)": 2583670.74, "座標X(2)": "196042", "座標Y(2)": "2583673", "有無貼牌": "是", "有無QRCode": "無", "說明": "貼牌定位地籍為同市區段182-3號", "保管人": "戴大雄" }, "geometry": { "type": "Point", "coordinates": [ 120.472384986475674, 23.354801997516564 ] } },
{ "type": "Feature", "properties": { "工程（財產）名稱": "護岸", "工程（財產）別名": "工作碼頭緊急搶修工程", "財產編號": "1110102-008A 91-0000002", "保管單位": "曾管中心", "入帳日期(購置日期)": "2001-12-31", "清查日期": "2016/04/28", "地籍": "柳藤潭14號", "座標X(1)": 202793.0, "座標Y(1)": 2572132.0, "座標X(2)": null, "座標Y(2)": null, "有無貼牌": "--", "有無QRCode": "無", "說明": null, "保管人": "周駿宏" }, "geometry": { "type": "Point", "coordinates": [ 120.538645732349764, 23.250814324685972 ] } },
{ "type": "Feature", "properties": { "工程（財產）名稱": "辦公房屋", "工程（財產）別名": "東山鄉警衛室", "財產編號": "2010201-001A 91-0000002", "保管單位": "警察隊", "入帳日期(購置日期)": "1981-03-16", "清查日期": "2025/02/13", "地籍": "台南市東山區下南勢段946-11", "座標X(1)": 201724.98, "座標Y(1)": 2571887.56, "座標X(2)": "201710", "座標Y(2)": "2571883", "有無貼牌": "是", "有無QRCode": "有", "說明": null, "保管人": "許晉豪" }, "geometry": { "type": "Point", "coordinates": [ 120.528216002635261, 23.248575992912791 ] } },
{ "type": "Feature", "properties": { "工程（財產）名稱": "碼頭", "工程（財產）別名": "碼頭/108曾文水庫湖域保護帶治理第二期", "財產編號": "1110102-007C 00-0000001", "保管單位": "曾管中心", "入帳日期(購置日期)": "2020-03-31", "清查日期": "2020/03/31", "地籍": "嘉義縣大埔鄉大埔段(0833)415地號", "座標X(1)": 207417.0, "座標Y(1)": 2576756.0, "座標X(2)": null, "座標Y(2)": null, "有無貼牌": "--", "有無QRCode": "無", "說明": "碼頭", "保管人": "周駿宏" }, "geometry": { "type": "Point", "coordinates": [ 120.583705411912902, 23.2926961346752 ] } },
{ "type": "Feature", "properties": { "工程（財產）名稱": "有襯砌隧道", "工程（財產）別名": "越域引水路四工區", "財產編號": "1110101-026A 00-0000005", "保管單位": "阿管中心", "入帳日期(購置日期)": "2005-08-11", "清查日期": "2012/05/21", "地籍": "高雄市田寮區南安老段749號", "座標X(1)": 190223.284, "座標Y(1)": 2527620.0, "座標X(2)": null, "座標Y(2)": null, "有無貼牌": "--", "有無QRCode": "無", "說明": null, "保管人": "呂元鈞" }, "geometry": { "type": "Point", "coordinates": [ 120.41753767621104, 22.848452784063294 ] } },
{ "type": "Feature", "properties": { "工程（財產）名稱": "明渠", "工程（財產）別名": "明渠/113年阿公店水庫集水區零星工程", "財產編號": "1110101-029C 00-0000595", "保管單位": "高市燕巢區", "入帳日期(購置日期)": "2024-09-26", "清查日期": "--", "地籍": "煙波段1435,1490,1469地號", "座標X(1)": 184336.07, "座標Y(1)": 2524040.82, "座標X(2)": null, "座標Y(2)": null, "有無貼牌": "是", "有無QRCode": "無", "說明": "財增單及照片.pdf土地同意書-煙波段1435地號.pdf土地同意書-煙波段1469地號.pdf", "保管人": "林堉介" }, "geometry": { "type": "Point", "coordinates": [ 120.360326575504303, 22.815911294689677 ] } },
{ "type": "Feature", "properties": { "工程（財產）名稱": "護岸", "工程（財產）別名": "曾文水保(新美區)", "財產編號": "1110102-008A 93-0000005", "保管單位": "曾管中心", "入帳日期(購置日期)": "2004-12-31", "清查日期": "2023/11/08", "地籍": "無地籍資訊", "座標X(1)": 218452.84, "座標Y(1)": 2582187.71, "座標X(2)": "218455", "座標Y(2)": "2582189", "有無貼牌": "是", "有無QRCode": "無", "說明": "丅能如常運作112/11/08", "保管人": "連偉成" }, "geometry": { "type": "Point", "coordinates": [ 120.691478006367049, 23.341995011257328 ] } },
{ "type": "Feature", "properties": { "工程（財產）名稱": "明渠", "工程（財產）別名": "明渠", "財產編號": "1110101-029C 00-0000026", "保管單位": "養護科", "入帳日期(購置日期)": "2016-12-28", "清查日期": "2016/10/30", "地籍": "高雄市旗山區旗山段36-2號(公)", "座標X(1)": 197511.0, "座標Y(1)": 2535160.0, "座標X(2)": null, "座標Y(2)": null, "有無貼牌": "--", "有無QRCode": "無", "說明": null, "保管人": "吳宗翰" }, "geometry": { "type": "Point", "coordinates": [ 120.488291462300211, 22.916786774600219 ] } },
{ "type": "Feature", "properties": { "工程（財產）名稱": "護岸", "工程（財產）別名": "牡丹平實二號橋下游野", "財產編號": "1110102-008A 00-0000026", "保管單位": "牡管中心", "入帳日期(購置日期)": "2005-12-30", "清查日期": "2019/10/07", "地籍": "屏東縣牡丹鄉牡丹段265號", "座標X(1)": 231098.54, "座標Y(1)": 2450100.02, "座標X(2)": null, "座標Y(2)": null, "有無貼牌": "--", "有無QRCode": "無", "說明": null, "保管人": "周百欽" }, "geometry": { "type": "Point", "coordinates": [ 120.816746018899309, 22.149309021294137 ] } },
{ "type": "Feature", "properties": { "工程（財產）名稱": "明渠", "工程（財產）別名": "達邦潮州潮-170M", "財產編號": "1110101-029C 00-0000026", "保管單位": "曾管中心", "入帳日期(購置日期)": "2007-12-31", "清查日期": "2024/01/12", "地籍": "嘉義縣阿里山鄉特富野段343-1號", "座標X(1)": 225670.65, "座標Y(1)": 2595225.94, "座標X(2)": "225663", "座標Y(2)": "2595239", "有無貼牌": "是", "有無QRCode": "無", "說明": "現地因無張貼財產牌子之處,故貼在路的對面!", "保管人": "連偉成" }, "geometry": { "type": "Point", "coordinates": [ 120.76185504387611, 23.459855970048846 ] } },
{ "type": "Feature", "properties": { "工程（財產）名稱": "護岸", "工程（財產）別名": null, "財產編號": "1110102-008A 00-0000039", "保管單位": "高屏溪攔河堰", "入帳日期(購置日期)": "2010-06-15", "清查日期": "2022/08/19", "地籍": "位河川公地上無地籍資料", "座標X(1)": 193964.0, "座標Y(1)": 2510778.0, "座標X(2)": "196463", "座標Y(2)": "2511387", "有無貼牌": "是", "有無QRCode": "無", "說明": null, "保管人": "許子晏" }, "geometry": { "type": "Point", "coordinates": [ 120.454590445598456, 22.696488872968775 ] } },
{ "type": "Feature", "properties": { "工程（財產）名稱": "護坡", "工程（財產）別名": "箱龍護坡", "財產編號": "1110102-003E 00-0000002", "保管單位": "養護科", "入帳日期(購置日期)": "2018-03-31", "清查日期": "--", "地籍": "高雄市桃源區勤和段274地號", "座標X(1)": 227016.0, "座標Y(1)": 2562952.0, "座標X(2)": null, "座標Y(2)": null, "有無貼牌": "--", "有無QRCode": "無", "說明": null, "保管人": "吳宗翰" }, "geometry": { "type": "Point", "coordinates": [ 120.775513625204169, 23.168431928545292 ] } },
{ "type": "Feature", "properties": { "工程（財產）名稱": "護岸", "工程（財產）別名": "阿公店水庫牛路彎橋下游河道保護及石門仔箱", "財產編號": "1110102-008A 00-0000050", "保管單位": "阿管中心", "入帳日期(購置日期)": "2012-05-31", "清查日期": "2015/03/31", "地籍": "高雄市田寮區牛稠埔段472-1號、467-8號", "座標X(1)": 185597.0, "座標Y(1)": 2522679.0, "座標X(2)": "185854", "座標Y(2)": "2522679", "有無貼牌": "--", "有無QRCode": "無", "說明": null, "保管人": "呂元鈞" }, "geometry": { "type": "Point", "coordinates": [ 120.372665821592861, 22.803662327652354 ] } },
{ "type": "Feature", "properties": { "工程（財產）名稱": "護坡", "工程（財產）別名": "風吹嶺段邊坡崩坍處理", "財產編號": "1110102-003E 00-0000002", "保管單位": "曾管中心", "入帳日期(購置日期)": "2008-12-31", "清查日期": "2012/11/23", "地籍": null, "座標X(1)": 202987.4, "座標Y(1)": 2569752.54, "座標X(2)": null, "座標Y(2)": null, "有無貼牌": "--", "有無QRCode": "無", "說明": "風吹嶺收費站至台三線環湖道路二分之一右側上方", "保管人": "陳乙震" }, "geometry": { "type": "Point", "coordinates": [ 120.540619126399122, 23.229332963804023 ] } },
{ "type": "Feature", "properties": { "工程（財產）名稱": "護岸", "工程（財產）別名": "護岸C/102集水區牡丹3號橋上游野溪等3件工", "財產編號": "1110102-008A 00-0000065", "保管單位": "養護科", "入帳日期(購置日期)": "2013-10-29", "清查日期": "2020/09/23", "地籍": "河川地,無地籍(牡丹鄉牡丹段)", "座標X(1)": 232440.0, "座標Y(1)": 2452354.0, "座標X(2)": null, "座標Y(2)": null, "有無貼牌": "--", "有無QRCode": "無", "說明": null, "保管人": "吳宗翰" }, "geometry": { "type": "Point", "coordinates": [ 120.829727239555211, 22.169680250889954 ] } },
{ "type": "Feature", "properties": { "工程（財產）名稱": "辦公房屋", "工程（財產）別名": "管理處及資料室", "財產編號": "2010201-001A 91-0000001", "保管單位": "資產科", "入帳日期(購置日期)": "1964-02-18", "清查日期": "2022/02/23", "地籍": "台南市白河區糞箕湖段木屐寮小段184-2", "座標X(1)": 196218.65, "座標Y(1)": 2583585.09, "座標X(2)": "196227", "座標Y(2)": "2583569", "有無貼牌": "是", "有無QRCode": "無", "說明": "貼牌定位處地籍為同市區段179-5號", "保管人": "戴大雄" }, "geometry": { "type": "Point", "coordinates": [ 120.473990042282409, 23.354033973906773 ] } },
{ "type": "Feature", "properties": { "工程（財產）名稱": "護岸", "工程（財產）別名": "護岸C/102集水區牡丹3號橋上游野溪等3件工", "財產編號": "1110102-008A 00-0000064", "保管單位": "養護科", "入帳日期(購置日期)": "2013-10-29", "清查日期": "2020/09/23", "地籍": "河川地,無地籍(牡丹鄉東源段)", "座標X(1)": 233575.0, "座標Y(1)": 2453431.0, "座標X(2)": null, "座標Y(2)": null, "有無貼牌": "--", "有無QRCode": "無", "說明": null, "保管人": "吳宗翰" }, "geometry": { "type": "Point", "coordinates": [ 120.840721919575529, 22.179418439806689 ] } },
{ "type": "Feature", "properties": { "工程（財產）名稱": "辦公房屋", "工程（財產）別名": "本局辦公室", "財產編號": "2010201-001A 91-0000001", "保管單位": "秘書室", "入帳日期(購置日期)": "1969-11-10", "清查日期": "2025/02/20", "地籍": "台南市楠西鄉密枝段102-46、102-7號", "座標X(1)": 198639.12, "座標Y(1)": 2568874.03, "座標X(2)": null, "座標Y(2)": null, "有無貼牌": "是", "有無QRCode": "有", "說明": null, "保管人": "陳良青" }, "geometry": { "type": "Point", "coordinates": [ 120.498161019882815, 23.221269989255639 ] } },
{ "type": "Feature", "properties": { "工程（財產）名稱": "護岸", "工程（財產）別名": "護岸/102旭海路口排水治理等2件工程", "財產編號": "1110102-008A 00-0000068", "保管單位": "養護科", "入帳日期(購置日期)": "2013-10-31", "清查日期": "2020/09/23", "地籍": "牡丹鄉東源段1353號)", "座標X(1)": 233550.0, "座標Y(1)": 2453206.0, "座標X(2)": null, "座標Y(2)": null, "有無貼牌": "--", "有無QRCode": "無", "說明": null, "保管人": "吳宗翰" }, "geometry": { "type": "Point", "coordinates": [ 120.840481781030547, 22.177386087044408 ] } },
{ "type": "Feature", "properties": { "工程（財產）名稱": "明渠", "工程（財產）別名": "明渠", "財產編號": "1110101-029C 00-0000025", "保管單位": "養護科", "入帳日期(購置日期)": "2016-12-28", "清查日期": "2016/10/30", "地籍": "高雄市旗山區東平段75號(公)", "座標X(1)": 197991.0, "座標Y(1)": 2531680.0, "座標X(2)": null, "座標Y(2)": null, "有無貼牌": "--", "有無QRCode": "無", "說明": null, "保管人": "吳宗翰" }, "geometry": { "type": "Point", "coordinates": [ 120.493087580802921, 22.885375660664078 ] } },
{ "type": "Feature", "properties": { "工程（財產）名稱": "明渠", "工程（財產）別名": "甲仙溢流堰魚道工程", "財產編號": "1110101-029C 00-0000025", "保管單位": "甲仙(堰區)", "入帳日期(購置日期)": "2007-07-23", "清查日期": "2024/07/15", "地籍": "東大邱園1407之6號(台灣自來水公司A32187公尺)", "座標X(1)": 207299.59, "座標Y(1)": 2553745.41, "座標X(2)": "207302", "座標Y(2)": "2553729", "有無貼牌": "是", "有無QRCode": "無", "說明": null, "保管人": "洪瑞隆" }, "geometry": { "type": "Point", "coordinates": [ 120.583201985551568, 23.084901001409367 ] } },
{ "type": "Feature", "properties": { "工程（財產）名稱": "護岸", "工程（財產）別名": "阿公店水庫舟仔坑便橋上游及29甲埤護岸-28M", "財產編號": "1110102-008A 00-0000033", "保管單位": "阿管中心", "入帳日期(購置日期)": "2009-12-31", "清查日期": "2015/04/08", "地籍": "高雄市燕巢區尖山段1244號", "座標X(1)": 183197.0, "座標Y(1)": 2523359.0, "座標X(2)": null, "座標Y(2)": null, "有無貼牌": "--", "有無QRCode": "無", "說明": "在日昇蓬萊吊橋旁", "保管人": "呂元鈞" }, "geometry": { "type": "Point", "coordinates": [ 120.349259976962273, 22.809709292079884 ] } },
{ "type": "Feature", "properties": { "工程（財產）名稱": "辦公房屋", "工程（財產）別名": "大壩控制室", "財產編號": "2010201-001A 91-0000004", "保管單位": "資產科", "入帳日期(購置日期)": "1965-09-08", "清查日期": "2022/02/23", "地籍": "台南市白河區白水溪段528-136號", "座標X(1)": 195983.66, "座標Y(1)": 2583941.77, "座標X(2)": "195977", "座標Y(2)": "2583937", "有無貼牌": "是", "有無QRCode": "無", "說明": "貼牌處定位地籍為同市區段528-136號", "保管人": "戴大雄" }, "geometry": { "type": "Point", "coordinates": [ 120.471679039403412, 23.357247034649248 ] } },
{ "type": "Feature", "properties": { "工程（財產）名稱": "護岸", "工程（財產）別名": "101年旺萊溪斗姥廟北方護岸新建工程", "財產編號": "1110102-008A 00-0000052", "保管單位": "阿管中心", "入帳日期(購置日期)": "2012-12-05", "清查日期": "2014/03/28", "地籍": "燕巢區尖山段917地號", "座標X(1)": 186254.795, "座標Y(1)": 2524800.39, "座標X(2)": null, "座標Y(2)": null, "有無貼牌": "--", "有無QRCode": "無", "說明": "本案業經經濟部103年12月11日經授水字第10300725530號函轉審計部103年12月9日台審部四字第1030063023號函同意辦理減帳。", "保管人": "林堉介" }, "geometry": { "type": "Point", "coordinates": [ 120.378986114033935, 22.822844441839578 ] } },
{ "type": "Feature", "properties": { "工程（財產）名稱": "辦公房屋", "工程（財產）別名": "警察隊辦公室", "財產編號": "2010201-001A 91-0000004", "保管單位": "警察隊", "入帳日期(購置日期)": "1996-03-01", "清查日期": "2025/02/13", "地籍": "台南市楠西區密枝段101-9,101-5號", "座標X(1)": 198656.37, "座標Y(1)": 2568949.28, "座標X(2)": "198668", "座標Y(2)": "2568946", "有無貼牌": "是", "有無QRCode": "有", "說明": null, "保管人": "許晉豪" }, "geometry": { "type": "Point", "coordinates": [ 120.498327023551965, 23.221950044821419 ] } },
{ "type": "Feature", "properties": { "工程（財產）名稱": "護岸", "工程（財產）別名": "103牡丹三號橋下游及汝仍溪上游護岸新建工", "財產編號": "1110102-008A 00-0000054", "保管單位": "牡管中心", "入帳日期(購置日期)": "2015-01-23", "清查日期": "2019/10/07", "地籍": "牡丹段164近河處", "座標X(1)": 231912.0, "座標Y(1)": 2451201.0, "座標X(2)": null, "座標Y(2)": null, "有無貼牌": "--", "有無QRCode": "無", "說明": "牡丹三號橋下游護岸 擋土牆+箱籠117.6M(L)*0.3(頂寬W)*3M(H)", "保管人": "莊慶隆" }, "geometry": { "type": "Point", "coordinates": [ 120.824620349714081, 22.159261349812589 ] } },
{ "type": "Feature", "properties": { "工程（財產）名稱": "堰壩", "工程（財產）別名": "壩體心層改善工程", "財產編號": "2020401-0006 00-0000002", "保管單位": "曾管中心", "入帳日期(購置日期)": "2009-09-16", "清查日期": "2012/11/09", "地籍": "曾文溪河道", "座標X(1)": 202579.39, "座標Y(1)": 2571837.81, "座標X(2)": null, "座標Y(2)": null, "有無貼牌": "--", "有無QRCode": "無", "說明": "曾文水庫心層加高", "保管人": "黃政達" }, "geometry": { "type": "Point", "coordinates": [ 120.536567353002511, 23.248151598123528 ] } },
{ "type": "Feature", "properties": { "工程（財產）名稱": "堰壩", "工程（財產）別名": "甲仙堰-攔河壩", "財產編號": "2020401-0006 00-0000002", "保管單位": "甲仙(堰區)", "入帳日期(購置日期)": "1999-07-31", "清查日期": "2025/03/21", "地籍": "東大丘園段1407-6號地(所有權:自來水公司)", "座標X(1)": 207285.72, "座標Y(1)": 2553723.0, "座標X(2)": "207410", "座標Y(2)": "2553738", "有無貼牌": "是", "有無QRCode": "有", "說明": null, "保管人": "洪瑞隆" }, "geometry": { "type": "Point", "coordinates": [ 120.583067227591329, 23.084698272829446 ] } },
{ "type": "Feature", "properties": { "工程（財產）名稱": "護岸", "工程（財產）別名": "達邦壩上游工程-173M", "財產編號": "1110102-008A 00-0000029", "保管單位": "曾管中心", "入帳日期(購置日期)": "2008-12-26", "清查日期": "2015/05/07", "地籍": "無", "座標X(1)": 224838.93, "座標Y(1)": 2595460.12, "座標X(2)": null, "座標Y(2)": null, "有無貼牌": "--", "有無QRCode": "無", "說明": "長谷川溪特富野部落下方", "保管人": "周駿宏" }, "geometry": { "type": "Point", "coordinates": [ 120.753709985841809, 23.461958004283652 ] } },
{ "type": "Feature", "properties": { "工程（財產）名稱": "護坡", "工程（財產）別名": "護坡/109曾文水庫湖域保護帶治理第一期", "財產編號": "1110102-003E 00-0000404", "保管單位": "曾管中心", "入帳日期(購置日期)": "2020-11-05", "清查日期": "--", "地籍": null, "座標X(1)": 207625.0, "座標Y(1)": 2577515.0, "座標X(2)": null, "座標Y(2)": null, "有無貼牌": "--", "有無QRCode": "無", "說明": "護坡", "保管人": "周駿宏" }, "geometry": { "type": "Point", "coordinates": [ 120.585717576057348, 23.299555409869381 ] } },
{ "type": "Feature", "properties": { "工程（財產）名稱": "護岸", "工程（財產）別名": "103牡丹三號橋下游及汝仍溪上游護岸新建工", "財產編號": "1110102-008A 00-0000055", "保管單位": "牡管中心", "入帳日期(購置日期)": "2015-01-23", "清查日期": "2019/10/07", "地籍": "牡丹鄉佳阿烏段17號河段", "座標X(1)": 229507.7, "座標Y(1)": 2454089.3, "座標X(2)": "232399", "座標Y(2)": "2454662", "有無貼牌": "--", "有無QRCode": "無", "說明": "1.汝仍溪上游護岸 擋土牆87M(L)*0.3(頂寬W)*3M(H)2.擋土牆+箱籠長117.6米*寬0.3米*高3米", "保管人": "莊慶隆" }, "geometry": { "type": "Point", "coordinates": [ 120.801271912884943, 22.18532061906858 ] } },
{ "type": "Feature", "properties": { "工程（財產）名稱": "護岸", "工程（財產）別名": "103牡丹四號橋上游護岸新建等三件工程", "財產編號": "1110102-008A 00-0000056", "保管單位": "牡管中心", "入帳日期(購置日期)": "2015-01-23", "清查日期": "2019/10/07", "地籍": "河段無地籍資料", "座標X(1)": 232335.0, "座標Y(1)": 2452069.0, "座標X(2)": null, "座標Y(2)": null, "有無貼牌": "--", "有無QRCode": "無", "說明": "牡丹四號橋上游護岸 擋土牆+箱籠48M(L)*0.3(頂寬W)*3M(H)", "保管人": "莊慶隆" }, "geometry": { "type": "Point", "coordinates": [ 120.828712214632674, 22.167105169489965 ] } },
{ "type": "Feature", "properties": { "工程（財產）名稱": "明渠", "工程（財產）別名": "明渠/113年阿公店水庫集水區零星工程", "財產編號": "1110101-029C 00-0000594", "保管單位": "高市燕巢區", "入帳日期(購置日期)": "2024-09-26", "清查日期": "--", "地籍": "大埔段525、527地號", "座標X(1)": 185605.49, "座標Y(1)": 2522834.67, "座標X(2)": null, "座標Y(2)": null, "有無貼牌": "是", "有無QRCode": "無", "說明": "財增單及照片.pdf同意書蓬萊段340-341大埔段525-527煙波段1490地號.pdf", "保管人": "林堉介" }, "geometry": { "type": "Point", "coordinates": [ 120.3727420827461, 22.805068417743797 ] } },
{ "type": "Feature", "properties": { "工程（財產）名稱": "護岸", "工程（財產）別名": "高屏堰低水護岸簡易修復工程-第二期-940M", "財產編號": "1110102-008A 00-0000044", "保管單位": "高屏溪攔河堰", "入帳日期(購置日期)": "2010-11-22", "清查日期": "2022/09/23", "地籍": "位屏東縣九如鄉下冷水坑段河川地上,無地籍資料", "座標X(1)": 194502.0, "座標Y(1)": 2512459.0, "座標X(2)": null, "座標Y(2)": null, "有無貼牌": "是", "有無QRCode": "無", "說明": null, "保管人": "沈文忠" }, "geometry": { "type": "Point", "coordinates": [ 120.459767183238426, 22.711687187768767 ] } },
{ "type": "Feature", "properties": { "工程（財產）名稱": "護岸", "工程（財產）別名": "仁吉橋下游-草蘭溪1", "財產編號": "1110102-008H 00-0000003", "保管單位": "曾管中心", "入帳日期(購置日期)": "2009-02-05", "清查日期": "2012/11/14", "地籍": "高雄市那瑪夏區達悟芒段16號", "座標X(1)": 213401.05, "座標Y(1)": 2576135.14, "座標X(2)": null, "座標Y(2)": null, "有無貼牌": "--", "有無QRCode": "無", "說明": "草灡溪", "保管人": "陳乙震" }, "geometry": { "type": "Point", "coordinates": [ 120.642219961990875, 23.287233974101479 ] } },
{ "type": "Feature", "properties": { "工程（財產）名稱": "護岸", "工程（財產）別名": "環湖道路及電廠聯外道路災害復建工程-222.9", "財產編號": "1110102-008A 00-0000049", "保管單位": "曾管中心", "入帳日期(購置日期)": "2011-07-27", "清查日期": "2019/10/07", "地籍": "台南市東山區下南勢段950-1號", "座標X(1)": 201800.0, "座標Y(1)": 2571800.0, "座標X(2)": null, "座標Y(2)": null, "有無貼牌": "--", "有無QRCode": "無", "說明": "長222.94米,莫拉克風災復建工程", "保管人": "許玿瑛" }, "geometry": { "type": "Point", "coordinates": [ 120.528951918670487, 23.247787513472566 ] } },
{ "type": "Feature", "properties": { "工程（財產）名稱": "護岸", "工程（財產）別名": "洲子坑區水保-31M", "財產編號": "1110102-008H 00-0000003", "保管單位": "阿管中心", "入帳日期(購置日期)": "2008-12-31", "清查日期": "2013/09/10", "地籍": "尖山段537-13", "座標X(1)": 186340.35, "座標Y(1)": 2522270.64, "座標X(2)": null, "座標Y(2)": null, "有無貼牌": "--", "有無QRCode": "無", "說明": null, "保管人": "林堉介" }, "geometry": { "type": "Point", "coordinates": [ 120.379922970424929, 22.800002983900701 ] } },
{ "type": "Feature", "properties": { "工程（財產）名稱": "護岸", "工程（財產）別名": "曾文長谷川溪右岸處理", "財產編號": "1110102-008A 94-0000017", "保管單位": "曾管中心", "入帳日期(購置日期)": "2005-12-30", "清查日期": "2023/03/02", "地籍": "嘉義縣阿里山鄉特富野段9018-4號", "座標X(1)": 225362.44, "座標Y(1)": 2596638.42, "座標X(2)": null, "座標Y(2)": null, "有無貼牌": "是", "有無QRCode": "無", "說明": null, "保管人": "連偉成" }, "geometry": { "type": "Point", "coordinates": [ 120.758815011855702, 23.472606200901645 ] } },
{ "type": "Feature", "properties": { "工程（財產）名稱": "護坡", "工程（財產）別名": "護坡-集水區通達道路4k+100處坍方保護工程", "財產編號": "1110102-003B 00-0000004", "保管單位": "牡管中心", "入帳日期(購置日期)": "2008-12-02", "清查日期": "2019/10/21", "地籍": "屏東縣牡丹鄉佳拉烏忍段55號", "座標X(1)": 227069.1, "座標Y(1)": 2450038.0, "座標X(2)": "227357", "座標Y(2)": "2450038", "有無貼牌": "--", "有無QRCode": "無", "說明": "石門段271號", "保管人": "莊慶隆" }, "geometry": { "type": "Point", "coordinates": [ 120.777680760571997, 22.148700317987945 ] } },
{ "type": "Feature", "properties": { "工程（財產）名稱": "護岸", "工程（財產）別名": "斗姥廟旁-護岸-144.26M", "財產編號": "1110102-008A 00-0000037", "保管單位": "阿管中心", "入帳日期(購置日期)": "2009-12-31", "清查日期": "2012/05/22", "地籍": "田寮區牛稠埔段472-1地號", "座標X(1)": 186320.751, "座標Y(1)": 2524821.338, "座標X(2)": null, "座標Y(2)": null, "有無貼牌": "--", "有無QRCode": "無", "說明": null, "保管人": "林堉介" }, "geometry": { "type": "Point", "coordinates": [ 120.379627779650917, 22.823036113630945 ] } },
{ "type": "Feature", "properties": { "工程（財產）名稱": "護坡", "工程（財產）別名": "左副壩上游邊坡保護工", "財產編號": "1110102-003B 00-0000004", "保管單位": "阿管中心", "入帳日期(購置日期)": "2005-10-13", "清查日期": "2015/04/08", "地籍": "高雄市燕巢區瓊東段191號", "座標X(1)": 183581.0, "座標Y(1)": 2522790.0, "座標X(2)": null, "座標Y(2)": null, "有無貼牌": "--", "有無QRCode": "無", "說明": null, "保管人": "呂元鈞" }, "geometry": { "type": "Point", "coordinates": [ 120.353024666517868, 22.80458623225304 ] } },
{ "type": "Feature", "properties": { "工程（財產）名稱": "護岸", "工程（財產）別名": "曾文崩坍地(樂野區)", "財產編號": "1110102-008A 93-0000006", "保管單位": "曾管中心", "入帳日期(購置日期)": "2004-12-31", "清查日期": "2023/12/29", "地籍": "嘉義縣阿里山鄉樂野段721號", "座標X(1)": 221193.98, "座標Y(1)": 2594708.79, "座標X(2)": "221204", "座標Y(2)": "2594710", "有無貼牌": "是", "有無QRCode": "無", "說明": null, "保管人": "連偉成" }, "geometry": { "type": "Point", "coordinates": [ 120.718045986256627, 23.455113007758818 ] } },
{ "type": "Feature", "properties": { "工程（財產）名稱": "溢流道", "工程（財產）別名": "溢洪道改善工程", "財產編號": "2020404-0007 00-0000003", "保管單位": "曾管中心", "入帳日期(購置日期)": "2009-09-16", "清查日期": "2012/11/09", "地籍": "嘉義縣大埔鄉柳藤潭段24-13號", "座標X(1)": 202579.39, "座標Y(1)": 2571837.81, "座標X(2)": null, "座標Y(2)": null, "有無貼牌": "--", "有無QRCode": "無", "說明": "曾文水庫右壩座排水溝", "保管人": "黃政達" }, "geometry": { "type": "Point", "coordinates": [ 120.536567353002511, 23.248151598123528 ] } },
{ "type": "Feature", "properties": { "工程（財產）名稱": "護岸", "工程（財產）別名": "高屏堰左岸低水護岸新建工程-499M", "財產編號": "1110102-008A 00-0000046", "保管單位": "高屏溪攔河堰", "入帳日期(購置日期)": "2010-12-15", "清查日期": "2022/08/19", "地籍": "屏東縣九如鄉下冷水坑河川公地", "座標X(1)": 194446.0, "座標Y(1)": 2511347.0, "座標X(2)": "194123", "座標Y(2)": "2510793", "有無貼牌": "是", "有無QRCode": "無", "說明": "99年12月15日入帳", "保管人": "許子晏" }, "geometry": { "type": "Point", "coordinates": [ 120.459261516733463, 22.70164324586716 ] } },
{ "type": "Feature", "properties": { "工程（財產）名稱": "溢流道", "工程（財產）別名": "牛稠埔邊坡-溢流道", "財產編號": "2020404-0007 00-0000003", "保管單位": "阿管中心", "入帳日期(購置日期)": "2009-12-22", "清查日期": "2015/03/31", "地籍": null, "座標X(1)": 183517.0, "座標Y(1)": 2526764.0, "座標X(2)": null, "座標Y(2)": null, "有無貼牌": "--", "有無QRCode": "無", "說明": null, "保管人": "呂元鈞" }, "geometry": { "type": "Point", "coordinates": [ 120.352231533633699, 22.840470347174222 ] } },
{ "type": "Feature", "properties": { "工程（財產）名稱": "護岸", "工程（財產）別名": "集水區崩塌地處理工程", "財產編號": "1110102-008A 94-0000015", "保管單位": "曾管中心", "入帳日期(購置日期)": "2005-06-30", "清查日期": "2023/12/15", "地籍": "嘉義縣阿里山鄉鹿密(窟)段96號", "座標X(1)": 211785.14, "座標Y(1)": 2587947.55, "座標X(2)": null, "座標Y(2)": null, "有無貼牌": "找不到", "有無QRCode": "無", "說明": null, "保管人": "連偉成" }, "geometry": { "type": "Point", "coordinates": [ 120.626125042434012, 23.393865031510437 ] } },
{ "type": "Feature", "properties": { "工程（財產）名稱": "擋土牆", "工程（財產）別名": "擋土牆", "財產編號": "1110102-0004 00-0000488", "保管單位": "養護科", "入帳日期(購置日期)": "2018-03-30", "清查日期": "--", "地籍": "高雄市桃源區", "座標X(1)": 226149.0, "座標Y(1)": 2562203.0, "座標X(2)": null, "座標Y(2)": null, "有無貼牌": "--", "有無QRCode": "無", "說明": null, "保管人": "吳宗翰" }, "geometry": { "type": "Point", "coordinates": [ 120.767057327200163, 23.161655807373716 ] } },
{ "type": "Feature", "properties": { "工程（財產）名稱": "混凝土版樑橋", "工程（財產）別名": "曾文颱損第2期復建工", "財產編號": "1110101-020A 00-0000003", "保管單位": "曾管中心", "入帳日期(購置日期)": "2009-01-21", "清查日期": "2013/02/04", "地籍": "台南市東山區下南勢段1173號", "座標X(1)": 200742.69, "座標Y(1)": 2571131.66, "座標X(2)": null, "座標Y(2)": null, "有無貼牌": "--", "有無QRCode": "無", "說明": "位於曾文之眼對面產業道路", "保管人": "陳乙震" }, "geometry": { "type": "Point", "coordinates": [ 120.518640994153614, 23.241720989006694 ] } },
{ "type": "Feature", "properties": { "工程（財產）名稱": "擋土牆", "工程（財產）別名": "101年度大埔鄉轄內曾文水庫集水區週邊零星", "財產編號": "1110102-0004 00-0000488", "保管單位": "養護科", "入帳日期(購置日期)": "2012-12-31", "清查日期": "2017/09/20", "地籍": "大埔段1240-5地號", "座標X(1)": 208354.0, "座標Y(1)": 2575580.0, "座標X(2)": null, "座標Y(2)": null, "有無貼牌": "--", "有無QRCode": "無", "說明": "加勁擋土牆 4.5m(H)×81m(L)×3.5m(W)", "保管人": "吳宗翰" }, "geometry": { "type": "Point", "coordinates": [ 120.592897707211336, 23.28210068728665 ] } },
{ "type": "Feature", "properties": { "工程（財產）名稱": "混凝土版樑橋", "工程（財產）別名": "曾文壩區野溪治理工程-版橋", "財產編號": "1110101-020A 00-0000004", "保管單位": "曾管中心", "入帳日期(購置日期)": "2011-09-30", "清查日期": "2013/03/19", "地籍": "台南市東山區下南勢段1173號", "座標X(1)": 200736.09, "座標Y(1)": 2571145.75, "座標X(2)": null, "座標Y(2)": null, "有無貼牌": "--", "有無QRCode": "無", "說明": "位於曾文之眼對面產業道路", "保管人": "陳乙震" }, "geometry": { "type": "Point", "coordinates": [ 120.518576041949657, 23.241848026075225 ] } },
{ "type": "Feature", "properties": { "工程（財產）名稱": "明渠", "工程（財產）別名": "明渠", "財產編號": "1110101-029C 00-0000027", "保管單位": "養護科", "入帳日期(購置日期)": "2016-12-28", "清查日期": "2016/10/30", "地籍": "高雄市旗山區 碡坑段161-3號(私)", "座標X(1)": 194778.0, "座標Y(1)": 2525704.0, "座標X(2)": null, "座標Y(2)": null, "有無貼牌": "--", "有無QRCode": "無", "說明": null, "保管人": "吳宗翰" }, "geometry": { "type": "Point", "coordinates": [ 120.46198515413036, 22.831306490468279 ] } },
{ "type": "Feature", "properties": { "工程（財產）名稱": "混凝土版樑橋", "工程（財產）別名": "舟子坑橋改建工程", "財產編號": "1110101-020A 00-0000002", "保管單位": "阿管中心", "入帳日期(購置日期)": "2005-12-07", "清查日期": "2013/09/10", "地籍": "高雄市燕巢區尖山段585-25號", "座標X(1)": 185437.15, "座標Y(1)": 2522288.19, "座標X(2)": null, "座標Y(2)": null, "有無貼牌": "--", "有無QRCode": "無", "說明": null, "保管人": "李冠緯" }, "geometry": { "type": "Point", "coordinates": [ 120.371125025978841, 22.800127017556726 ] } },
{ "type": "Feature", "properties": { "工程（財產）名稱": "明渠", "工程（財產）別名": "公共設施整建工程-30M", "財產編號": "1110101-029C 00-0000027", "保管單位": "曾管中心", "入帳日期(購置日期)": "2007-12-31", "清查日期": "2015/02/13", "地籍": "嘉義縣大埔鄉大埔段2169-5號", "座標X(1)": 203352.92, "座標Y(1)": 2577080.71, "座標X(2)": null, "座標Y(2)": null, "有無貼牌": "--", "有無QRCode": "無", "說明": "位於參觀台中正樓下方水溝", "保管人": "陳乙震" }, "geometry": { "type": "Point", "coordinates": [ 120.543965602688615, 23.295517829920914 ] } },
{ "type": "Feature", "properties": { "工程（財產）名稱": "混凝土版樑橋", "工程（財產）別名": "曾文溢洪道裂縫修補工", "財產編號": "1110101-020A 91-0000001", "保管單位": "曾管中心", "入帳日期(購置日期)": "2000-12-31", "清查日期": "2012/11/05", "地籍": "嘉義縣大埔鄉柳藤潭段24-2號", "座標X(1)": 202592.98, "座標Y(1)": 2572036.04, "座標X(2)": null, "座標Y(2)": null, "有無貼牌": "--", "有無QRCode": "無", "說明": "大壩溢洪道", "保管人": "陳乙震" }, "geometry": { "type": "Point", "coordinates": [ 120.536693978683203, 23.249942037546916 ] } },
{ "type": "Feature", "properties": { "工程（財產）名稱": "擋土牆", "工程（財產）別名": "擋土牆", "財產編號": "1110102-0004 00-0000489", "保管單位": "養護科", "入帳日期(購置日期)": "2018-03-30", "清查日期": "--", "地籍": "高雄市桃源區", "座標X(1)": 226117.0, "座標Y(1)": 2562158.0, "座標X(2)": null, "座標Y(2)": null, "有無貼牌": "--", "有無QRCode": "無", "說明": null, "保管人": "吳宗翰" }, "geometry": { "type": "Point", "coordinates": [ 120.766745502416143, 23.161248973481715 ] } },
{ "type": "Feature", "properties": { "工程（財產）名稱": "吊索橋", "工程（財產）別名": "93曾文公共設施二期整", "財產編號": "1110101-0018 95-0000001", "保管單位": "曾管中心", "入帳日期(購置日期)": "2006-07-30", "清查日期": "2022/08/02", "地籍": "嘉義縣大埔鄉大埔段2169-2號", "座標X(1)": 203352.58, "座標Y(1)": 2571100.2, "座標X(2)": "203355", "座標Y(2)": "2571100", "有無貼牌": "是", "有無QRCode": "無", "說明": "位於參觀台", "保管人": "陳乙震" }, "geometry": { "type": "Point", "coordinates": [ 120.544146040536461, 23.241512964498462 ] } },
{ "type": "Feature", "properties": { "工程（財產）名稱": "擋土牆", "工程（財產）別名": "105年曾文水庫湖域保護帶治理第一期工程", "財產編號": "1110102-0004 00-0000489", "保管單位": "曾管中心", "入帳日期(購置日期)": "2017-10-02", "清查日期": "2022/07/21", "地籍": "台南市東山區下南勢段1180號", "座標X(1)": 200087.396, "座標Y(1)": 2570656.89, "座標X(2)": "200076", "座標Y(2)": "2570630", "有無貼牌": "是", "有無QRCode": "無", "說明": null, "保管人": "李勝雄" }, "geometry": { "type": "Point", "coordinates": [ 120.512253003213416, 23.237414003711535 ] } },
{ "type": "Feature", "properties": { "工程（財產）名稱": "牲畜飼養室", "工程（財產）別名": "安置站/鐵皮屋安置流浪犬用", "財產編號": "2010103-001H 00-0000001", "保管單位": "秘書室", "入帳日期(購置日期)": "2022-11-15", "清查日期": "--", "地籍": "台南市楠西區密枝段102-46號", "座標X(1)": 198662.0, "座標Y(1)": 2568810.0, "座標X(2)": null, "座標Y(2)": null, "有無貼牌": "是", "有無QRCode": "無", "說明": null, "保管人": "陳奕瑋" }, "geometry": { "type": "Point", "coordinates": [ 120.498386729641069, 23.22069250299262 ] } },
{ "type": "Feature", "properties": { "工程（財產）名稱": "電工房屋", "工程（財產）別名": "鍋爐房", "財產編號": "2010202-003D 00-0000002", "保管單位": "牡管中心", "入帳日期(購置日期)": "2001-11-07", "清查日期": "2025/01/24", "地籍": "屏東縣牡丹鄉石門段354-1號", "座標X(1)": 227592.76, "座標Y(1)": 2447880.55, "座標X(2)": null, "座標Y(2)": null, "有無貼牌": "是", "有無QRCode": "有", "說明": null, "保管人": "周百欽" }, "geometry": { "type": "Point", "coordinates": [ 120.782787594657393, 22.129221849019984 ] } },
{ "type": "Feature", "properties": { "工程（財產）名稱": "電工房屋", "工程（財產）別名": "機房", "財產編號": "2010202-003D 00-0000003", "保管單位": "牡管中心", "入帳日期(購置日期)": "2001-11-07", "清查日期": "2025/01/24", "地籍": "屏東縣牡丹鄉石門段354-1號", "座標X(1)": 227566.75, "座標Y(1)": 2447904.5, "座標X(2)": null, "座標Y(2)": null, "有無貼牌": "是", "有無QRCode": "有", "說明": null, "保管人": "周百欽" }, "geometry": { "type": "Point", "coordinates": [ 120.782535127085922, 22.129437821344116 ] } },
{ "type": "Feature", "properties": { "工程（財產）名稱": "專用通行路", "工程（財產）別名": "專用通行路/108曾文水庫湖域保護帶第二期", "財產編號": "1110101-0011 00-0000033", "保管單位": "曾管中心", "入帳日期(購置日期)": "2020-03-31", "清查日期": "2020/03/31", "地籍": "嘉義縣大埔鄉埔南段(0853)1105地號", "座標X(1)": 207772.0, "座標Y(1)": 2577396.0, "座標X(2)": null, "座標Y(2)": null, "有無貼牌": "--", "有無QRCode": "無", "說明": "專用通行路", "保管人": "周駿宏" }, "geometry": { "type": "Point", "coordinates": [ 120.587158019535821, 23.298484610874596 ] } },
{ "type": "Feature", "properties": { "工程（財產）名稱": "專用通行路", "工程（財產）別名": "專用通行路/田寮區阿公店水庫越域引水道上", "財產編號": "1110101-0011 00-0000034", "保管單位": "阿管中心", "入帳日期(購置日期)": "2020-02-01", "清查日期": "2022/07/13", "地籍": "高雄市田寮區水蛙潭段105-6號田寮段77-1及78-2號", "座標X(1)": 189388.0, "座標Y(1)": 2525506.0, "座標X(2)": "189372", "座標Y(2)": "2525456", "有無貼牌": "是", "有無QRCode": "無", "說明": "長156米", "保管人": "邱柏翰" }, "geometry": { "type": "Point", "coordinates": [ 120.409481429856513, 22.829332454218878 ] } },
{ "type": "Feature", "properties": { "工程（財產）名稱": "護岸", "工程（財產）別名": "護岸C/102集水區牡丹3號橋上游野溪等3件工", "財產編號": "1110102-008A 00-0000067", "保管單位": "養護科", "入帳日期(購置日期)": "2013-10-29", "清查日期": "2020/09/23", "地籍": "河川地無籍(牡丹區牡丹段)", "座標X(1)": 232563.0, "座標Y(1)": 2452178.0, "座標X(2)": null, "座標Y(2)": null, "有無貼牌": "--", "有無QRCode": "無", "說明": null, "保管人": "吳宗翰" }, "geometry": { "type": "Point", "coordinates": [ 120.830921820950294, 22.168091925212437 ] } },
{ "type": "Feature", "properties": { "工程（財產）名稱": "護岸", "工程（財產）別名": "護岸C/102集水區牡丹3號橋上游野溪等3件工", "財產編號": "1110102-008A 00-0000066", "保管單位": "養護科", "入帳日期(購置日期)": "2013-10-29", "清查日期": "2020/09/23", "地籍": "河川地無地籍(牡丹區牡丹段)", "座標X(1)": 232451.0, "座標Y(1)": 2452340.0, "座標X(2)": null, "座標Y(2)": null, "有無貼牌": "--", "有無QRCode": "無", "說明": null, "保管人": "吳宗翰" }, "geometry": { "type": "Point", "coordinates": [ 120.829834054225955, 22.16955391944764 ] } },
{ "type": "Feature", "properties": { "工程（財產）名稱": "護岸", "工程（財產）別名": "阿公店引水渠左岸上游護岸工程-114M", "財產編號": "1110102-008A 00-0000041", "保管單位": "阿管中心", "入帳日期(購置日期)": "2010-11-19", "清查日期": "2011/03/13", "地籍": "田寮區牛稠埔段253-52地號", "座標X(1)": 183992.216, "座標Y(1)": 2526249.968, "座標X(2)": null, "座標Y(2)": null, "有無貼牌": "--", "有無QRCode": "無", "說明": null, "保管人": "林堉介" }, "geometry": { "type": "Point", "coordinates": [ 120.35688333272229, 22.835847224859087 ] } },
{ "type": "Feature", "properties": { "工程（財產）名稱": "護岸", "工程（財產）別名": "曾文公共設施第二期工程-二號橋-16.34m", "財產編號": "1110102-008A 00-0000024", "保管單位": "曾管中心", "入帳日期(購置日期)": "2007-12-31", "清查日期": "2014/06/10", "地籍": "保安林", "座標X(1)": 198562.43, "座標Y(1)": 2567860.03, "座標X(2)": null, "座標Y(2)": null, "有無貼牌": "--", "有無QRCode": "無", "說明": "位於二號橋橋頭", "保管人": "陳乙震" }, "geometry": { "type": "Point", "coordinates": [ 120.497445973881042, 23.212111033892914 ] } },
{ "type": "Feature", "properties": { "工程（財產）名稱": "護岸", "工程（財產）別名": "曾文水保-大埔西興區", "財產編號": "1110102-008A 93-0000012", "保管單位": "曾管中心", "入帳日期(購置日期)": "2004-12-31", "清查日期": "2012/11/16", "地籍": "嘉義縣大埔鄉大埔段1484-2號", "座標X(1)": 206812.09, "座標Y(1)": 2572324.16, "座標X(2)": null, "座標Y(2)": null, "有無貼牌": "--", "有無QRCode": "無", "說明": "位於萬靈山產業道路", "保管人": "陳乙震" }, "geometry": { "type": "Point", "coordinates": [ 120.577917996250875, 23.252660022930584 ] } },
{ "type": "Feature", "properties": { "工程（財產）名稱": "護岸", "工程（財產）別名": "護岸/101牡丹水庫周邊零星工程", "財產編號": "1110102-008A 00-0000060", "保管單位": "養護科", "入帳日期(購置日期)": "2013-01-15", "清查日期": "2020/09/23", "地籍": "河川地無地籍(牡丹區東源段)", "座標X(1)": 234076.0, "座標Y(1)": 2453656.0, "座標X(2)": null, "座標Y(2)": null, "有無貼牌": "--", "有無QRCode": "無", "說明": null, "保管人": "吳宗翰" }, "geometry": { "type": "Point", "coordinates": [ 120.845578030906097, 22.181455231590373 ] } },
{ "type": "Feature", "properties": { "工程（財產）名稱": "護岸", "工程（財產）別名": "曾文水保(山美區)", "財產編號": "1110102-008A 93-0000008", "保管單位": "曾管中心", "入帳日期(購置日期)": "2004-12-31", "清查日期": "2023/11/08", "地籍": "嘉義縣阿里山鄉南美段94號", "座標X(1)": 217082.53, "座標Y(1)": 2584619.0, "座標X(2)": "217064", "座標Y(2)": "2584614", "有無貼牌": "是", "有無QRCode": "無", "說明": "工能如常運作112/11/08", "保管人": "連偉成" }, "geometry": { "type": "Point", "coordinates": [ 120.67802397086902, 23.36392304527055 ] } },
{ "type": "Feature", "properties": { "工程（財產）名稱": "護岸", "工程（財產）別名": "攔砂壩固床護岸-14m", "財產編號": "1110102-008A 00-0000035", "保管單位": "牡管中心", "入帳日期(購置日期)": "2009-12-31", "清查日期": "2019/10/07", "地籍": "屏東縣牡丹鄉牡丹段647號", "座標X(1)": 227347.11, "座標Y(1)": 2450831.25, "座標X(2)": null, "座標Y(2)": null, "有無貼牌": "--", "有無QRCode": "無", "說明": null, "保管人": "梁漢銘" }, "geometry": { "type": "Point", "coordinates": [ 120.780364986315021, 22.155868303344608 ] } },
{ "type": "Feature", "properties": { "工程（財產）名稱": "護岸", "工程（財產）別名": "高屏堰(1K+050~2K+150)復建工程-1102M2", "財產編號": "1110102-008A 00-0000042", "保管單位": "高屏溪攔河堰", "入帳日期(購置日期)": "2010-11-22", "清查日期": "2022/08/19", "地籍": "屏東縣九如鄉下冷水坑河川公地", "座標X(1)": 193824.0, "座標Y(1)": 2510445.0, "座標X(2)": "193845", "座標Y(2)": "2510475", "有無貼牌": "是", "有無QRCode": "無", "說明": null, "保管人": "許子晏" }, "geometry": { "type": "Point", "coordinates": [ 120.453239778729525, 22.693477010355146 ] } },
{ "type": "Feature", "properties": { "工程（財產）名稱": "護岸", "工程（財產）別名": "甲仙堤防搶修工程F段-225M", "財產編號": "1110102-008A 00-0000045", "保管單位": "甲仙(堰區)", "入帳日期(購置日期)": "2010-12-15", "清查日期": "2024/07/15", "地籍": "東阿里關2996", "座標X(1)": 207232.74, "座標Y(1)": 2553835.19, "座標X(2)": "207410", "座標Y(2)": "2553808", "有無貼牌": "是", "有無QRCode": "無", "說明": null, "保管人": "洪瑞隆" }, "geometry": { "type": "Point", "coordinates": [ 120.582546973600628, 23.085710027348149 ] } },
{ "type": "Feature", "properties": { "工程（財產）名稱": "護岸", "工程（財產）別名": "高屏左岸一工區-1050m", "財產編號": "1110102-008A 95-0000020", "保管單位": "高屏溪攔河堰", "入帳日期(購置日期)": "2006-12-20", "清查日期": "2022/08/19", "地籍": "位河川公地上無地籍資料", "座標X(1)": 193096.0, "座標Y(1)": 2509698.0, "座標X(2)": "193813", "座標Y(2)": "2510433", "有無貼牌": "是", "有無QRCode": "無", "說明": null, "保管人": "許子晏" }, "geometry": { "type": "Point", "coordinates": [ 120.446181526772349, 22.686706742455911 ] } },
{ "type": "Feature", "properties": { "工程（財產）名稱": "混凝土版樑橋", "工程（財產）別名": "102曾文水庫公共設施改善工程(楠西區)密枝", "財產編號": "1110101-020A 00-0000432", "保管單位": "曾管中心", "入帳日期(購置日期)": "2014-02-01", "清查日期": "2022/08/02", "地籍": "台南市楠西區密枝段619及607號", "座標X(1)": 199602.0, "座標Y(1)": 2568588.0, "座標X(2)": "199674", "座標Y(2)": "2568577", "有無貼牌": "是", "有無QRCode": "無", "說明": null, "保管人": "周駿宏" }, "geometry": { "type": "Point", "coordinates": [ 120.507578365537356, 23.218716842058949 ] } },
{ "type": "Feature", "properties": { "工程（財產）名稱": "護岸", "工程（財產）別名": "大埔防砂壩護岸處理工程-118.8公尺", "財產編號": "1110102-008A 00-0000040", "保管單位": "曾管中心", "入帳日期(購置日期)": "2010-07-20", "清查日期": "2012/11/08", "地籍": "嘉義縣大埔鄉射免潭段76號", "座標X(1)": 213544.79, "座標Y(1)": 2577301.76, "座標X(2)": null, "座標Y(2)": null, "有無貼牌": "--", "有無QRCode": "無", "說明": "位於大埔壩曾文溪上游", "保管人": "周駿宏" }, "geometry": { "type": "Point", "coordinates": [ 120.64359704707536, 23.29777201491526 ] } },
{ "type": "Feature", "properties": { "工程（財產）名稱": "護岸", "工程（財產）別名": "曾文3號橋右岸災害復建工程-490M", "財產編號": "1110102-008A 00-0000043", "保管單位": "曾管中心", "入帳日期(購置日期)": "2010-11-22", "清查日期": "2012/11/12", "地籍": null, "座標X(1)": 199051.28, "座標Y(1)": 2569802.5, "座標X(2)": null, "座標Y(2)": null, "有無貼牌": "--", "有無QRCode": "無", "說明": "位於曾庫公路3號橋上下兩側", "保管人": "陳乙震" }, "geometry": { "type": "Point", "coordinates": [ 120.502156966583684, 23.229667001983458 ] } },
{ "type": "Feature", "properties": { "工程（財產）名稱": "護岸", "工程（財產）別名": "曾文崩坍地-壩區農場", "財產編號": "1110102-008A 93-0000013", "保管單位": "曾管中心", "入帳日期(購置日期)": "2004-12-31", "清查日期": "2013/02/27", "地籍": "嘉義縣大埔鄉大埔段2146號", "座標X(1)": 204949.35, "座標Y(1)": 2571871.34, "座標X(2)": null, "座標Y(2)": null, "有無貼牌": "--", "有無QRCode": "無", "說明": "位於嘉義農場內", "保管人": "陳乙震" }, "geometry": { "type": "Point", "coordinates": [ 120.559726986673567, 23.248521000025612 ] } },
{ "type": "Feature", "properties": { "工程（財產）名稱": "護岸", "工程（財產）別名": "壩區第一期工程", "財產編號": "1110102-008A 92-0000003", "保管單位": "曾管中心", "入帳日期(購置日期)": "2003-12-29", "清查日期": "2012/11/05", "地籍": null, "座標X(1)": 198938.39, "座標Y(1)": 2569918.83, "座標X(2)": null, "座標Y(2)": null, "有無貼牌": "--", "有無QRCode": "無", "說明": "位於東口露營區入口處右轉產業道路", "保管人": "陳乙震" }, "geometry": { "type": "Point", "coordinates": [ 120.501049995195856, 23.230713979367781 ] } },
{ "type": "Feature", "properties": { "工程（財產）名稱": "護岸", "工程（財產）別名": "越域排洪道引水渠左岸上游護岸2期工程-100m", "財產編號": "1110102-008A 00-0000047", "保管單位": "阿管中心", "入帳日期(購置日期)": "2010-12-31", "清查日期": "2014/09/02", "地籍": "高雄市田寮區牛稠埔段253-52號", "座標X(1)": 183987.4, "座標Y(1)": 2526211.54, "座標X(2)": null, "座標Y(2)": null, "有無貼牌": "--", "有無QRCode": "無", "說明": null, "保管人": "呂元鈞" }, "geometry": { "type": "Point", "coordinates": [ 120.356838043563201, 22.835500017030892 ] } },
{ "type": "Feature", "properties": { "工程（財產）名稱": "護岸", "工程（財產）別名": "水土保持特富野區處理", "財產編號": "1110102-008A 91-0000001", "保管單位": "曾管中心", "入帳日期(購置日期)": "2000-12-31", "清查日期": "2014/03/27", "地籍": "嘉義縣阿里山鄉達拿巴娃娜段42號", "座標X(1)": 225188.52, "座標Y(1)": 2598236.24, "座標X(2)": null, "座標Y(2)": null, "有無貼牌": "--", "有無QRCode": "無", "說明": "位於特富野部落下方長骨谷川溪(左岸)", "保管人": "陳乙震" }, "geometry": { "type": "Point", "coordinates": [ 120.757086043434015, 23.487032039349252 ] } },
{ "type": "Feature", "properties": { "工程（財產）名稱": "護岸", "工程（財產）別名": "情人公園增護欄及水保", "財產編號": "1110102-008A 00-0000030", "保管單位": "曾管中心", "入帳日期(購置日期)": "2008-12-31", "清查日期": "2015/02/13", "地籍": "嘉義縣大埔鄉大埔段1844號", "座標X(1)": 207892.49, "座標Y(1)": 2577790.38, "座標X(2)": null, "座標Y(2)": null, "有無貼牌": "--", "有無QRCode": "無", "說明": "大埔情人公園", "保管人": "陳乙震" }, "geometry": { "type": "Point", "coordinates": [ 120.588325008301581, 23.302049021346683 ] } },
{ "type": "Feature", "properties": { "工程（財產）名稱": "護岸", "工程（財產）別名": "長谷川溪處理工程156m", "財產編號": "1110102-008A 00-0000022", "保管單位": "曾管中心", "入帳日期(購置日期)": "2007-11-15", "清查日期": "2013/06/14", "地籍": "河川地無地籍資料(應為特富野段328號)", "座標X(1)": 224696.73, "座標Y(1)": 2595344.97, "座標X(2)": "224391", "座標Y(2)": "2595052", "有無貼牌": "是", "有無QRCode": "無", "說明": "上層", "保管人": "連偉成" }, "geometry": { "type": "Point", "coordinates": [ 120.752320006110082, 23.460915981866808 ] } },
{ "type": "Feature", "properties": { "工程（財產）名稱": "護岸", "工程（財產）別名": "旺萊溪龍湖一工程-70M", "財產編號": "1110102-008A 00-0000027", "保管單位": "阿管中心", "入帳日期(購置日期)": "2008-12-16", "清查日期": "2012/05/22", "地籍": "田寮區牛稠埔段490-1地號", "座標X(1)": 185208.392, "座標Y(1)": 2525084.745, "座標X(2)": null, "座標Y(2)": null, "有無貼牌": "--", "有無QRCode": "無", "說明": null, "保管人": "林堉介" }, "geometry": { "type": "Point", "coordinates": [ 120.368780557285291, 22.825372222681516 ] } },
{ "type": "Feature", "properties": { "工程（財產）名稱": "專用通行路", "工程（財產）別名": "甲仙攔河崩塌地整體治理工程", "財產編號": "1110101-0011 00-0000029", "保管單位": "甲仙(堰區)", "入帳日期(購置日期)": "2013-03-18", "清查日期": "2024/07/15", "地籍": "東大丘園段1407-1號", "座標X(1)": 207236.0, "座標Y(1)": 2553776.0, "座標X(2)": "207216", "座標Y(2)": "2533780", "有無貼牌": "是", "有無QRCode": "無", "說明": "於110年底擬辦理報廢", "保管人": "洪瑞隆" }, "geometry": { "type": "Point", "coordinates": [ 120.582580444364581, 23.085175602158191 ] } },
{ "type": "Feature", "properties": { "工程（財產）名稱": "專用通行路", "工程（財產）別名": "甲仙出口通達道路修護工程-0.175公里", "財產編號": "1110101-0011 00-0000025", "保管單位": "甲仙(堰區)", "入帳日期(購置日期)": "2010-12-29", "清查日期": "2021/06/18", "地籍": "台南市南化區竹頭崎段819號", "座標X(1)": 204954.0, "座標Y(1)": 2553656.0, "座標X(2)": "204955", "座標Y(2)": "2553957", "有無貼牌": "是", "有無QRCode": "無", "說明": "長175米", "保管人": "洪瑞隆" }, "geometry": { "type": "Point", "coordinates": [ 120.560309852426244, 23.084031519239147 ] } },
{ "type": "Feature", "properties": { "工程（財產）名稱": "箱涵", "工程（財產）別名": "番路楠西區處理工程", "財產編號": "1110101-028A 95-0000040", "保管單位": "曾管中心", "入帳日期(購置日期)": "2006-12-29", "清查日期": "2014/02/18", "地籍": "台南市楠西區巖仔頂段41號", "座標X(1)": 201589.129, "座標Y(1)": 2558747.742, "座標X(2)": null, "座標Y(2)": null, "有無貼牌": "--", "有無QRCode": "無", "說明": "位於台南市楠西區龜丹里溫泉區", "保管人": "陳乙震" }, "geometry": { "type": "Point", "coordinates": [ 120.52730555311679, 23.129916665059387 ] } },
{ "type": "Feature", "properties": { "工程（財產）名稱": "人行步道", "工程（財產）別名": "人行步道/109曾文水庫公共設施工程第二期", "財產編號": "1110101-0012 00-0000027", "保管單位": "曾管中心", "入帳日期(購置日期)": "2021-05-21", "清查日期": "--", "地籍": null, "座標X(1)": 202472.89, "座標Y(1)": 2572226.03, "座標X(2)": null, "座標Y(2)": null, "有無貼牌": "--", "有無QRCode": "無", "說明": null, "保管人": "蘇芫德" }, "geometry": { "type": "Point", "coordinates": [ 120.535514433956749, 23.251654210132656 ] } },
{ "type": "Feature", "properties": { "工程（財產）名稱": "人行步道", "工程（財產）別名": "人行步道", "財產編號": "1110101-0012 00-0000022", "保管單位": "曾管中心", "入帳日期(購置日期)": "2015-12-28", "清查日期": "--", "地籍": "嘉義縣大埔鄉大埔段2125號", "座標X(1)": 205186.0, "座標Y(1)": 2572698.0, "座標X(2)": null, "座標Y(2)": null, "有無貼牌": "--", "有無QRCode": "無", "說明": null, "保管人": "周駿宏" }, "geometry": { "type": "Point", "coordinates": [ 120.562015297735982, 23.255992356037243 ] } },
{ "type": "Feature", "properties": { "工程（財產）名稱": "人行步道", "工程（財產）別名": "人行步道", "財產編號": "1110101-0012 00-0000026", "保管單位": "曾管中心", "入帳日期(購置日期)": "2018-07-18", "清查日期": "2018/08/01", "地籍": null, "座標X(1)": 198563.0, "座標Y(1)": 2568487.0, "座標X(2)": null, "座標Y(2)": null, "有無貼牌": "--", "有無QRCode": "無", "說明": "人工濕地鄰近曾文青年活動中心", "保管人": "楊振瑞" }, "geometry": { "type": "Point", "coordinates": [ 120.497430363131713, 23.217772679822833 ] } },
{ "type": "Feature", "properties": { "工程（財產）名稱": "人行步道", "工程（財產）別名": "106阿公店水庫既設人工濕地更新工程", "財產編號": "1110101-0012 00-0000025", "保管單位": "阿管中心", "入帳日期(購置日期)": "2018-05-08", "清查日期": "2019/06/21", "地籍": "高雄市燕巢區燕北段688-9號", "座標X(1)": 184538.11, "座標Y(1)": 2522413.61, "座標X(2)": null, "座標Y(2)": null, "有無貼牌": "--", "有無QRCode": "無", "說明": null, "保管人": "陳煌祥" }, "geometry": { "type": "Point", "coordinates": [ 120.362363065504923, 22.801224836835967 ] } },
{ "type": "Feature", "properties": { "工程（財產）名稱": "人行步道", "工程（財產）別名": "風景區步道改建及植栽", "財產編號": "1110101-0012 91-0000004", "保管單位": "曾管中心", "入帳日期(購置日期)": "1999-06-30", "清查日期": "2015/05/08", "地籍": "嘉義縣大埔鄉柳籐潭段53號", "座標X(1)": 202982.07, "座標Y(1)": 2570983.77, "座標X(2)": null, "座標Y(2)": null, "有無貼牌": "--", "有無QRCode": "無", "說明": "環湖道路進水口至參觀台", "保管人": "周駿宏" }, "geometry": { "type": "Point", "coordinates": [ 120.540528984867265, 23.240451035694971 ] } },
{ "type": "Feature", "properties": { "工程（財產）名稱": "人行步道", "工程（財產）別名": "牡丹園區人行步道-0412公里", "財產編號": "1110101-0012 00-0000012", "保管單位": "牡管中心", "入帳日期(購置日期)": "2010-12-09", "清查日期": "2021/05/11", "地籍": "屏東縣牡丹鄉牡丹段924號", "座標X(1)": 227833.0, "座標Y(1)": 2447981.0, "座標X(2)": null, "座標Y(2)": null, "有無貼牌": "是", "有無QRCode": "無", "說明": null, "保管人": "莊慶隆" }, "geometry": { "type": "Point", "coordinates": [ 120.785115056677654, 22.130132160299748 ] } },
{ "type": "Feature", "properties": { "工程（財產）名稱": "人行步道", "工程（財產）別名": "101年度曾文水庫湖域保護帶治理工程第一期", "財產編號": "1110101-0012 00-0000021", "保管單位": "曾管中心", "入帳日期(購置日期)": "2013-01-15", "清查日期": "--", "地籍": "嘉義縣大埔鄉射免潭段62號地", "座標X(1)": 213536.0, "座標Y(1)": 2577308.0, "座標X(2)": null, "座標Y(2)": null, "有無貼牌": "--", "有無QRCode": "無", "說明": null, "保管人": "陳乙震" }, "geometry": { "type": "Point", "coordinates": [ 120.643510963144493, 23.297828168180736 ] } },
{ "type": "Feature", "properties": { "工程（財產）名稱": "人行步道", "工程（財產）別名": "曾文洩洪河道(3號橋左岸)治理工程-0.730公", "財產編號": "1110101-0012 00-0000017", "保管單位": "曾管中心", "入帳日期(購置日期)": "2011-10-26", "清查日期": "2012/11/06", "地籍": "台南市楠西區密枝段98-9號", "座標X(1)": 199105.4, "座標Y(1)": 2569615.83, "座標X(2)": null, "座標Y(2)": null, "有無貼牌": "--", "有無QRCode": "無", "說明": "位於三號橋入口", "保管人": "周駿宏" }, "geometry": { "type": "Point", "coordinates": [ 120.502692026408653, 23.227983021008249 ] } },
{ "type": "Feature", "properties": { "工程（財產）名稱": "人行步道", "工程（財產）別名": "鞍平巷往大埔巷農路改善工程-415M", "財產編號": "1110101-0012 00-0000014", "保管單位": "阿管中心", "入帳日期(購置日期)": "2010-12-29", "清查日期": "--", "地籍": "田寮區水蛙潭段249-2地號", "座標X(1)": 188963.368, "座標Y(1)": 2524198.885, "座標X(2)": null, "座標Y(2)": null, "有無貼牌": "--", "有無QRCode": "無", "說明": null, "保管人": "林堉介" }, "geometry": { "type": "Point", "coordinates": [ 120.405395843335626, 22.817513230988862 ] } },
{ "type": "Feature", "properties": { "工程（財產）名稱": "人行步道", "工程（財產）別名": "莫拉克風災堤防搶修工程G段-0.622公里", "財產編號": "1110101-0012 00-0000016", "保管單位": "甲仙(堰區)", "入帳日期(購置日期)": "2011-04-15", "清查日期": "2021/06/18", "地籍": "東阿里關421之198", "座標X(1)": 207424.91, "座標Y(1)": 2553789.9, "座標X(2)": "207413", "座標Y(2)": "2553849", "有無貼牌": "是", "有無QRCode": "無", "說明": "長622米", "保管人": "洪瑞隆" }, "geometry": { "type": "Point", "coordinates": [ 120.584423972135127, 23.085305987184704 ] } },
{ "type": "Feature", "properties": { "工程（財產）名稱": "專用公路", "工程（財產）別名": "風景區公共設施-10200", "財產編號": "1110101-0009 00-0000021", "保管單位": "曾管中心", "入帳日期(購置日期)": "2008-11-29", "清查日期": "2014/09/02", "地籍": "台南市東山區下南勢段948-9號", "座標X(1)": 200880.76, "座標Y(1)": 2571168.63, "座標X(2)": null, "座標Y(2)": null, "有無貼牌": "--", "有無QRCode": "無", "說明": "位於鳥宮至風吹嶺道路", "保管人": "陳乙震" }, "geometry": { "type": "Point", "coordinates": [ 120.519989029568436, 23.242058961071059 ] } },
{ "type": "Feature", "properties": { "工程（財產）名稱": "專用公路", "工程（財產）別名": "102年度曾文水庫通達道路改善工程", "財產編號": "1110101-0009 00-0000023", "保管單位": "曾管中心", "入帳日期(購置日期)": "2013-12-30", "清查日期": "--", "地籍": "台南市楠西區密枝段98-21號", "座標X(1)": 198650.609, "座標Y(1)": 2569060.035, "座標X(2)": null, "座標Y(2)": null, "有無貼牌": "--", "有無QRCode": "無", "說明": null, "保管人": "陳乙震" }, "geometry": { "type": "Point", "coordinates": [ 120.498266998537005, 23.22294999775594 ] } },
{ "type": "Feature", "properties": { "工程（財產）名稱": "專用公路", "工程（財產）別名": "102年度曾文庫通達道路改善工程第二期", "財產編號": "1110101-0009 00-0000025", "保管單位": "曾管中心", "入帳日期(購置日期)": "2014-06-26", "清查日期": "--", "地籍": "台南市東山區下南勢段946-11號70號", "座標X(1)": 201620.555, "座標Y(1)": 2571777.603, "座標X(2)": null, "座標Y(2)": null, "有無貼牌": "--", "有無QRCode": "無", "說明": null, "保管人": "陳乙震" }, "geometry": { "type": "Point", "coordinates": [ 120.527199000871448, 23.247579997121129 ] } },
{ "type": "Feature", "properties": { "工程（財產）名稱": "專用公路", "工程（財產）別名": "102年度曾文水庫通達道路改善工程第二期", "財產編號": "1110101-0009 00-0000024", "保管單位": "曾管中心", "入帳日期(購置日期)": "2014-06-26", "清查日期": "--", "地籍": "台南市東山區下南勢段948-9號", "座標X(1)": 200670.313, "座標Y(1)": 2571030.463, "座標X(2)": null, "座標Y(2)": null, "有無貼牌": "--", "有無QRCode": "無", "說明": null, "保管人": "陳乙震" }, "geometry": { "type": "Point", "coordinates": [ 120.517937004385118, 23.240804997558598 ] } },
{ "type": "Feature", "properties": { "工程（財產）名稱": "專用公路", "工程（財產）別名": "風景區公共設施-250M", "財產編號": "1110101-0009 00-0000022", "保管單位": "曾管中心", "入帳日期(購置日期)": "2008-11-29", "清查日期": "2014/09/02", "地籍": "台南市東山區下南勢段948-9號", "座標X(1)": 200880.76, "座標Y(1)": 2571168.63, "座標X(2)": null, "座標Y(2)": null, "有無貼牌": "--", "有無QRCode": "無", "說明": "位於曾庫公路鳥宮智風吹嶺", "保管人": "陳乙震" }, "geometry": { "type": "Point", "coordinates": [ 120.519989029568436, 23.242058961071059 ] } },
{ "type": "Feature", "properties": { "工程（財產）名稱": "專用公路", "工程（財產）別名": "102年曾文水庫通達道路改善工程第二期", "財產編號": "1110101-0009 00-0000027", "保管單位": "曾管中心", "入帳日期(購置日期)": "2014-06-26", "清查日期": "--", "地籍": "台南市東山區下南勢段1136號", "座標X(1)": 198977.255, "座標Y(1)": 2569732.544, "座標X(2)": null, "座標Y(2)": null, "有無貼牌": "--", "有無QRCode": "無", "說明": null, "保管人": "陳乙震" }, "geometry": { "type": "Point", "coordinates": [ 120.501436001948647, 23.22903299755583 ] } },
{ "type": "Feature", "properties": { "工程（財產）名稱": "縣道", "工程（財產）別名": "129線道路水保及崩塌地處理工程-1468.75M2", "財產編號": "1110101-0007 00-0000002", "保管單位": "曾管中心", "入帳日期(購置日期)": "2010-07-20", "清查日期": "2014/03/04", "地籍": "嘉義縣大埔鄉射免潭段62號", "座標X(1)": 213603.65, "座標Y(1)": 2577321.77, "座標X(2)": null, "座標Y(2)": null, "有無貼牌": "--", "有無QRCode": "無", "說明": "位於嘉義縣129線道大埔壩附近", "保管人": "陳乙震" }, "geometry": { "type": "Point", "coordinates": [ 120.644172000482868, 23.297954016253268 ] } },
{ "type": "Feature", "properties": { "工程（財產）名稱": "縣道", "工程（財產）別名": "石門中間入口0.067KM", "財產編號": "1110101-0007 95-0000001", "保管單位": "牡管中心", "入帳日期(購置日期)": "2006-12-29", "清查日期": "2022/05/04", "地籍": "屏東縣牡丹鄉牡丹段675號", "座標X(1)": 229194.08, "座標Y(1)": 2448226.69, "座標X(2)": "229184", "座標Y(2)": "2448230", "有無貼牌": "是", "有無QRCode": "無", "說明": null, "保管人": "周百欽" }, "geometry": { "type": "Point", "coordinates": [ 120.798306023088728, 22.132367982509951 ] } },
{ "type": "Feature", "properties": { "工程（財產）名稱": "國道", "工程（財產）別名": "壩頂更新改善工程", "財產編號": "1110101-005D 00-0000001", "保管單位": "阿管中心", "入帳日期(購置日期)": "2005-10-13", "清查日期": "2019/06/21", "地籍": "高雄市岡山區 子段四小段3064號", "座標X(1)": 181749.0, "座標Y(1)": 2523946.0, "座標X(2)": null, "座標Y(2)": null, "有無貼牌": "--", "有無QRCode": "無", "說明": "靠近取水塔之大壩頂", "保管人": "呂元鈞" }, "geometry": { "type": "Point", "coordinates": [ 120.335129746432344, 22.814951901232991 ] } },
{ "type": "Feature", "properties": { "工程（財產）名稱": "站場", "工程（財產）別名": "站場-2750m2", "財產編號": "1110101-001B 00-0000002", "保管單位": "曾管中心", "入帳日期(購置日期)": "2011-01-25", "清查日期": "2014/11/06", "地籍": "嘉義縣大埔鄉柳藤潭段61-1號", "座標X(1)": 202255.09, "座標Y(1)": 2571810.21, "座標X(2)": null, "座標Y(2)": null, "有無貼牌": "是", "有無QRCode": "無", "說明": null, "保管人": "楊振瑞" }, "geometry": { "type": "Point", "coordinates": [ 120.533398978540376, 23.247892984236735 ] } },
{ "type": "Feature", "properties": { "工程（財產）名稱": "專用通行路", "工程（財產）別名": "100年度曾文水庫湖域保護帶治理工程(第二)", "財產編號": "1110101-0011 00-0000028", "保管單位": "曾管中心", "入帳日期(購置日期)": "2012-08-31", "清查日期": "2012/10/19", "地籍": "嘉義縣大埔鄉大埔段253-3", "座標X(1)": 207528.0, "座標Y(1)": 2577405.0, "座標X(2)": null, "座標Y(2)": null, "有無貼牌": "--", "有無QRCode": "無", "說明": "混凝土道路", "保管人": "周駿宏" }, "geometry": { "type": "Point", "coordinates": [ 120.58477235003933, 23.298559584661866 ] } },
{ "type": "Feature", "properties": { "工程（財產）名稱": "明渠", "工程（財產）別名": "105年阿公店水庫集水區保持工程明渠", "財產編號": "1110101-029C 00-0000462", "保管單位": "阿管中心", "入帳日期(購置日期)": "2017-01-30", "清查日期": "2023/09/13", "地籍": "高雄市燕巢區煙波段445號地", "座標X(1)": 184788.0, "座標Y(1)": 2524254.0, "座標X(2)": "184791", "座標Y(2)": "2524239", "有無貼牌": "是", "有無QRCode": "無", "說明": null, "保管人": "陳煌祥" }, "geometry": { "type": "Point", "coordinates": [ 120.364719970064215, 22.817854000634366 ] } },
{ "type": "Feature", "properties": { "工程（財產）名稱": "其他什項建築及設備", "工程（財產）別名": "辦公區管制門景觀工程", "財產編號": "2020202-099H 91-0000004", "保管單位": "秘書室", "入帳日期(購置日期)": "1996-06-22", "清查日期": "2021/06/16", "地籍": "台南市楠西區密枝段101-9號", "座標X(1)": 198655.82, "座標Y(1)": 2568969.99, "座標X(2)": "198653", "座標Y(2)": "2568972", "有無貼牌": "是", "有無QRCode": "無", "說明": null, "保管人": "陳奕瑋" }, "geometry": { "type": "Point", "coordinates": [ 120.498320951106876, 23.222137041771884 ] } },
{ "type": "Feature", "properties": { "工程（財產）名稱": "汽（機）車棚", "工程（財產）別名": "汽車棚", "財產編號": "2010204-003G 00-0000010", "保管單位": "甲仙攔河堰管理中心", "入帳日期(購置日期)": "2016-12-26", "清查日期": "2025/03/21", "地籍": "高雄市甲仙區公館段259號地", "座標X(1)": 207243.0, "座標Y(1)": 2553091.0, "座標X(2)": null, "座標Y(2)": null, "有無貼牌": "是", "有無QRCode": "有", "說明": "105年度甲仙攔河堰辦公區及堰區零星改善工程", "保管人": "洪瑞隆" }, "geometry": { "type": "Point", "coordinates": [ 120.582667863420866, 23.078989956999635 ] } },
{ "type": "Feature", "properties": { "工程（財產）名稱": "鄉道", "工程（財產）別名": "大埔鄉轄內集水區水保零星工程-0.181", "財產編號": "1110101-0008 00-0000012", "保管單位": "養護科", "入帳日期(購置日期)": "2011-12-23", "清查日期": "2019/10/01", "地籍": "嘉義縣大埔鄉草嶺段25號", "座標X(1)": 205511.0, "座標Y(1)": 2569502.0, "座標X(2)": null, "座標Y(2)": null, "有無貼牌": "--", "有無QRCode": "無", "說明": "TWD97,X:205511.09,Y:2569502.59", "保管人": "吳宗翰" }, "geometry": { "type": "Point", "coordinates": [ 120.565285097372282, 23.227140665309406 ] } },
{ "type": "Feature", "properties": { "工程（財產）名稱": "鄉道", "工程（財產）別名": "102年越域排洪道上方道路改善及水庫周邊零", "財產編號": "1110101-0008 00-0000021", "保管單位": "阿管中心", "入帳日期(購置日期)": "2013-01-23", "清查日期": "2014/11/19", "地籍": "高雄市田寮區牛稠埔段78-42、178-38號", "座標X(1)": 184252.67, "座標Y(1)": 2526717.78, "座標X(2)": null, "座標Y(2)": null, "有無貼牌": "--", "有無QRCode": "無", "說明": null, "保管人": "陳煌祥" }, "geometry": { "type": "Point", "coordinates": [ 120.359401045972945, 22.840081958609545 ] } },
{ "type": "Feature", "properties": { "工程（財產）名稱": "箱涵", "工程（財產）別名": "曾文水保(山美區)", "財產編號": "1110101-028A 93-0000016", "保管單位": "曾管中心", "入帳日期(購置日期)": "2004-12-31", "清查日期": "2023/10/16", "地籍": "嘉義縣阿里山鄉山美段127號", "座標X(1)": 216163.66, "座標Y(1)": 2587263.55, "座標X(2)": "216162", "座標Y(2)": "2587252", "有無貼牌": "是", "有無QRCode": "無", "說明": null, "保管人": "連偉成" }, "geometry": { "type": "Point", "coordinates": [ 120.668977037496347, 23.387784990537536 ] } },
{ "type": "Feature", "properties": { "工程（財產）名稱": "箱涵", "工程（財產）別名": "草山區處理工程", "財產編號": "1110101-028A 92-0000010", "保管單位": "曾管中心", "入帳日期(購置日期)": "2003-12-30", "清查日期": "2014/03/28", "地籍": "嘉義縣番路鄉朝天段114號", "座標X(1)": 212882.68, "座標Y(1)": 2585777.99, "座標X(2)": null, "座標Y(2)": null, "有無貼牌": "--", "有無QRCode": "無", "說明": "位於嘉131-6K草山部落", "保管人": "陳乙震" }, "geometry": { "type": "Point", "coordinates": [ 120.636916037298562, 23.374298966723345 ] } },
{ "type": "Feature", "properties": { "工程（財產）名稱": "箱涵", "工程（財產）別名": "曾文南寮埔頂大埔區處", "財產編號": "1110101-028A 94-0000028", "保管單位": "曾管中心", "入帳日期(購置日期)": "2005-12-30", "清查日期": "2012/11/01", "地籍": "嘉義縣大埔鄉馬頭山段2號", "座標X(1)": 202638.85, "座標Y(1)": 2570344.34, "座標X(2)": null, "座標Y(2)": null, "有無貼牌": "--", "有無QRCode": "無", "說明": null, "保管人": "陳乙震" }, "geometry": { "type": "Point", "coordinates": [ 120.537194951168217, 23.234667031348582 ] } },
{ "type": "Feature", "properties": { "工程（財產）名稱": "箱涵", "工程（財產）別名": "曾文崩坍地(永興區)", "財產編號": "1110101-028A 93-0000017", "保管單位": "曾管中心", "入帳日期(購置日期)": "2004-12-31", "清查日期": "2014/03/11", "地籍": "嘉義縣大埔鄉永興段100號", "座標X(1)": 208326.52, "座標Y(1)": 2584843.1, "座標X(2)": null, "座標Y(2)": null, "有無貼牌": "--", "有無QRCode": "無", "說明": "位於永興產業道路", "保管人": "陳乙震" }, "geometry": { "type": "Point", "coordinates": [ 120.592374027348569, 23.365747045139962 ] } },
{ "type": "Feature", "properties": { "工程（財產）名稱": "箱涵", "工程（財產）別名": "壩區第一期處理工程", "財產編號": "1110101-028A 92-0000008", "保管單位": "曾管中心", "入帳日期(購置日期)": "2003-12-29", "清查日期": "2012/11/01", "地籍": "台南市東山鄉茄苓九湖段53號", "座標X(1)": 198938.39, "座標Y(1)": 2569918.83, "座標X(2)": null, "座標Y(2)": null, "有無貼牌": "--", "有無QRCode": "無", "說明": "東口露營區入口右側產業道路上方", "保管人": "陳乙震" }, "geometry": { "type": "Point", "coordinates": [ 120.501049995195856, 23.230713979367781 ] } },
{ "type": "Feature", "properties": { "工程（財產）名稱": "箱涵", "工程（財產）別名": "曾文達邦區處理工程", "財產編號": "1110101-028A 94-0000030", "保管單位": "曾管中心", "入帳日期(購置日期)": "2005-12-30", "清查日期": "2023/11/16", "地籍": "嘉義縣阿里山鄉特富野段343-1號", "座標X(1)": 225763.08, "座標Y(1)": 2595273.08, "座標X(2)": "225775", "座標Y(2)": "2595295", "有無貼牌": "是", "有無QRCode": "無", "說明": null, "保管人": "連偉成" }, "geometry": { "type": "Point", "coordinates": [ 120.762759017315204, 23.460283028896967 ] } },
{ "type": "Feature", "properties": { "工程（財產）名稱": "箱涵", "工程（財產）別名": "曾文達邦區處理工程", "財產編號": "1110101-028A 94-0000032", "保管單位": "曾管中心", "入帳日期(購置日期)": "2005-12-30", "清查日期": "2023/11/13", "地籍": "嘉義縣阿里山鄉達邦段40", "座標X(1)": 225081.35, "座標Y(1)": 2594549.31, "座標X(2)": "224395", "座標Y(2)": "2594245", "有無貼牌": "是", "有無QRCode": "無", "說明": null, "保管人": "連偉成" }, "geometry": { "type": "Point", "coordinates": [ 120.756098013564028, 23.453737001028216 ] } },
{ "type": "Feature", "properties": { "工程（財產）名稱": "箱涵", "工程（財產）別名": "箱涵-和平村-31.5M3", "財產編號": "1110101-028A 00-0000068", "保管單位": "養護科", "入帳日期(購置日期)": "2010-09-09", "清查日期": "2012/12/20", "地籍": "嘉義縣大埔鄉和平村馬頭山段30號", "座標X(1)": 208840.0, "座標Y(1)": 2580635.0, "座標X(2)": null, "座標Y(2)": null, "有無貼牌": "--", "有無QRCode": "無", "說明": null, "保管人": "吳宗翰" }, "geometry": { "type": "Point", "coordinates": [ 120.597511083656642, 23.327760418810858 ] } },
{ "type": "Feature", "properties": { "工程（財產）名稱": "箱涵", "工程（財產）別名": "南寮區處理工程", "財產編號": "1110101-028A 94-0000025", "保管單位": "曾管中心", "入帳日期(購置日期)": "2003-12-18", "清查日期": "2012/11/14", "地籍": "嘉義縣大埔鄉馬頭山段2號", "座標X(1)": 207013.88, "座標Y(1)": 2583783.4, "座標X(2)": null, "座標Y(2)": null, "有無貼牌": "--", "有無QRCode": "無", "說明": "馬頭山產業道路", "保管人": "陳乙震" }, "geometry": { "type": "Point", "coordinates": [ 120.579564962556972, 23.356143898594556 ] } },
{ "type": "Feature", "properties": { "工程（財產）名稱": "箱涵", "工程（財產）別名": "曾文草蘭溪處理工程", "財產編號": "1110101-028A 94-0000021", "保管單位": "曾管中心", "入帳日期(購置日期)": "2003-07-19", "清查日期": "2014/03/12", "地籍": "嘉義縣大埔鄉頂坪林段14號", "座標X(1)": 213288.7, "座標Y(1)": 2576206.29, "座標X(2)": null, "座標Y(2)": null, "有無貼牌": "--", "有無QRCode": "無", "說明": "位於草籣溪產業道路", "保管人": "陳乙震" }, "geometry": { "type": "Point", "coordinates": [ 120.641119957355613, 23.287873966469 ] } },
{ "type": "Feature", "properties": { "工程（財產）名稱": "箱涵", "工程（財產）別名": "大埔茶山區工程-箱涵", "財產編號": "1110101-028A 00-0000050", "保管單位": "曾管中心", "入帳日期(購置日期)": "2007-12-31", "清查日期": "2023/03/16", "地籍": "嘉義縣阿里山鄉茶山段357號", "座標X(1)": 216418.93, "座標Y(1)": 2576923.77, "座標X(2)": "216412", "座標Y(2)": "2576921", "有無貼牌": "是", "有無QRCode": "無", "說明": null, "保管人": "連偉成" }, "geometry": { "type": "Point", "coordinates": [ 120.671703967424634, 23.294420008143032 ] } },
{ "type": "Feature", "properties": { "工程（財產）名稱": "箱涵", "工程（財產）別名": "箱涵/甲仙1~3蝕溝改善工程", "財產編號": "1110101-028A 96-0000046", "保管單位": "甲仙(堰區)", "入帳日期(購置日期)": "2007-01-30", "清查日期": "2021/09/27", "地籍": "東大邱園1407之7(自來水公司A23,952平方公尺)", "座標X(1)": 207214.99, "座標Y(1)": 2553790.17, "座標X(2)": "207214", "座標Y(2)": "2553781", "有無貼牌": "是", "有無QRCode": "無", "說明": null, "保管人": "洪瑞隆" }, "geometry": { "type": "Point", "coordinates": [ 120.582374974589285, 23.08530302078848 ] } },
{ "type": "Feature", "properties": { "工程（財產）名稱": "箱涵", "工程（財產）別名": "第二段管箱涵", "財產編號": "1110101-028A 91-0000001", "保管單位": "曾管中心", "入帳日期(購置日期)": "1974-01-01", "清查日期": "2015/04/10", "地籍": "嘉義縣大埔鄉大埔段1484-36號", "座標X(1)": 203120.35, "座標Y(1)": 2569823.55, "座標X(2)": null, "座標Y(2)": null, "有無貼牌": "--", "有無QRCode": "無", "說明": "環湖道路", "保管人": "陳乙震" }, "geometry": { "type": "Point", "coordinates": [ 120.541916019348506, 23.22997798841655 ] } },
{ "type": "Feature", "properties": { "工程（財產）名稱": "明渠", "工程（財產）別名": "明渠/110大樹公所代辦零星工程", "財產編號": "1110101-029C 00-0000569", "保管單位": "高屏溪攔河堰", "入帳日期(購置日期)": "2022-01-12", "清查日期": "--", "地籍": "新溪埔段409地號等1筆土地,及部分河川公地", "座標X(1)": 193279.0, "座標Y(1)": 2514482.0, "座標X(2)": "193366", "座標Y(2)": "2514401", "有無貼牌": "--", "有無QRCode": "無", "說明": null, "保管人": "沈文忠" }, "geometry": { "type": "Point", "coordinates": [ 120.447789279426516, 22.729915505906263 ] } },
{ "type": "Feature", "properties": { "工程（財產）名稱": "鄉道", "工程（財產）別名": "茶山村竹子屋道路水土", "財產編號": "1110101-0008 91-0000001", "保管單位": "曾管中心", "入帳日期(購置日期)": "2000-12-31", "清查日期": "2012/11/12", "地籍": "嘉義縣阿里山鄉茶山段277、279號", "座標X(1)": 215440.59, "座標Y(1)": 2577049.19, "座標X(2)": "215381.8", "座標Y(2)": "2577049.19", "有無貼牌": "是", "有無QRCode": "無", "說明": "嘉129`道曾文溪至茶山村道上 x215381.8 y2577049.49", "保管人": "連偉成" }, "geometry": { "type": "Point", "coordinates": [ 120.662136764890036, 23.295532270725506 ] } },
{ "type": "Feature", "properties": { "工程（財產）名稱": "明渠", "工程（財產）別名": "明渠/110大樹公所代辦零星工程", "財產編號": "1110101-029C 00-0000570", "保管單位": "高屏溪攔河堰", "入帳日期(購置日期)": "2022-01-12", "清查日期": "--", "地籍": "三和段743,737地號等2筆土地", "座標X(1)": 189856.0, "座標Y(1)": 2512087.0, "座標X(2)": "189899", "座標Y(2)": "2512077", "有無貼牌": "--", "有無QRCode": "無", "說明": null, "保管人": "沈文忠" }, "geometry": { "type": "Point", "coordinates": [ 120.414557770332578, 22.708168671248306 ] } },
{ "type": "Feature", "properties": { "工程（財產）名稱": "水塔", "工程（財產）別名": "不銹鋼水塔", "財產編號": "2020401-002E 94-0000002", "保管單位": "曾管中心", "入帳日期(購置日期)": "2005-08-17", "清查日期": "2023/02/01", "地籍": "嘉義縣大埔鄉大埔段1484-4號", "座標X(1)": 203314.0, "座標Y(1)": 2571106.0, "座標X(2)": "203316", "座標Y(2)": "2571101", "有無貼牌": "是", "有無QRCode": "無", "說明": "在中正樓觀景台旁看向水庫左邊上側", "保管人": "周駿宏" }, "geometry": { "type": "Point", "coordinates": [ 120.543768855211553, 23.241564245252778 ] } },
{ "type": "Feature", "properties": { "工程（財產）名稱": "水塔", "工程（財產）別名": "不銹鋼水塔", "財產編號": "2020401-002E 94-0000003", "保管單位": "曾管中心", "入帳日期(購置日期)": "2005-08-17", "清查日期": "2024/02/01", "地籍": "大埔1484-4號", "座標X(1)": 203314.0, "座標Y(1)": 2571106.0, "座標X(2)": "203313", "座標Y(2)": "2571106", "有無貼牌": "是", "有無QRCode": "無", "說明": "在中正樓觀景台旁看向水庫左邊上側", "保管人": "周駿宏" }, "geometry": { "type": "Point", "coordinates": [ 120.543768855211553, 23.241564245252778 ] } },
{ "type": "Feature", "properties": { "工程（財產）名稱": "防護坑", "工程（財產）別名": "沙力基溪二號房砂壩", "財產編號": "1110102-0001 91-0000001", "保管單位": "曾管中心", "入帳日期(購置日期)": "2001-12-31", "清查日期": "2023/10/13", "地籍": "嘉義縣大埔鄉沙米箕段48號", "座標X(1)": 210584.18, "座標Y(1)": 2580883.47, "座標X(2)": "210554", "座標Y(2)": "2581030", "有無貼牌": "是", "有無QRCode": "無", "說明": null, "保管人": "連偉成" }, "geometry": { "type": "Point", "coordinates": [ 120.614560017700896, 23.330047026692821 ] } },
{ "type": "Feature", "properties": { "工程（財產）名稱": "防護坑", "工程（財產）別名": "達德安壩修護處理工程", "財產編號": "1110102-0001 91-0000002", "保管單位": "曾管中心", "入帳日期(購置日期)": "2001-12-31", "清查日期": "2023/11/10", "地籍": "嘉義縣阿里山鄉達邦段244號", "座標X(1)": 223586.5, "座標Y(1)": 2594495.0, "座標X(2)": "223485", "座標Y(2)": "2594447", "有無貼牌": "是", "有無QRCode": "無", "說明": "達邦橋上方", "保管人": "連偉成" }, "geometry": { "type": "Point", "coordinates": [ 120.741467594230912, 23.453223018326259 ] } },
{ "type": "Feature", "properties": { "工程（財產）名稱": "專用通行路", "工程（財產）別名": "專用通行道路/106阿公店水庫集水區水土保持", "財產編號": "1110101-011A 00-0000033", "保管單位": "阿管中心", "入帳日期(購置日期)": "2017-12-20", "清查日期": "2019/06/06", "地籍": "高雄市岡山區 子段四小段2632號", "座標X(1)": 182328.0, "座標Y(1)": 2524337.0, "座標X(2)": null, "座標Y(2)": null, "有無貼牌": "--", "有無QRCode": "無", "說明": null, "保管人": "陳煌祥" }, "geometry": { "type": "Point", "coordinates": [ 120.34075281788401, 22.818506193600861 ] } },
{ "type": "Feature", "properties": { "工程（財產）名稱": "專用通行路", "工程（財產）別名": "專用通行道路/108曾文水庫湖域保護第一", "財產編號": "1110101-011A 00-0000034", "保管單位": "曾管中心", "入帳日期(購置日期)": "2020-03-25", "清查日期": "2020/03/25", "地籍": "臺南市東山區下南勢段(3248)946-2", "座標X(1)": 201750.461, "座標Y(1)": 2572536.687, "座標X(2)": null, "座標Y(2)": null, "有無貼牌": "--", "有無QRCode": "無", "說明": "專用通行路", "保管人": "周駿宏" }, "geometry": { "type": "Point", "coordinates": [ 120.528444406715579, 23.254438449429017 ] } },
{ "type": "Feature", "properties": { "工程（財產）名稱": "機房", "工程（財產）別名": "東口油機房", "財產編號": "2010102-0005 91-0000001", "保管單位": "曾管中心", "入帳日期(購置日期)": "1977-03-01", "清查日期": "2012/12/12", "地籍": "台南市楠西區旺萊宅段50-6", "座標X(1)": 198007.1, "座標Y(1)": 2568664.27, "座標X(2)": null, "座標Y(2)": null, "有無貼牌": "--", "有無QRCode": "無", "說明": "水利會東口工作站", "保管人": "吳章正" }, "geometry": { "type": "Point", "coordinates": [ 120.491993004304646, 23.219355998315592 ] } },
{ "type": "Feature", "properties": { "工程（財產）名稱": "水塔", "工程（財產）別名": "不銹鋼水塔", "財產編號": "2020401-002E 94-0000001", "保管單位": "曾管中心", "入帳日期(購置日期)": "2005-08-17", "清查日期": "2024/02/01", "地籍": "嘉義縣大埔鄉大埔段1484-4號", "座標X(1)": 203314.0, "座標Y(1)": 2571106.0, "座標X(2)": "203313", "座標Y(2)": "2571101", "有無貼牌": "是", "有無QRCode": "無", "說明": "在中正樓觀景台旁看向水庫左邊上側", "保管人": "周駿宏" }, "geometry": { "type": "Point", "coordinates": [ 120.543768855211553, 23.241564245252778 ] } },
{ "type": "Feature", "properties": { "工程（財產）名稱": "其他什項建築及設備", "工程（財產）別名": "辦公區照明工程", "財產編號": "2020202-099H 91-0000001", "保管單位": "曾管中心", "入帳日期(購置日期)": "1968-11-01", "清查日期": "2021/08/17", "地籍": "台南市楠西區密枝段102-7,102-44,102-50", "座標X(1)": 198703.0, "座標Y(1)": 2568765.0, "座標X(2)": "198801", "座標Y(2)": "2568765", "有無貼牌": "是", "有無QRCode": "無", "說明": "X:198607 Y:2568679 共定位3點 位於曾文辦公區內", "保管人": "邱玟融" }, "geometry": { "type": "Point", "coordinates": [ 120.498788837000902, 23.220287424303073 ] } },
{ "type": "Feature", "properties": { "工程（財產）名稱": "停車場", "工程（財產）別名": "風景區公共設施二期工", "財產編號": "1110105-0001 91-0000001", "保管單位": "曾管中心", "入帳日期(購置日期)": "1997-11-20", "清查日期": "2023/02/23", "地籍": "台南市楠西區密枝段98-50號", "座標X(1)": 198819.8, "座標Y(1)": 2569123.02, "座標X(2)": "198890", "座標Y(2)": "2569176", "有無貼牌": "是", "有無QRCode": "無", "說明": "位於進入山芙蓉道路上", "保管人": "周駿宏" }, "geometry": { "type": "Point", "coordinates": [ 120.499917990715005, 23.223524027760988 ] } },
{ "type": "Feature", "properties": { "工程（財產）名稱": "停車場", "工程（財產）別名": "曾文風景區公共設施工", "財產編號": "1110105-0001 91-0000002", "保管單位": "曾管中心", "入帳日期(購置日期)": "1999-06-30", "清查日期": "--", "地籍": "無", "座標X(1)": 201125.79, "座標Y(1)": 2571156.86, "座標X(2)": null, "座標Y(2)": null, "有無貼牌": "--", "有無QRCode": "無", "說明": "鳥宮停車場", "保管人": "周駿宏" }, "geometry": { "type": "Point", "coordinates": [ 120.522383865140839, 23.241959973252552 ] } },
{ "type": "Feature", "properties": { "工程（財產）名稱": "鄉道", "工程（財產）別名": "里佳村第一鄰及達邦村拉拉克斯道路改善", "財產編號": "1110101-0008 00-0000015", "保管單位": "養護科", "入帳日期(購置日期)": "2012-02-08", "清查日期": "2012/12/18", "地籍": "嘉義縣阿里山鄉里佳段1號", "座標X(1)": 221846.0, "座標Y(1)": 2590444.0, "座標X(2)": null, "座標Y(2)": null, "有無貼牌": "--", "有無QRCode": "無", "說明": null, "保管人": "吳宗翰" }, "geometry": { "type": "Point", "coordinates": [ 120.724507744422695, 23.416612794871391 ] } },
{ "type": "Feature", "properties": { "工程（財產）名稱": "明渠", "工程（財產）別名": "明渠/110大樹公所代辦零星工程", "財產編號": "1110101-029C 00-0000571", "保管單位": "高屏溪攔河堰", "入帳日期(購置日期)": "2022-01-12", "清查日期": "--", "地籍": "和山段308地號等1筆土地", "座標X(1)": 190387.0, "座標Y(1)": 2511063.0, "座標X(2)": "190351", "座標Y(2)": "2511134", "有無貼牌": "--", "有無QRCode": "無", "說明": null, "保管人": "沈文忠" }, "geometry": { "type": "Point", "coordinates": [ 120.419765284043663, 22.698940160975091 ] } },
{ "type": "Feature", "properties": { "工程（財產）名稱": "護岸", "工程（財產）別名": "曾文崩坍地(永興區)", "財產編號": "1110102-008A 93-0000009", "保管單位": "曾管中心", "入帳日期(購置日期)": "2004-12-31", "清查日期": "2014/03/11", "地籍": "嘉義縣大埔鄉永興段100號", "座標X(1)": 208196.68, "座標Y(1)": 2584517.77, "座標X(2)": null, "座標Y(2)": null, "有無貼牌": "--", "有無QRCode": "無", "說明": "位於永興產業道路", "保管人": "陳乙震" }, "geometry": { "type": "Point", "coordinates": [ 120.591113038282359, 23.362805973149374 ] } },
{ "type": "Feature", "properties": { "工程（財產）名稱": "辦公房屋", "工程（財產）別名": "辦公室", "財產編號": "2010201-001D 00-0000003", "保管單位": "牡管中心", "入帳日期(購置日期)": "2001-11-07", "清查日期": "2021/05/10", "地籍": "屏東縣牡丹鄉段352、353號", "座標X(1)": 227556.7, "座標Y(1)": 2447940.06, "座標X(2)": null, "座標Y(2)": null, "有無貼牌": "是", "有無QRCode": "有", "說明": "1.於113年5月30日依牡丹戶政事務所113年5月30日屏恆戶字第1130000160號函知:中華民國113年5月30日發文字號：屏恆戶字第1130000610號中華民國113年5月30日發文字號：屏恆戶字第1130000610號 門牌號原為茄芝路3-15號碼重整為茄芝路130號(本分署收文文號為1135304706號)", "保管人": "周百欽" }, "geometry": { "type": "Point", "coordinates": [ 120.782437211208205, 22.129758856968021 ] } },
{ "type": "Feature", "properties": { "工程（財產）名稱": "護坡", "工程（財產）別名": "106年曾文水庫週邊零星工程", "財產編號": "1110102-003A 00-0000472", "保管單位": "養護科", "入帳日期(購置日期)": "2018-02-09", "清查日期": "--", "地籍": null, "座標X(1)": 212451.0, "座標Y(1)": 2572375.0, "座標X(2)": null, "座標Y(2)": null, "有無貼牌": "--", "有無QRCode": "無", "說明": "護坡", "保管人": "吳宗翰" }, "geometry": { "type": "Point", "coordinates": [ 120.633025723397779, 23.253257547920615 ] } },
{ "type": "Feature", "properties": { "工程（財產）名稱": "護坡", "工程（財產）別名": "護坡", "財產編號": "1110102-003A 00-0000444", "保管單位": "高屏溪攔河堰", "入帳日期(購置日期)": "2016-05-24", "清查日期": "--", "地籍": "(1)溪埔段1212-1地號(2)新溪埔段1163地號", "座標X(1)": 192576.0, "座標Y(1)": 2513723.0, "座標X(2)": "192556", "座標Y(2)": "2513723", "有無貼牌": "--", "有無QRCode": "無", "說明": "零星工程", "保管人": "沈文忠" }, "geometry": { "type": "Point", "coordinates": [ 120.440973282587777, 22.72303748002464 ] } },
{ "type": "Feature", "properties": { "工程（財產）名稱": "護坡", "工程（財產）別名": "護坡/108曾文水庫湖域保護帶治理第一", "財產編號": "1110102-003A 00-0000475", "保管單位": "曾管中心", "入帳日期(購置日期)": "2020-03-25", "清查日期": "2020/03/25", "地籍": "臺南市楠西區密枝段(8009)9085地號", "座標X(1)": 198702.647, "座標Y(1)": 2569191.858, "座標X(2)": null, "座標Y(2)": null, "有無貼牌": "--", "有無QRCode": "無", "說明": "護坡", "保管人": "周駿宏" }, "geometry": { "type": "Point", "coordinates": [ 120.4987710017257, 23.224141998894556 ] } },
{ "type": "Feature", "properties": { "工程（財產）名稱": "護坡", "工程（財產）別名": "截流溝", "財產編號": "1110102-003A 00-0000439", "保管單位": "阿管中心", "入帳日期(購置日期)": "2016-01-08", "清查日期": "2016/07/05", "地籍": "高雄市燕巢區尖山段524-5號", "座標X(1)": 186917.42, "座標Y(1)": 2522710.85, "座標X(2)": null, "座標Y(2)": null, "有無貼牌": "--", "有無QRCode": "無", "說明": null, "保管人": "呂元鈞" }, "geometry": { "type": "Point", "coordinates": [ 120.385525851061146, 22.804000030609977 ] } },
{ "type": "Feature", "properties": { "工程（財產）名稱": "護坡", "工程（財產）別名": "護坡(含固床工)", "財產編號": "1110102-003A 00-0000474", "保管單位": "養護科", "入帳日期(購置日期)": "2019-03-31", "清查日期": "--", "地籍": "嘉義縣阿里山鄉山美段67", "座標X(1)": 216472.0, "座標Y(1)": 2585698.0, "座標X(2)": null, "座標Y(2)": null, "有無貼牌": "--", "有無QRCode": "無", "說明": "工區A", "保管人": "吳宗翰" }, "geometry": { "type": "Point", "coordinates": [ 120.672028299086307, 23.373654193267566 ] } },
{ "type": "Feature", "properties": { "工程（財產）名稱": "護坡", "工程（財產）別名": "護坡/108曾文水庫週邊零星(延續)工程", "財產編號": "1110102-003A 00-0000477", "保管單位": "養護科", "入帳日期(購置日期)": "2020-02-12", "清查日期": "--", "地籍": "嘉義縣石面桶段15地號", "座標X(1)": 204406.0, "座標Y(1)": 2580786.0, "座標X(2)": null, "座標Y(2)": null, "有無貼牌": "--", "有無QRCode": "無", "說明": "護坡38公尺", "保管人": "吳宗翰" }, "geometry": { "type": "Point", "coordinates": [ 120.554149000874091, 23.329006581398769 ] } },
{ "type": "Feature", "properties": { "工程（財產）名稱": "護坡", "工程（財產）別名": "護岸", "財產編號": "1110102-003A 00-0000442", "保管單位": "高屏溪攔河堰", "入帳日期(購置日期)": "2016-05-24", "清查日期": "2024/12/16", "地籍": "溪埔段154-300地號等", "座標X(1)": 192047.0, "座標Y(1)": 2516750.0, "座標X(2)": "192044", "座標Y(2)": "2516764", "有無貼牌": "是", "有無QRCode": "無", "說明": "零星工程", "保管人": "沈文忠" }, "geometry": { "type": "Point", "coordinates": [ 120.435711451990059, 22.75035500495677 ] } },
{ "type": "Feature", "properties": { "工程（財產）名稱": "油庫", "工程（財產）別名": "電廠油庫", "財產編號": "2010203-005G 91-0000001", "保管單位": "曾管中心", "入帳日期(購置日期)": "1981-07-01", "清查日期": "2012/12/12", "地籍": "嘉義縣大埔鄉柳藤潭段44-5號", "座標X(1)": 202109.01, "座標Y(1)": 2571823.75, "座標X(2)": null, "座標Y(2)": null, "有無貼牌": "是", "有無QRCode": "無", "說明": null, "保管人": "楊振瑞" }, "geometry": { "type": "Point", "coordinates": [ 120.531970979400299, 23.248011005684855 ] } },
{ "type": "Feature", "properties": { "工程（財產）名稱": "滲漏計設備", "工程（財產）別名": "觀測室及豎井", "財產編號": "2020202-0008 94-0000001", "保管單位": "曾管中心", "入帳日期(購置日期)": "2005-12-30", "清查日期": "2022/10/25", "地籍": "嘉義縣大埔鄉柳藤潭段61-1號", "座標X(1)": 202286.64, "座標Y(1)": 2571789.4, "座標X(2)": "202287", "座標Y(2)": "2571788", "有無貼牌": "是", "有無QRCode": "無", "說明": "嘉義縣大埔鄉柳藤潭段61-1號", "保管人": "黃政達" }, "geometry": { "type": "Point", "coordinates": [ 120.533707955472678, 23.247705982263827 ] } },
{ "type": "Feature", "properties": { "工程（財產）名稱": "明渠", "工程（財產）別名": "截水溝(K工區)-6.5M", "財產編號": "1110101-029C 00-0000049", "保管單位": "養護科", "入帳日期(購置日期)": "2009-05-26", "清查日期": "2014/04/18", "地籍": "嘉義縣大埔鄉大埔段14-1號", "座標X(1)": 207370.5, "座標Y(1)": 2580089.84, "座標X(2)": null, "座標Y(2)": null, "有無貼牌": "--", "有無QRCode": "無", "說明": null, "保管人": "吳宗翰" }, "geometry": { "type": "Point", "coordinates": [ 120.583157014750086, 23.322799983816683 ] } },
{ "type": "Feature", "properties": { "工程（財產）名稱": "明渠", "工程（財產）別名": "茶山村排水溝-55M", "財產編號": "1110101-029C 00-0000061", "保管單位": "養護科", "入帳日期(購置日期)": "2009-12-18", "清查日期": "2012/12/03", "地籍": "嘉義縣阿里山鄉茶山段30-1號", "座標X(1)": 217222.0, "座標Y(1)": 2579381.0, "座標X(2)": null, "座標Y(2)": null, "有無貼牌": "--", "有無QRCode": "無", "說明": "C工區", "保管人": "吳宗翰" }, "geometry": { "type": "Point", "coordinates": [ 120.67950169923725, 23.316625632886016 ] } },
{ "type": "Feature", "properties": { "工程（財產）名稱": "明渠", "工程（財產）別名": "曾文莫拉克災害修復(壩區)處理工程-22.5M", "財產編號": "1110101-029C 00-0000074", "保管單位": "曾管中心", "入帳日期(購置日期)": "2010-11-19", "清查日期": "2012/11/02", "地籍": null, "座標X(1)": 200777.04, "座標Y(1)": 2570842.4, "座標X(2)": null, "座標Y(2)": null, "有無貼牌": "--", "有無QRCode": "無", "說明": null, "保管人": "王昭文" }, "geometry": { "type": "Point", "coordinates": [ 120.518986028867289, 23.239109958127433 ] } },
{ "type": "Feature", "properties": { "工程（財產）名稱": "明渠", "工程（財產）別名": "103曾文水庫週邊零星工程", "財產編號": "1110101-029C 00-0000397", "保管單位": "養護科", "入帳日期(購置日期)": "2015-01-14", "清查日期": "2019/10/01", "地籍": "嘉義縣大埔鄉大埔段1200號", "座標X(1)": 209039.0, "座標Y(1)": 2574859.0, "座標X(2)": null, "座標Y(2)": null, "有無貼牌": "--", "有無QRCode": "無", "說明": null, "保管人": "吳宗翰" }, "geometry": { "type": "Point", "coordinates": [ 120.599613127168581, 23.275607145354599 ] } },
{ "type": "Feature", "properties": { "工程（財產）名稱": "明渠", "工程（財產）別名": "達邦排水溝-88M", "財產編號": "1110101-029C 00-0000059", "保管單位": "養護科", "入帳日期(購置日期)": "2009-12-18", "清查日期": "2012/12/19", "地籍": "嘉義縣阿里山鄉達邦段463號", "座標X(1)": 222797.0, "座標Y(1)": 2591611.0, "座標X(2)": null, "座標Y(2)": null, "有無貼牌": "--", "有無QRCode": "無", "說明": "D工區", "保管人": "吳宗翰" }, "geometry": { "type": "Point", "coordinates": [ 120.733792291611294, 23.427167118346315 ] } },
{ "type": "Feature", "properties": { "工程（財產）名稱": "明渠", "工程（財產）別名": "101高屏溪攔河堰上游週邊環境委辦零星工", "財產編號": "1110101-029C 00-0000326", "保管單位": "高屏溪攔河堰", "入帳日期(購置日期)": "2013-12-30", "清查日期": "2024/11/25", "地籍": "高雄市大樹區龍目段1068號", "座標X(1)": 189565.0, "座標Y(1)": 2509823.0, "座標X(2)": "189565", "座標Y(2)": "2509843", "有無貼牌": "是", "有無QRCode": "無", "說明": "113年11月25日現地盤點成果:1.現地貼牌97座標X189560 Y 25098212.在一間廟的前面廣場上", "保管人": "沈文忠" }, "geometry": { "type": "Point", "coordinates": [ 120.411812586112163, 22.687712999092895 ] } },
{ "type": "Feature", "properties": { "工程（財產）名稱": "明渠", "工程（財產）別名": "明渠", "財產編號": "1110101-029C 00-0000450", "保管單位": "牡管中心", "入帳日期(購置日期)": "2016-12-21", "清查日期": "2024/05/11", "地籍": "屏東縣牡丹鄉東源段88.89地號", "座標X(1)": 234519.0, "座標Y(1)": 2456548.0, "座標X(2)": "234534", "座標Y(2)": "2456554", "有無貼牌": "是", "有無QRCode": "無", "說明": null, "保管人": "周百欽" }, "geometry": { "type": "Point", "coordinates": [ 120.849846219963467, 22.207578665635253 ] } },
{ "type": "Feature", "properties": { "工程（財產）名稱": "明渠", "工程（財產）別名": "甲仙堰上游道路-29.3M", "財產編號": "1110101-029C 95-0000019", "保管單位": "甲仙(堰區)", "入帳日期(購置日期)": "2006-07-10", "清查日期": "2021/10/28", "地籍": "甲仙區東阿里關段344-1地號", "座標X(1)": 208130.986, "座標Y(1)": 2554882.989, "座標X(2)": "208131", "座標Y(2)": "2554893", "有無貼牌": "是", "有無QRCode": "無", "說明": null, "保管人": "洪瑞隆" }, "geometry": { "type": "Point", "coordinates": [ 120.591286003739029, 23.095195004989929 ] } },
{ "type": "Feature", "properties": { "工程（財產）名稱": "明渠", "工程（財產）別名": "曾文風景區四期工程", "財產編號": "1110101-029C 93-0000003", "保管單位": "曾管中心", "入帳日期(購置日期)": "2004-09-30", "清查日期": "2015/07/17", "地籍": "嘉義縣大埔鄉大埔段1484-21號", "座標X(1)": 203332.74, "座標Y(1)": 2569964.96, "座標X(2)": null, "座標Y(2)": null, "有無貼牌": "--", "有無QRCode": "無", "說明": "曾庫公路15公里處", "保管人": "周駿宏" }, "geometry": { "type": "Point", "coordinates": [ 120.543986997137097, 23.231260981449825 ] } },
{ "type": "Feature", "properties": { "工程（財產）名稱": "明渠", "工程（財產）別名": "103阿公店水庫集水區水土保持零星工程(田寮", "財產編號": "1110101-029C 00-0000400", "保管單位": "阿管中心", "入帳日期(購置日期)": "2015-06-16", "清查日期": "2019/06/21", "地籍": "牛稠埔段700-52", "座標X(1)": 183313.0, "座標Y(1)": 2525461.0, "座標X(2)": null, "座標Y(2)": null, "有無貼牌": "--", "有無QRCode": "無", "說明": null, "保管人": "陳煌祥" }, "geometry": { "type": "Point", "coordinates": [ 120.350299851219063, 22.828695715102196 ] } },
{ "type": "Feature", "properties": { "工程（財產）名稱": "溢流道", "工程（財產）別名": "集水區污水處理溢洪道", "財產編號": "2020404-0007 00-0000001", "保管單位": "阿管中心", "入帳日期(購置日期)": "2006-01-26", "清查日期": "2014/09/02", "地籍": "高雄市燕巢區燕北段235號", "座標X(1)": 184609.8051, "座標Y(1)": 2522393.2522999998, "座標X(2)": null, "座標Y(2)": null, "有無貼牌": "--", "有無QRCode": "無", "說明": null, "保管人": "陳煌祥" }, "geometry": { "type": "Point", "coordinates": [ 120.363062238558868, 22.801043789485789 ] } },
{ "type": "Feature", "properties": { "工程（財產）名稱": "明渠", "工程（財產）別名": "101年高屏溪攔河堰上游週邊環境委辦零星工", "財產編號": "1110101-029C 00-0000324", "保管單位": "高屏溪攔河堰", "入帳日期(購置日期)": "2013-12-30", "清查日期": "2024/11/22", "地籍": "高雄市大樹區水廠段672號~664號", "座標X(1)": 189886.0, "座標Y(1)": 2509648.0, "座標X(2)": "189886", "座標Y(2)": "2509661", "有無貼牌": "是", "有無QRCode": "無", "說明": "1.113年11月22日盤點貼牌現地座標X 190001 Y2509591", "保管人": "沈文忠" }, "geometry": { "type": "Point", "coordinates": [ 120.414943320915114, 22.686144088963768 ] } },
{ "type": "Feature", "properties": { "工程（財產）名稱": "明渠", "工程（財產）別名": "達邦及里佳村道路及排水改善工程-40M", "財產編號": "1110101-029C 00-0000087", "保管單位": "養護科", "入帳日期(購置日期)": "2010-12-31", "清查日期": "2012/12/06", "地籍": "嘉義縣阿里山鄉里佳村里佳段257號", "座標X(1)": 221264.0, "座標Y(1)": 2588336.0, "座標X(2)": null, "座標Y(2)": null, "有無貼牌": "--", "有無QRCode": "無", "說明": "G工區", "保管人": "吳宗翰" }, "geometry": { "type": "Point", "coordinates": [ 120.718853025418724, 23.397567069911542 ] } },
{ "type": "Feature", "properties": { "工程（財產）名稱": "明渠", "工程（財產）別名": "102年田寮區新尖大橋下游左岸崩坍地治理工", "財產編號": "1110101-029C 00-0000338", "保管單位": "阿管中心", "入帳日期(購置日期)": "2013-11-20", "清查日期": "--", "地籍": "燕巢區尖山段1216-31地號", "座標X(1)": 183985.512, "座標Y(1)": 2525561.886, "座標X(2)": null, "座標Y(2)": null, "有無貼牌": "--", "有無QRCode": "無", "說明": null, "保管人": "林堉介" }, "geometry": { "type": "Point", "coordinates": [ 120.356847219876087, 22.829633336220688 ] } },
{ "type": "Feature", "properties": { "工程（財產）名稱": "箱涵", "工程（財產）別名": "曾文崩坍地(大埔和平)", "財產編號": "1110101-028A 93-0000018", "保管單位": "曾管中心", "入帳日期(購置日期)": "2004-12-31", "清查日期": "2012/11/13", "地籍": "嘉義縣大埔鄉沙米萁段87號", "座標X(1)": 209853.48, "座標Y(1)": 2579138.84, "座標X(2)": null, "座標Y(2)": null, "有無貼牌": "--", "有無QRCode": "無", "說明": "位於埔頂產業道路", "保管人": "陳乙震" }, "geometry": { "type": "Point", "coordinates": [ 120.607461040586998, 23.314275005549185 ] } },
{ "type": "Feature", "properties": { "工程（財產）名稱": "護岸", "工程（財產）別名": "護岸/101牡丹水庫周邊零星工程", "財產編號": "1110102-008A 00-0000061", "保管單位": "養護科", "入帳日期(購置日期)": "2013-01-15", "清查日期": "2020/09/23", "地籍": "河川地無籍(牡丹區牡丹段)", "座標X(1)": 232498.0, "座標Y(1)": 2452275.0, "座標X(2)": null, "座標Y(2)": null, "有無貼牌": "--", "有無QRCode": "無", "說明": null, "保管人": "吳宗翰" }, "geometry": { "type": "Point", "coordinates": [ 120.830290498188234, 22.168967338556044 ] } },
{ "type": "Feature", "properties": { "工程（財產）名稱": "專用通行路", "工程（財產）別名": "專用通行道路/109燕巢辦公區環境及景觀改善", "財產編號": "1110101-011D 00-0000001", "保管單位": "阿管中心", "入帳日期(購置日期)": "2020-07-24", "清查日期": "2020/11/13", "地籍": "高雄市燕巢區瓊東段209、229地號", "座標X(1)": 183788.685, "座標Y(1)": 2522638.701, "座標X(2)": "183910.327", "座標Y(2)": "2522638.701", "有無貼牌": "--", "有無QRCode": "無", "說明": "483.8m、609.83m", "保管人": "邱柏翰" }, "geometry": { "type": "Point", "coordinates": [ 120.355054018952472, 22.803228139802162 ] } },
{ "type": "Feature", "properties": { "工程（財產）名稱": "服務臺", "工程（財產）別名": "路邊公園管理房", "財產編號": "2020202-001E 91-0000001", "保管單位": "曾管中心", "入帳日期(購置日期)": "1983-04-01", "清查日期": "2022/03/15", "地籍": "在河川區無地籍資料", "座標X(1)": 201000.57, "座標Y(1)": 2571132.8, "座標X(2)": "200993", "座標Y(2)": "2571119", "有無貼牌": "是", "有無QRCode": "無", "說明": "鳥宮", "保管人": "黃冠璋" }, "geometry": { "type": "Point", "coordinates": [ 120.52116097926789, 23.241738983535704 ] } },
{ "type": "Feature", "properties": { "工程（財產）名稱": "標誌", "工程（財產）別名": "標誌(導覽解說站)高屏堰上游傍河取用伏流水", "財產編號": "2020202-0013 00-0000007", "保管單位": "高屏溪攔河堰", "入帳日期(購置日期)": "2019-01-18", "清查日期": "2022/08/29", "地籍": "高雄市大樹區高屏溪河川地籍圖第179號", "座標X(1)": 193443.0, "座標Y(1)": 2511397.0, "座標X(2)": "192004", "座標Y(2)": "2509808", "有無貼牌": "是", "有無QRCode": "無", "說明": null, "保管人": "沈文忠" }, "geometry": { "type": "Point", "coordinates": [ 120.449497289709356, 22.702061488781464 ] } },
{ "type": "Feature", "properties": { "工程（財產）名稱": "標誌", "工程（財產）別名": "標誌(導覽解說站)(高屏堰上游傍河取用伏流", "財產編號": "2020202-0013 00-0000006", "保管單位": "高屏溪攔河堰", "入帳日期(購置日期)": "2019-01-18", "清查日期": "2022/08/22", "地籍": "高雄市大樹區高屏溪河川地籍圖第179號", "座標X(1)": 193450.0, "座標Y(1)": 2511416.0, "座標X(2)": "193446", "座標Y(2)": "2511418", "有無貼牌": "是", "有無QRCode": "無", "說明": null, "保管人": "沈文忠" }, "geometry": { "type": "Point", "coordinates": [ 120.449564736736349, 22.702233305644246 ] } },
{ "type": "Feature", "properties": { "工程（財產）名稱": "員工餐廳", "工程（財產）別名": "本局餐廳(前面永續利用館,後面為餐廳)", "財產編號": "2010502-001H 91-0000001", "保管單位": "曾管中心", "入帳日期(購置日期)": "1969-11-10", "清查日期": "2022/01/17", "地籍": "台南市楠西區密枝段102-67號", "座標X(1)": 198662.32, "座標Y(1)": 2568685.8, "座標X(2)": "198720", "座標Y(2)": "2568708", "有無貼牌": "是", "有無QRCode": "無", "說明": null, "保管人": "黃冠璋" }, "geometry": { "type": "Point", "coordinates": [ 120.498394044893303, 23.219570969905739 ] } },
{ "type": "Feature", "properties": { "工程（財產）名稱": "標誌", "工程（財產）別名": "標誌(導覽解說站)(高屏堰上游傍河取用伏流", "財產編號": "2020202-0013 00-0000005", "保管單位": "高屏溪攔河堰", "入帳日期(購置日期)": "2019-01-18", "清查日期": "2022/08/22", "地籍": "高雄市大樹區高屏溪河川地籍圖第195號", "座標X(1)": 193789.0, "座標Y(1)": 2512370.0, "座標X(2)": "193794", "座標Y(2)": "2512370", "有無貼牌": "是", "有無QRCode": "無", "說明": null, "保管人": "沈文忠" }, "geometry": { "type": "Point", "coordinates": [ 120.452830081114044, 22.710859868445702 ] } },
{ "type": "Feature", "properties": { "工程（財產）名稱": "標誌", "工程（財產）別名": "高屏堰上游傍河取用伏流水模場工程", "財產編號": "2020202-0013 00-0000003", "保管單位": "高屏溪攔河堰", "入帳日期(購置日期)": "2015-08-07", "清查日期": "2022/08/22", "地籍": "位河川公地上無地籍資料", "座標X(1)": 192554.0, "座標Y(1)": 2510368.0, "座標X(2)": "192560", "座標Y(2)": "2510374", "有無貼牌": "是", "有無QRCode": "無", "說明": null, "保管人": "吳政彥" }, "geometry": { "type": "Point", "coordinates": [ 120.440882155642797, 22.692738947357313 ] } },
{ "type": "Feature", "properties": { "工程（財產）名稱": "標誌", "工程（財產）別名": "標誌", "財產編號": "2020202-0013 00-0000002", "保管單位": "曾管中心", "入帳日期(購置日期)": "2009-12-31", "清查日期": "2022/10/19", "地籍": "台南市東山鄉下南勢段948-9號", "座標X(1)": 199026.9, "座標Y(1)": 2569799.15, "座標X(2)": "199032", "座標Y(2)": "2569804", "有無貼牌": "是", "有無QRCode": "無", "說明": "東口露營區", "保管人": "黃冠璋" }, "geometry": { "type": "Point", "coordinates": [ 120.501918857753267, 23.229635996352791 ] } },
{ "type": "Feature", "properties": { "工程（財產）名稱": "其他什項建築及設備", "工程（財產）別名": "風景區公共設施二期工", "財產編號": "2020202-099F 00-0000009", "保管單位": "曾管中心", "入帳日期(購置日期)": "1993-06-30", "清查日期": "2025/02/26", "地籍": "台南市東山區下南勢段1136地號", "座標X(1)": 198622.0, "座標Y(1)": 2569457.0, "座標X(2)": null, "座標Y(2)": null, "有無貼牌": "擬報廢", "有無QRCode": "有", "說明": "位於東口露營區", "保管人": "周駿宏" }, "geometry": { "type": "Point", "coordinates": [ 120.497974067620035, 23.226533751597916 ] } },
{ "type": "Feature", "properties": { "工程（財產）名稱": "明渠", "工程（財產）別名": "100年度曾文水庫湖域保護帶治理工程(第二)", "財產編號": "1110101-029A 00-0000032", "保管單位": "曾管中心", "入帳日期(購置日期)": "2012-08-31", "清查日期": "2012/10/19", "地籍": "台南市東山區下南勢段948-5號", "座標X(1)": 199355.0, "座標Y(1)": 2570132.0, "座標X(2)": null, "座標Y(2)": null, "有無貼牌": "--", "有無QRCode": "無", "說明": null, "保管人": "周駿宏" }, "geometry": { "type": "Point", "coordinates": [ 120.505113697162187, 23.232651802614694 ] } },
{ "type": "Feature", "properties": { "工程（財產）名稱": "監房", "工程（財產）別名": "甲仙攔河堰管理中心遷建工程-大門警衛室", "財產編號": "2010201-0004 00-0000001", "保管單位": "甲仙攔河堰管理中心", "入帳日期(購置日期)": "2014-02-06", "清查日期": "2025/03/21", "地籍": "高雄市甲仙區公館段259地號", "座標X(1)": 207242.0, "座標Y(1)": 2553088.0, "座標X(2)": null, "座標Y(2)": null, "有無貼牌": "是", "有無QRCode": "有", "說明": null, "保管人": "洪瑞隆" }, "geometry": { "type": "Point", "coordinates": [ 120.582658186672163, 23.078962839996571 ] } },
{ "type": "Feature", "properties": { "工程（財產）名稱": "公廁", "工程（財產）別名": "公廁及週邊", "財產編號": "2020202-006B 00-0000007", "保管單位": "阿管中心", "入帳日期(購置日期)": "2005-12-07", "清查日期": "2022/08/31", "地籍": "位高雄市岡山區 菜寮段181及182號地上", "座標X(1)": 182497.72, "座標Y(1)": 2523773.256, "座標X(2)": "182482", "座標Y(2)": "2523780", "有無貼牌": "是", "有無QRCode": "無", "說明": null, "保管人": "陳煌祥" }, "geometry": { "type": "Point", "coordinates": [ 120.342430553188919, 22.813422219535823 ] } },
{ "type": "Feature", "properties": { "工程（財產）名稱": "單房間職務宿舍", "工程（財產）別名": "宿舍", "財產編號": "2010601-002A 00-0000122", "保管單位": "牡管中心", "入帳日期(購置日期)": "2000-03-24", "清查日期": "2025/01/24", "地籍": "屏東縣牡丹鄉牡丹段923號", "座標X(1)": 227855.65, "座標Y(1)": 2447896.83, "座標X(2)": null, "座標Y(2)": null, "有無貼牌": "是", "有無QRCode": "有", "說明": "大門警衛宿舍", "保管人": "周百欽" }, "geometry": { "type": "Point", "coordinates": [ 120.785335774183721, 22.129372255165595 ] } },
{ "type": "Feature", "properties": { "工程（財產）名稱": "標誌", "工程（財產）別名": "標誌(導覽解說站)高屏堰上游傍河取用伏流水", "財產編號": "2020202-0013 00-0000004", "保管單位": "高屏溪攔河堰", "入帳日期(購置日期)": "2019-01-18", "清查日期": "2022/08/22", "地籍": "高雄市大樹區高屏溪河川地籍圖第195號", "座標X(1)": 193793.0, "座標Y(1)": 2512370.0, "座標X(2)": "193793", "座標Y(2)": "2512398", "有無貼牌": "是", "有無QRCode": "無", "說明": null, "保管人": "沈文忠" }, "geometry": { "type": "Point", "coordinates": [ 120.452869016605405, 22.710860001630568 ] } },
{ "type": "Feature", "properties": { "工程（財產）名稱": "護岸", "工程（財產）別名": "曾文水保(過山區)", "財產編號": "1110102-008A 93-0000011", "保管單位": "曾管中心", "入帳日期(購置日期)": "2004-12-31", "清查日期": "2013/02/27", "地籍": "嘉義縣大埔鄉大埔段1045號", "座標X(1)": 207834.43, "座標Y(1)": 2576258.9, "座標X(2)": null, "座標Y(2)": null, "有無貼牌": "--", "有無QRCode": "無", "說明": "位於台三線往鞠月半島產業道路上", "保管人": "陳乙震" }, "geometry": { "type": "Point", "coordinates": [ 120.587799980206711, 23.288218014480286 ] } },
{ "type": "Feature", "properties": { "工程（財產）名稱": "箱涵", "工程（財產）別名": "南寮大埔區處理工程", "財產編號": "1110101-028A 95-0000044", "保管單位": "曾管中心", "入帳日期(購置日期)": "2006-12-29", "清查日期": "2013/04/03", "地籍": "嘉義縣番路鄉永興段83號", "座標X(1)": 208796.3, "座標Y(1)": 2583084.52, "座標X(2)": null, "座標Y(2)": null, "有無貼牌": "--", "有無QRCode": "無", "說明": "位於永興產業道路", "保管人": "陳乙震" }, "geometry": { "type": "Point", "coordinates": [ 120.597017022802021, 23.349878790274424 ] } },
{ "type": "Feature", "properties": { "工程（財產）名稱": "箱涵", "工程（財產）別名": "番路大埔區處理工程", "財產編號": "1110101-028A 00-0000054", "保管單位": "曾管中心", "入帳日期(購置日期)": "2008-12-31", "清查日期": "2013/02/27", "地籍": "嘉義縣大埔鄉大埔段1359號", "座標X(1)": 207214.76, "座標Y(1)": 2574072.46, "座標X(2)": null, "座標Y(2)": null, "有無貼牌": "--", "有無QRCode": "無", "說明": "位於大埔鄉台三線過山附近", "保管人": "陳乙震" }, "geometry": { "type": "Point", "coordinates": [ 120.581804019587423, 23.268458042284063 ] } },
{ "type": "Feature", "properties": { "工程（財產）名稱": "箱涵", "工程（財產）別名": "水土保持草蘭溪區處理", "財產編號": "1110101-028A 91-0000004", "保管單位": "曾管中心", "入帳日期(購置日期)": "2001-01-21", "清查日期": "2014/03/05", "地籍": "嘉義縣大埔鄉頂坪林段14號", "座標X(1)": 213402.58, "座標Y(1)": 2575840.79, "座標X(2)": null, "座標Y(2)": null, "有無貼牌": "--", "有無QRCode": "無", "說明": "位於草籣溪產業道路", "保管人": "陳乙震" }, "geometry": { "type": "Point", "coordinates": [ 120.642242021308988, 23.284575959237252 ] } },
{ "type": "Feature", "properties": { "工程（財產）名稱": "箱涵", "工程（財產）別名": "曾文南寮埔頂大埔區處", "財產編號": "1110101-028A 94-0000027", "保管單位": "曾管中心", "入帳日期(購置日期)": "2005-12-30", "清查日期": "2013/04/02", "地籍": "嘉義縣大埔鄉大埔段1745號", "座標X(1)": 206757.92, "座標Y(1)": 2579150.88, "座標X(2)": null, "座標Y(2)": null, "有無貼牌": "--", "有無QRCode": "無", "說明": "位於南寮產業道路", "保管人": "陳乙震" }, "geometry": { "type": "Point", "coordinates": [ 120.577193983717351, 23.314305009777389 ] } },
{ "type": "Feature", "properties": { "工程（財產）名稱": "箱涵", "工程（財產）別名": "隙頂區處理工程", "財產編號": "1110101-028A 92-0000009", "保管單位": "曾管中心", "入帳日期(購置日期)": "2003-04-30", "清查日期": "2014/11/05", "地籍": "嘉義縣番路鄉公田段287號", "座標X(1)": 215983.12, "座標Y(1)": 2592436.11, "座標X(2)": null, "座標Y(2)": null, "有無貼牌": "--", "有無QRCode": "無", "說明": "位於隙頂潮州湖(隙頂)", "保管人": "陳乙震" }, "geometry": { "type": "Point", "coordinates": [ 120.667094004471437, 23.434490037843833 ] } },
{ "type": "Feature", "properties": { "工程（財產）名稱": "箱涵", "工程（財產）別名": "阿公店引水路NO.7箱涵", "財產編號": "1110101-028A 00-0000052", "保管單位": "阿管中心", "入帳日期(購置日期)": "2005-11-04", "清查日期": "--", "地籍": "高雄市田寮區南安老段911號", "座標X(1)": 191033.55, "座標Y(1)": 2529750.0, "座標X(2)": null, "座標Y(2)": null, "有無貼牌": "--", "有無QRCode": "無", "說明": null, "保管人": "李冠緯" }, "geometry": { "type": "Point", "coordinates": [ 120.425351714101808, 22.867716313654626 ] } },
{ "type": "Feature", "properties": { "工程（財產）名稱": "箱涵", "工程（財產）別名": "曾文番路大埔區處理工", "財產編號": "1110101-028A 94-0000026", "保管單位": "曾管中心", "入帳日期(購置日期)": "2005-12-30", "清查日期": "2013/04/03", "地籍": null, "座標X(1)": 200776.86, "座標Y(1)": 2570850.38, "座標X(2)": null, "座標Y(2)": null, "有無貼牌": "--", "有無QRCode": "無", "說明": "位於三角石", "保管人": "陳乙震" }, "geometry": { "type": "Point", "coordinates": [ 120.518984011612446, 23.239182013288179 ] } },
{ "type": "Feature", "properties": { "工程（財產）名稱": "箱涵", "工程（財產）別名": "曾文達邦區處理工程", "財產編號": "1110101-028A 94-0000031", "保管單位": "曾管中心", "入帳日期(購置日期)": "2005-12-30", "清查日期": "2023/11/21", "地籍": "嘉義縣阿里山鄉特富野19號", "座標X(1)": 227739.9, "座標Y(1)": 2595802.83, "座標X(2)": null, "座標Y(2)": null, "有無貼牌": "找不到", "有無QRCode": "無", "說明": "因道路終斷,無法過去,建議若有風災時將之報廢", "保管人": "連偉成" }, "geometry": { "type": "Point", "coordinates": [ 120.782100982844625, 23.46509497190409 ] } },
{ "type": "Feature", "properties": { "工程（財產）名稱": "箱涵", "工程（財產）別名": "曾文崩坍地-壩區農場", "財產編號": "1110101-028A 93-0000020", "保管單位": "曾管中心", "入帳日期(購置日期)": "2004-12-31", "清查日期": "2014/06/04", "地籍": "嘉義縣大埔鄉柳藤潭段14-10號", "座標X(1)": 202134.61, "座標Y(1)": 2572750.23, "座標X(2)": null, "座標Y(2)": null, "有無貼牌": "--", "有無QRCode": "無", "說明": "位於水底寮產業道路", "保管人": "陳乙震" }, "geometry": { "type": "Point", "coordinates": [ 120.532191972069157, 23.25637800038437 ] } },
{ "type": "Feature", "properties": { "工程（財產）名稱": "擋土牆", "工程（財產）別名": "擋土,牆/110年曾文水庫週邊零星工程", "財產編號": "1110102-004E 00-0000001", "保管單位": "養護科", "入帳日期(購置日期)": "2021-11-25", "清查日期": "--", "地籍": null, "座標X(1)": 207899.0, "座標Y(1)": 2576659.0, "座標X(2)": null, "座標Y(2)": null, "有無貼牌": "--", "有無QRCode": "無", "說明": null, "保管人": "吳宗翰" }, "geometry": { "type": "Point", "coordinates": [ 120.588420078819638, 23.291832642967734 ] } },
{ "type": "Feature", "properties": { "工程（財產）名稱": "箱涵", "工程（財產）別名": "達邦及里佳村道路及排水改善工程", "財產編號": "1110101-028A 00-0000072", "保管單位": "養護科", "入帳日期(購置日期)": "2010-12-31", "清查日期": "2012/12/14", "地籍": "嘉義縣阿里山鄉里佳村里佳段255-1號", "座標X(1)": 221290.0, "座標Y(1)": 2588273.0, "座標X(2)": null, "座標Y(2)": null, "有無貼牌": "--", "有無QRCode": "無", "說明": null, "保管人": "吳宗翰" }, "geometry": { "type": "Point", "coordinates": [ 120.719108601537471, 23.39699862636553 ] } },
{ "type": "Feature", "properties": { "工程（財產）名稱": "箱涵", "工程（財產）別名": "曾文水保(達邦區)", "財產編號": "1110101-028A 93-0000015", "保管單位": "曾管中心", "入帳日期(購置日期)": "2004-12-31", "清查日期": "2012/11/22", "地籍": "嘉義縣阿里山鄉特富野段328號", "座標X(1)": 224755.2, "座標Y(1)": 2595305.89, "座標X(2)": "224750", "座標Y(2)": "2595312", "有無貼牌": "是", "有無QRCode": "無", "說明": null, "保管人": "連偉成" }, "geometry": { "type": "Point", "coordinates": [ 120.75289298993124, 23.460563992284687 ] } },
{ "type": "Feature", "properties": { "工程（財產）名稱": "箱涵", "工程（財產）別名": "箱涵-和平村-18M3", "財產編號": "1110101-028A 00-0000067", "保管單位": "養護科", "入帳日期(購置日期)": "2010-09-09", "清查日期": "2012/01/12", "地籍": "嘉義縣大埔鄉和平村馬頭山段30號", "座標X(1)": 209449.0, "座標Y(1)": 2580392.0, "座標X(2)": null, "座標Y(2)": null, "有無貼牌": "--", "有無QRCode": "無", "說明": null, "保管人": "吳宗翰" }, "geometry": { "type": "Point", "coordinates": [ 120.603472677318067, 23.325581278355092 ] } },
{ "type": "Feature", "properties": { "工程（財產）名稱": "招待所", "工程（財產）別名": "單身宿舍-虹園", "財產編號": "2010603-001A 00-0000123", "保管單位": "牡管中心", "入帳日期(購置日期)": "2001-11-07", "清查日期": "2025/01/24", "地籍": "屏東縣牡丹鄉石門段354,1495號", "座標X(1)": 227639.16, "座標Y(1)": 2447878.56, "座標X(2)": null, "座標Y(2)": null, "有無貼牌": "是", "有無QRCode": "有", "說明": "單身宿舍-虹園", "保管人": "周百欽" }, "geometry": { "type": "Point", "coordinates": [ 120.783237414287953, 22.129204473885661 ] } },
{ "type": "Feature", "properties": { "工程（財產）名稱": "招待所", "工程（財產）別名": "渠廬招待所", "財產編號": "2010603-001A 91-0000101", "保管單位": "秘書室", "入帳日期(購置日期)": "1969-11-10", "清查日期": "2025/02/26", "地籍": "台南市楠西區楠西段104-14號", "座標X(1)": 198831.27, "座標Y(1)": 2568707.92, "座標X(2)": "198824", "座標Y(2)": "2568719", "有無貼牌": "是", "有無QRCode": "有", "說明": null, "保管人": "陳奕瑋" }, "geometry": { "type": "Point", "coordinates": [ 120.500044015349317, 23.219775973956747 ] } },
{ "type": "Feature", "properties": { "工程（財產）名稱": "廠﹙礦﹚區通行路", "工程（財產）別名": "道路B線/106甲仙攔河堰聯外道路邊坡水土保", "財產編號": "1110101-0010 00-0000005", "保管單位": "甲仙攔河堰管理中心", "入帳日期(購置日期)": "2019-02-26", "清查日期": "2021/06/17", "地籍": "高雄市甲仙區公館段1-1、58-1、60-1、59-1、67-1、68-1、72-1、69及1-4地號, 座", "座標X(1)": 207381.0, "座標Y(1)": 2553593.0, "座標X(2)": "207301", "座標Y(2)": "2553591", "有無貼牌": "是", "有無QRCode": "無", "說明": null, "保管人": "籃駿鞍" }, "geometry": { "type": "Point", "coordinates": [ 120.584000846068705, 23.083526772842472 ] } },
{ "type": "Feature", "properties": { "工程（財產）名稱": "廠﹙礦﹚區通行路", "工程（財產）別名": "道路A線/106甲仙堰聯外道路邊坡水土保持工", "財產編號": "1110101-0010 00-0000004", "保管單位": "甲仙攔河堰管理中心", "入帳日期(購置日期)": "2019-02-26", "清查日期": "2024/07/15", "地籍": "高雄市甲仙區公館段1-1、58-1、60-1、59-1、67-1、68-1、72-1、69及1-4地號", "座標X(1)": 207282.0, "座標Y(1)": 2553531.0, "座標X(2)": "207299", "座標Y(2)": "2553574", "有無貼牌": "是", "有無QRCode": "無", "說明": null, "保管人": "籃駿鞍" }, "geometry": { "type": "Point", "coordinates": [ 120.583036264903839, 23.08296433999471 ] } },
{ "type": "Feature", "properties": { "工程（財產）名稱": "廠﹙礦﹚區通行路", "工程（財產）別名": "93曾文公共設施二期整", "財產編號": "1110101-0010 95-0000003", "保管單位": "曾管中心", "入帳日期(購置日期)": "2006-07-30", "清查日期": "2012/11/22", "地籍": "嘉義縣大埔鄉大埔段1484-13號", "座標X(1)": 203373.13, "座標Y(1)": 2571058.3, "座標X(2)": "203330.95", "座標Y(2)": "2571058.3", "有無貼牌": "--", "有無QRCode": "無", "說明": "觀景樓下方道路", "保管人": "陳乙震" }, "geometry": { "type": "Point", "coordinates": [ 120.544348141935998, 23.24113518270736 ] } },
{ "type": "Feature", "properties": { "工程（財產）名稱": "水塔", "工程（財產）別名": "曾文水庫防淤隧道全域水工模型試驗供迴水系", "財產編號": "2020401-002A 00-0000002", "保管單位": "曾管中心", "入帳日期(購置日期)": "2013-09-11", "清查日期": "2022/07/27", "地籍": "台南市東山區下南勢段948-1號", "座標X(1)": 199837.03, "座標Y(1)": 2570333.511, "座標X(2)": "199834", "座標Y(2)": "2570343", "有無貼牌": "是", "有無QRCode": "無", "說明": null, "保管人": "黃冠璋" }, "geometry": { "type": "Point", "coordinates": [ 120.509817156489703, 23.234486235124347 ] } },
{ "type": "Feature", "properties": { "工程（財產）名稱": "廠﹙礦﹚區通行路", "工程（財產）別名": "94公共設施-東口道路", "財產編號": "1110101-0010 95-0000002", "保管單位": "曾管中心", "入帳日期(購置日期)": "2006-04-28", "清查日期": "2012/11/22", "地籍": "台南市東山區下南勢段1136號地", "座標X(1)": 198747.67, "座標Y(1)": 2569518.16, "座標X(2)": null, "座標Y(2)": null, "有無貼牌": "--", "有無QRCode": "無", "說明": "東口露營區道路-0.26公里", "保管人": "陳乙震" }, "geometry": { "type": "Point", "coordinates": [ 120.499199920997569, 23.227089951007049 ] } },
{ "type": "Feature", "properties": { "工程（財產）名稱": "箱涵", "工程（財產）別名": "過水路面(E工區)-8M", "財產編號": "1110101-028B 00-0000001", "保管單位": "養護科", "入帳日期(購置日期)": "2009-05-26", "清查日期": "2014/04/10", "地籍": "位水路無地籍資料", "座標X(1)": 216484.32, "座標Y(1)": 2576480.89, "座標X(2)": null, "座標Y(2)": null, "有無貼牌": "--", "有無QRCode": "無", "說明": null, "保管人": "吳宗翰" }, "geometry": { "type": "Point", "coordinates": [ 120.672353017013393, 23.290422026110235 ] } },
{ "type": "Feature", "properties": { "工程（財產）名稱": "人行橋", "工程（財產）別名": "人行橋(體驗道)107曾文水庫公共設施工程", "財產編號": "1110101-019A 00-0000001", "保管單位": "曾管中心", "入帳日期(購置日期)": "2018-08-21", "清查日期": "2018/11/27", "地籍": "台南市東山區下南勢段1137號地", "座標X(1)": 198544.25, "座標Y(1)": 2569320.09, "座標X(2)": null, "座標Y(2)": null, "有無貼牌": "--", "有無QRCode": "無", "說明": "位於東口露營區內", "保管人": "李勝雄" }, "geometry": { "type": "Point", "coordinates": [ 120.497219007030253, 23.225295008678014 ] } },
{ "type": "Feature", "properties": { "工程（財產）名稱": "其他什項建築及設備", "工程（財產）別名": "蔣公銅像基座", "財產編號": "2020202-099E 00-0000007", "保管單位": "秘書室", "入帳日期(購置日期)": "1983-10-01", "清查日期": "2021/06/16", "地籍": "台南市楠西區楠西段102-45號", "座標X(1)": 198653.09, "座標Y(1)": 2568890.37, "座標X(2)": "198655", "座標Y(2)": "2568870", "有無貼牌": "是", "有無QRCode": "無", "說明": null, "保管人": "陳奕瑋" }, "geometry": { "type": "Point", "coordinates": [ 120.498296963271486, 23.221417977280346 ] } },
{ "type": "Feature", "properties": { "工程（財產）名稱": "其他什項建築及設備", "工程（財產）別名": "入口戲水廣場週邊", "財產編號": "2020202-099E 00-0000011", "保管單位": "阿管中心", "入帳日期(購置日期)": "2005-12-07", "清查日期": "2012/05/22", "地籍": "高雄市燕巢區瓊東段552號", "座標X(1)": 183110.0, "座標Y(1)": 2522708.0, "座標X(2)": null, "座標Y(2)": null, "有無貼牌": "--", "有無QRCode": "無", "說明": null, "保管人": "林堉介" }, "geometry": { "type": "Point", "coordinates": [ 120.348440489773097, 22.803827059872056 ] } },
{ "type": "Feature", "properties": { "工程（財產）名稱": "鄉道", "工程（財產）別名": "山美村第2鄰社區及茶山村青峰農路排水改善", "財產編號": "1110101-0008 00-0000014", "保管單位": "養護科", "入帳日期(購置日期)": "2012-02-03", "清查日期": "2012/12/11", "地籍": "嘉義縣阿里山鄉茶山段291-9號", "座標X(1)": 219106.0, "座標Y(1)": 2576447.0, "座標X(2)": null, "座標Y(2)": null, "有無貼牌": "--", "有無QRCode": "無", "說明": null, "保管人": "吳宗翰" }, "geometry": { "type": "Point", "coordinates": [ 120.697982783596416, 23.290167426293475 ] } },
{ "type": "Feature", "properties": { "工程（財產）名稱": "其他什項建築及設備", "工程（財產）別名": "曾文七號公園開發工程", "財產編號": "2020202-099H 91-0000005", "保管單位": "曾管中心", "入帳日期(購置日期)": "1997-03-20", "清查日期": "2024/02/05", "地籍": "台南市東山區下南勢段948-1號", "座標X(1)": 199409.58, "座標Y(1)": 2570073.92, "座標X(2)": null, "座標Y(2)": null, "有無貼牌": "--", "有無QRCode": "無", "說明": "溪畔遊樂區公廁", "保管人": "周駿宏" }, "geometry": { "type": "Point", "coordinates": [ 120.505648951200371, 23.232129010877745 ] } },
{ "type": "Feature", "properties": { "工程（財產）名稱": "其他什項建築及設備", "工程（財產）別名": "大埔蔣公銅像", "財產編號": "2020202-099H 91-0000002", "保管單位": "曾管中心", "入帳日期(購置日期)": "1977-09-01", "清查日期": "2022/10/13", "地籍": "大埔鄉大埔段124-3號---(位大埔情人公園內)", "座標X(1)": 207775.32, "座標Y(1)": 2577844.64, "座標X(2)": "207781", "座標Y(2)": "2577844", "有無貼牌": "是", "有無QRCode": "無", "說明": "大埔鄉情人公園圓環", "保管人": "王昭文" }, "geometry": { "type": "Point", "coordinates": [ 120.587177976401833, 23.302535986032215 ] } },
{ "type": "Feature", "properties": { "工程（財產）名稱": "其他什項建築及設備", "工程（財產）別名": "水庫更新紀念碑", "財產編號": "2020202-099H 00-0000013", "保管單位": "阿管中心", "入帳日期(購置日期)": "2005-12-07", "清查日期": "2012/05/22", "地籍": "高雄市岡山區陀子段3121號", "座標X(1)": 181974.0, "座標Y(1)": 2523632.0, "座標X(2)": null, "座標Y(2)": null, "有無貼牌": "--", "有無QRCode": "無", "說明": null, "保管人": "林堉介" }, "geometry": { "type": "Point", "coordinates": [ 120.337335198192008, 22.812125501644918 ] } },
{ "type": "Feature", "properties": { "工程（財產）名稱": "其他什項建築及設備", "工程（財產）別名": "大壩落水池混凝土保護", "財產編號": "2020202-099H 91-0000003", "保管單位": "曾管中心", "入帳日期(購置日期)": "1994-05-10", "清查日期": "2022/08/12", "地籍": "大埔鄉柳滕潭段61及24-13號", "座標X(1)": 202030.29, "座標Y(1)": 2571878.49, "座標X(2)": "202584", "座標Y(2)": "2572049", "有無貼牌": "是", "有無QRCode": "無", "說明": "大壩溢洪道", "保管人": "王昭文" }, "geometry": { "type": "Point", "coordinates": [ 120.531199956854735, 23.248503022131395 ] } },
{ "type": "Feature", "properties": { "工程（財產）名稱": "廠﹙礦﹚區通行路", "工程（財產）別名": "道路-壩區第二期處理", "財產編號": "1110101-0010 93-0000001", "保管單位": "曾管中心", "入帳日期(購置日期)": "2004-07-25", "清查日期": "2015/03/06", "地籍": "台南市楠西區密枝段9206號地", "座標X(1)": 199065.72, "座標Y(1)": 2569327.15, "座標X(2)": null, "座標Y(2)": null, "有無貼牌": "--", "有無QRCode": "無", "說明": "位於曾文大酒店後方產業道路(護欄)", "保管人": "陳乙震" }, "geometry": { "type": "Point", "coordinates": [ 120.502313974164636, 23.225374974471947 ] } },
{ "type": "Feature", "properties": { "工程（財產）名稱": "明渠", "工程（財產）別名": "明渠/111曾文水庫週邊零星工程(增辦)", "財產編號": "1110101-029C 00-0000582", "保管單位": "養護科", "入帳日期(購置日期)": "2022-12-19", "清查日期": "--", "地籍": "嘉義縣大埔鄉大埔段1489-61、1458-72、1458-73、1458-89", "座標X(1)": 204765.0, "座標Y(1)": 2569895.0, "座標X(2)": "204747", "座標Y(2)": "2569879", "有無貼牌": "--", "有無QRCode": "無", "說明": null, "保管人": "吳宗翰" }, "geometry": { "type": "Point", "coordinates": [ 120.557984197487428, 23.230669209282819 ] } },
{ "type": "Feature", "properties": { "工程（財產）名稱": "明渠", "工程（財產）別名": "明渠/111年曾文水庫週邊零星工程增辦", "財產編號": "1110101-029C 00-0000581", "保管單位": "養護科", "入帳日期(購置日期)": "2022-12-19", "清查日期": "--", "地籍": "嘉義縣大埔鄉大埔段1458-78號", "座標X(1)": 204875.0, "座標Y(1)": 2569680.0, "座標X(2)": "204870", "座標Y(2)": "2569710", "有無貼牌": "--", "有無QRCode": "無", "說明": null, "保管人": "吳宗翰" }, "geometry": { "type": "Point", "coordinates": [ 120.559065419589103, 23.22873073409696 ] } },
{ "type": "Feature", "properties": { "工程（財產）名稱": "明渠", "工程（財產）別名": "明渠/112牡丹水庫牡丹村集水區零星工程", "財產編號": "1110101-029C 00-0000589", "保管單位": "牡管中心", "入帳日期(購置日期)": "2024-04-25", "清查日期": "--", "地籍": "屏東縣牡丹鄉牡丹段544,543及555號地", "座標X(1)": 229124.365, "座標Y(1)": 2448448.75, "座標X(2)": null, "座標Y(2)": null, "有無貼牌": "--", "有無QRCode": "無", "說明": null, "保管人": "蔡國山" }, "geometry": { "type": "Point", "coordinates": [ 120.79762733977492, 22.134372715009842 ] } },
{ "type": "Feature", "properties": { "工程（財產）名稱": "明渠", "工程（財產）別名": "明渠/111年牡丹水庫週邊零星工程", "財產編號": "1110101-029C 00-0000586", "保管單位": "牡管中心", "入帳日期(購置日期)": "2023-05-15", "清查日期": "--", "地籍": "牡丹鄉東源段217地號", "座標X(1)": 235362.0, "座標Y(1)": 2456431.0, "座標X(2)": null, "座標Y(2)": null, "有無貼牌": "--", "有無QRCode": "無", "說明": "地點：東源村馨香森林", "保管人": "蔡國山" }, "geometry": { "type": "Point", "coordinates": [ 120.858023713924695, 22.20652930451617 ] } },
{ "type": "Feature", "properties": { "工程（財產）名稱": "明渠", "工程（財產）別名": "明渠/111年牡丹水庫週邊零星工程", "財產編號": "1110101-029C 00-0000585", "保管單位": "牡管中心", "入帳日期(購置日期)": "2023-05-15", "清查日期": "--", "地籍": "牡丹鄉牡丹段210地號", "座標X(1)": 231311.029, "座標Y(1)": 2450211.979, "座標X(2)": null, "座標Y(2)": null, "有無貼牌": "--", "有無QRCode": "無", "說明": "地點：199線道路旁", "保管人": "蔡國山" }, "geometry": { "type": "Point", "coordinates": [ 120.818804846223813, 22.15032249659518 ] } },
{ "type": "Feature", "properties": { "工程（財產）名稱": "明渠", "工程（財產）別名": "明渠/111年牡丹水庫週邊零星工程", "財產編號": "1110101-029C 00-0000584", "保管單位": "牡管中心", "入帳日期(購置日期)": "2023-05-15", "清查日期": "--", "地籍": "牡丹鄉牡丹段555地號", "座標X(1)": 229127.0, "座標Y(1)": 2448445.0, "座標X(2)": null, "座標Y(2)": null, "有無貼牌": "--", "有無QRCode": "無", "說明": "地點：牡丹溪旁", "保管人": "蔡國山" }, "geometry": { "type": "Point", "coordinates": [ 120.797652932253342, 22.134338877982955 ] } },
{ "type": "Feature", "properties": { "工程（財產）名稱": "明渠", "工程（財產）別名": "明渠/112年高屏溪攔河堰週邊零星委辦工程", "財產編號": "1110101-029C 00-0000588", "保管單位": "高屏溪攔河堰", "入帳日期(購置日期)": "2023-12-20", "清查日期": "2024/04/19", "地籍": "高市大樹區興田段979號及652號", "座標X(1)": 193066.0, "座標Y(1)": 2515074.0, "座標X(2)": "192944", "座標Y(2)": "2515255", "有無貼牌": "是", "有無QRCode": "無", "說明": "長266公尺於113年4月19日盤點現地測得X193004 Y2515078", "保管人": "沈文忠" }, "geometry": { "type": "Point", "coordinates": [ 120.445694132974111, 22.735254453557989 ] } },
{ "type": "Feature", "properties": { "工程（財產）名稱": "明渠", "工程（財產）別名": "明渠/112曾文水庫週邊零星工程第二期", "財產編號": "1110101-029C 00-0000590", "保管單位": "曾管中心", "入帳日期(購置日期)": "2024-04-16", "清查日期": "--", "地籍": null, "座標X(1)": 208668.0, "座標Y(1)": 2577477.0, "座標X(2)": null, "座標Y(2)": null, "有無貼牌": "--", "有無QRCode": "無", "說明": null, "保管人": "陳乙震" }, "geometry": { "type": "Point", "coordinates": [ 120.595915382762712, 23.299238869025636 ] } },
{ "type": "Feature", "properties": { "工程（財產）名稱": "明渠", "工程（財產）別名": "明渠/112年阿公店水庫集水區水土保持零星工", "財產編號": "1110101-029C 00-0000587", "保管單位": "阿管中心", "入帳日期(購置日期)": "2023-11-14", "清查日期": "2024/01/03", "地籍": "高雄市田寮區牛稠埔段253-37地號", "座標X(1)": 184232.0, "座標Y(1)": 2526110.0, "座標X(2)": "184235", "座標Y(2)": "2526117", "有無貼牌": "是", "有無QRCode": "無", "說明": null, "保管人": "林堉介" }, "geometry": { "type": "Point", "coordinates": [ 120.359225364469793, 22.834592679673268 ] } },
{ "type": "Feature", "properties": { "工程（財產）名稱": "護坡", "工程（財產）別名": "加卡里斯石籠-200M3", "財產編號": "1110102-003E 00-0000011", "保管單位": "牡管中心", "入帳日期(購置日期)": "2010-04-27", "清查日期": "2012/12/05", "地籍": "屏東縣牡丹鄉牡丹村", "座標X(1)": 232204.0, "座標Y(1)": 2451515.0, "座標X(2)": null, "座標Y(2)": null, "有無貼牌": "--", "有無QRCode": "無", "說明": null, "保管人": "周百欽" }, "geometry": { "type": "Point", "coordinates": [ 120.827448087479354, 22.162100304571155 ] } },
{ "type": "Feature", "properties": { "工程（財產）名稱": "護坡", "工程（財產）別名": "曾文水庫集水區主流山美段達娜依谷上游河", "財產編號": "1110102-003E 00-0000024", "保管單位": "曾管中心", "入帳日期(購置日期)": "2012-07-01", "清查日期": "--", "地籍": "嘉義縣阿里山鄉山美段283號", "座標X(1)": 216722.26, "座標Y(1)": 2586209.25, "座標X(2)": null, "座標Y(2)": null, "有無貼牌": "--", "有無QRCode": "無", "說明": "位於山美大橋下方", "保管人": "陳乙震" }, "geometry": { "type": "Point", "coordinates": [ 120.674465043961732, 23.378275975157834 ] } },
{ "type": "Feature", "properties": { "工程（財產）名稱": "護坡", "工程（財產）別名": "103年曾文水庫週邊零星工程", "財產編號": "1110102-003E 00-0000025", "保管單位": "養護科", "入帳日期(購置日期)": "2014-12-26", "清查日期": "--", "地籍": "嘉義縣大埔鄉大埔段2047", "座標X(1)": 206567.0, "座標Y(1)": 2574630.0, "座標X(2)": null, "座標Y(2)": null, "有無貼牌": "--", "有無QRCode": "無", "說明": null, "保管人": "吳宗翰" }, "geometry": { "type": "Point", "coordinates": [ 120.575456796261022, 23.273475733666345 ] } },
{ "type": "Feature", "properties": { "工程（財產）名稱": "明渠", "工程（財產）別名": "106年週邊環境委辦零星工程", "財產編號": "1110101-029C 00-0000459", "保管單位": "高屏溪攔河堰", "入帳日期(購置日期)": "2018-01-17", "清查日期": "2024/11/25", "地籍": "溪埔段374-1地號等1筆", "座標X(1)": 192323.0, "座標Y(1)": 2515611.0, "座標X(2)": "192350", "座標Y(2)": "2515611", "有無貼牌": "是", "有無QRCode": "無", "說明": "113年11月25日盤點成果:1.現地97座標X192321 Y25156072.現地被農人用一塊紅布蓋住", "保管人": "沈文忠" }, "geometry": { "type": "Point", "coordinates": [ 120.438440791494415, 22.740078633364931 ] } },
{ "type": "Feature", "properties": { "工程（財產）名稱": "明渠", "工程（財產）別名": "曾文達邦區處理工程", "財產編號": "1110101-029C 94-0000013", "保管單位": "曾管中心", "入帳日期(購置日期)": "2005-12-30", "清查日期": "2023/12/21", "地籍": "嘉義縣阿里山鄉達邦段227號", "座標X(1)": 224398.0, "座標Y(1)": 2594931.43, "座標X(2)": "224396", "座標Y(2)": "2594931", "有無貼牌": "是", "有無QRCode": "無", "說明": null, "保管人": "連偉成" }, "geometry": { "type": "Point", "coordinates": [ 120.749402969698451, 23.45717699482125 ] } },
{ "type": "Feature", "properties": { "工程（財產）名稱": "明渠", "工程（財產）別名": "明渠", "財產編號": "1110101-029C 00-0000449", "保管單位": "養護科", "入帳日期(購置日期)": "2012-12-31", "清查日期": "2019/10/01", "地籍": "嘉義縣大埔鄉大埔段1445-78號", "座標X(1)": 205917.0, "座標Y(1)": 2572011.0, "座標X(2)": null, "座標Y(2)": null, "有無貼牌": "--", "有無QRCode": "無", "說明": null, "保管人": "吳宗翰" }, "geometry": { "type": "Point", "coordinates": [ 120.569179419846918, 23.249808376529725 ] } },
{ "type": "Feature", "properties": { "工程（財產）名稱": "明渠", "工程（財產）別名": "105年曾文水庫週邊零星工程", "財產編號": "1110101-029C 00-0000451", "保管單位": "養護科", "入帳日期(購置日期)": "2017-02-20", "清查日期": "2019/10/01", "地籍": "嘉義縣大埔鄉大埔段1146號(公)", "座標X(1)": 211357.0, "座標Y(1)": 2571418.0, "座標X(2)": null, "座標Y(2)": null, "有無貼牌": "--", "有無QRCode": "無", "說明": null, "保管人": "吳宗翰" }, "geometry": { "type": "Point", "coordinates": [ 120.622358341750157, 23.244590249072886 ] } },
{ "type": "Feature", "properties": { "工程（財產）名稱": "明渠", "工程（財產）別名": "明渠107阿公店水庫集水區水土保持零星工程", "財產編號": "1110101-029C 00-0000518", "保管單位": "阿管中心", "入帳日期(購置日期)": "2019-01-01", "清查日期": "2023/06/08", "地籍": "高雄市燕巢區燕北段247-1等地號", "座標X(1)": 185241.0, "座標Y(1)": 2521881.0, "座標X(2)": "185238", "座標Y(2)": "2521881", "有無貼牌": "是", "有無QRCode": "無", "說明": null, "保管人": "陳煌祥" }, "geometry": { "type": "Point", "coordinates": [ 120.36923143358274, 22.796442376619382 ] } },
{ "type": "Feature", "properties": { "工程（財產）名稱": "明渠", "工程（財產）別名": "明渠", "財產編號": "1110101-029C 00-0000435", "保管單位": "牡管中心", "入帳日期(購置日期)": "2016-01-14", "清查日期": "2019/10/07", "地籍": "屏東縣牡丹鄉牡丹段91-2號", "座標X(1)": 232954.0, "座標Y(1)": 2452102.0, "座標X(2)": null, "座標Y(2)": null, "有無貼牌": "--", "有無QRCode": "無", "說明": "零星工程", "保管人": "周百欽" }, "geometry": { "type": "Point", "coordinates": [ 120.834713949307684, 22.167409409030302 ] } },
{ "type": "Feature", "properties": { "工程（財產）名稱": "明渠", "工程（財產）別名": "明渠", "財產編號": "1110101-029C 00-0000436", "保管單位": "牡管中心", "入帳日期(購置日期)": "2016-01-14", "清查日期": "2019/10/07", "地籍": "屏東縣牡丹鄉東源段111地號", "座標X(1)": 234913.0, "座標Y(1)": 2456481.0, "座標X(2)": null, "座標Y(2)": null, "有無貼牌": "--", "有無QRCode": "無", "說明": "零星工程", "保管人": "周百欽" }, "geometry": { "type": "Point", "coordinates": [ 120.853668334226953, 22.20697702840075 ] } },
{ "type": "Feature", "properties": { "工程（財產）名稱": "明渠", "工程（財產）別名": "明渠/109牡丹水庫集水區零星工程", "財產編號": "1110101-029C 00-0000562", "保管單位": "牡管中心", "入帳日期(購置日期)": "2021-03-25", "清查日期": "--", "地籍": null, "座標X(1)": 234826.0, "座標Y(1)": 2456126.0, "座標X(2)": null, "座標Y(2)": null, "有無貼牌": "--", "有無QRCode": "無", "說明": null, "保管人": "賴冠吾" }, "geometry": { "type": "Point", "coordinates": [ 120.852827849430099, 22.203770049618232 ] } },
{ "type": "Feature", "properties": { "工程（財產）名稱": "明渠", "工程（財產）別名": "曾文新美區處理工程\\", "財產編號": "1110101-029C 94-0000012", "保管單位": "曾管中心", "入帳日期(購置日期)": "2005-12-30", "清查日期": "2023/11/30", "地籍": "嘉義縣阿里山鄉新美段208-1號", "座標X(1)": 217539.55, "座標Y(1)": 2581228.69, "座標X(2)": "217524", "座標Y(2)": "2581226", "有無貼牌": "是", "有無QRCode": "無", "說明": null, "保管人": "連偉成" }, "geometry": { "type": "Point", "coordinates": [ 120.682566986612741, 23.333317008131072 ] } },
{ "type": "Feature", "properties": { "工程（財產）名稱": "明渠", "工程（財產）別名": "明渠-排水溝-22M", "財產編號": "1110101-029C 00-0000083", "保管單位": "阿管中心", "入帳日期(購置日期)": "2010-12-21", "清查日期": "2023/01/12", "地籍": "高雄市田寮區牛稠埔705-10號", "座標X(1)": 183373.5, "座標Y(1)": 2525878.47, "座標X(2)": "183337", "座標Y(2)": "2525899", "有無貼牌": "是", "有無QRCode": "無", "說明": null, "保管人": "林堉介" }, "geometry": { "type": "Point", "coordinates": [ 120.350871366197339, 22.83246801666936 ] } },
{ "type": "Feature", "properties": { "工程（財產）名稱": "涼亭", "工程（財產）別名": "曾文溪畔遊樂區改建工", "財產編號": "2020202-005A 91-0000001", "保管單位": "曾管中心", "入帳日期(購置日期)": "2000-03-15", "清查日期": "2022/10/19", "地籍": "台南市東山區下南勢段948-1號", "座標X(1)": 199657.87, "座標Y(1)": 2570166.98, "座標X(2)": "199652", "座標Y(2)": "2570170", "有無貼牌": "是", "有無QRCode": "無", "說明": "溪畔遊樂區", "保管人": "陳乙震" }, "geometry": { "type": "Point", "coordinates": [ 120.508072001015222, 23.232976967571236 ] } },
{ "type": "Feature", "properties": { "工程（財產）名稱": "獨立走廊", "工程（財產）別名": "聯絡廊道", "財產編號": "2020202-007C 00-0000001", "保管單位": "高屏溪攔河堰", "入帳日期(購置日期)": "2009-12-31", "清查日期": "2025/02/27", "地籍": "高雄市大樹區保安段河川公地無地籍資料", "座標X(1)": 192063.0, "座標Y(1)": 2509810.0, "座標X(2)": "192010", "座標Y(2)": "2509880", "有無貼牌": "是", "有無QRCode": "有", "說明": null, "保管人": "沈文忠" }, "geometry": { "type": "Point", "coordinates": [ 120.436124082439548, 22.687683080672105 ] } },
{ "type": "Feature", "properties": { "工程（財產）名稱": "明渠", "工程（財產）別名": "明渠/109高屏堰週邊委辦零星工程", "財產編號": "1110101-029C 00-0000560", "保管單位": "高屏溪攔河堰", "入帳日期(購置日期)": "2021-03-04", "清查日期": "2024/11/29", "地籍": "佛光段252,281,268地號等3筆土地", "座標X(1)": 191605.004, "座標Y(1)": 2519338.338, "座標X(2)": "191551.418", "座標Y(2)": "2519274.564", "有無貼牌": "是", "有無QRCode": "無", "說明": null, "保管人": "沈文忠" }, "geometry": { "type": "Point", "coordinates": [ 120.431311114763119, 22.773713886183 ] } },
{ "type": "Feature", "properties": { "工程（財產）名稱": "高壓變電室", "工程（財產）別名": null, "財產編號": "2020202-009A 91-0000001", "保管單位": "曾管中心", "入帳日期(購置日期)": "1992-05-25", "清查日期": "2025/01/22", "地籍": "台南市楠西區密枝段102-1、102-85號", "座標X(1)": 198691.8, "座標Y(1)": 2568806.22, "座標X(2)": "198704", "座標Y(2)": "2568896", "有無貼牌": "是", "有無QRCode": "有", "說明": null, "保管人": "邱玟融" }, "geometry": { "type": "Point", "coordinates": [ 120.498678018234983, 23.220659297698713 ] } },
{ "type": "Feature", "properties": { "工程（財產）名稱": "水井", "工程（財產）別名": "曾文水庫大埔水文站工程-永久河道放水道防", "財產編號": "2020401-0001 00-0000001", "保管單位": "曾管中心", "入帳日期(購置日期)": "2012-11-25", "清查日期": "2013/02/13", "地籍": "曾文溪上游河道", "座標X(1)": 213725.0, "座標Y(1)": 2577123.0, "座標X(2)": null, "座標Y(2)": null, "有無貼牌": "--", "有無QRCode": "無", "說明": "大埔水文站", "保管人": "黃政達" }, "geometry": { "type": "Point", "coordinates": [ 120.64536311513632, 23.296161766038185 ] } },
{ "type": "Feature", "properties": { "工程（財產）名稱": "水井", "工程（財產）別名": "集水井", "財產編號": "2020401-0001 00-0000002", "保管單位": "曾管中心", "入帳日期(購置日期)": "2016-12-08", "清查日期": "--", "地籍": "台南市楠西區密枝段1-59", "座標X(1)": 202885.0, "座標Y(1)": 2566900.0, "座標X(2)": null, "座標Y(2)": null, "有無貼牌": "--", "有無QRCode": "無", "說明": null, "保管人": "李勝雄" }, "geometry": { "type": "Point", "coordinates": [ 120.539706827932093, 23.203571039804089 ] } },
{ "type": "Feature", "properties": { "工程（財產）名稱": "護坡", "工程（財產）別名": "鐵線橋石籠護坡-114M3", "財產編號": "1110102-003E 00-0000008", "保管單位": "牡管中心", "入帳日期(購置日期)": "2010-04-27", "清查日期": "2019/10/07", "地籍": "屏東縣牡丹鄉牡丹段211號", "座標X(1)": 231310.0, "座標Y(1)": 2450215.0, "座標X(2)": null, "座標Y(2)": null, "有無貼牌": "--", "有無QRCode": "無", "說明": null, "保管人": "周百欽" }, "geometry": { "type": "Point", "coordinates": [ 120.818794834874083, 22.150349770115685 ] } },
{ "type": "Feature", "properties": { "工程（財產）名稱": "涼亭", "工程（財產）別名": "高屏堰綠美化景觀工程", "財產編號": "2020202-005A 91-0000002", "保管單位": "高屏溪攔河堰", "入帳日期(購置日期)": "2001-12-31", "清查日期": "2022/08/22", "地籍": "位大樹區保安段河川公地上無地籍資料,大樹區大樹保安段7號", "座標X(1)": 192063.0, "座標Y(1)": 2509810.0, "座標X(2)": "191963", "座標Y(2)": "2509871", "有無貼牌": "是", "有無QRCode": "無", "說明": "涼亭", "保管人": "蔡易龍" }, "geometry": { "type": "Point", "coordinates": [ 120.436124082439548, 22.687683080672105 ] } },
{ "type": "Feature", "properties": { "工程（財產）名稱": "護坡", "工程（財產）別名": "上牡丹板橋下游護岸工程-41M", "財產編號": "1110102-003E 00-0000018", "保管單位": "牡管中心", "入帳日期(購置日期)": "2011-01-28", "清查日期": "2012/12/05", "地籍": "屏東縣牡丹鄉東源段1142號", "座標X(1)": 233901.0, "座標Y(1)": 2453520.0, "座標X(2)": null, "座標Y(2)": null, "有無貼牌": "--", "有無QRCode": "無", "說明": null, "保管人": "周百欽" }, "geometry": { "type": "Point", "coordinates": [ 120.843882341100027, 22.180225313660106 ] } },
{ "type": "Feature", "properties": { "工程（財產）名稱": "護坡", "工程（財產）別名": "石籠擋土牆-169M3", "財產編號": "1110102-003E 00-0000013", "保管單位": "養護科", "入帳日期(購置日期)": "2010-09-09", "清查日期": "2012/12/05", "地籍": "嘉義縣大埔鄉草嶺段5號", "座標X(1)": 208584.0, "座標Y(1)": 2572443.0, "座標X(2)": null, "座標Y(2)": null, "有無貼牌": "--", "有無QRCode": "無", "說明": null, "保管人": "吳宗翰" }, "geometry": { "type": "Point", "coordinates": [ 120.595231560963313, 23.253778755218018 ] } },
{ "type": "Feature", "properties": { "工程（財產）名稱": "護坡", "工程（財產）別名": "護坡/曾文水庫壩區及蓄水範圍邊坡治理工程", "財產編號": "1110102-003E 00-0000407", "保管單位": "曾管中心", "入帳日期(購置日期)": "2022-12-16", "清查日期": "2023/10/20", "地籍": "嘉義縣大埔鄉大埔段432-2號(局管土地)", "座標X(1)": 207433.0, "座標Y(1)": 2576980.0, "座標X(2)": "207513", "座標Y(2)": "2576945", "有無貼牌": "是", "有無QRCode": "無", "說明": null, "保管人": "廖元賢" }, "geometry": { "type": "Point", "coordinates": [ 120.583855536377754, 23.294719305822529 ] } },
{ "type": "Feature", "properties": { "工程（財產）名稱": "護坡", "工程（財產）別名": "擋土牆/甲仙攔河堰引水隧道出口聯絡道路下", "財產編號": "1110102-003E 00-0000406", "保管單位": "甲仙攔河堰管理中心", "入帳日期(購置日期)": "2022-12-19", "清查日期": "--", "地籍": null, "座標X(1)": 204861.793, "座標Y(1)": 2554077.037, "座標X(2)": null, "座標Y(2)": null, "有無貼牌": "是", "有無QRCode": "無", "說明": null, "保管人": "洪瑞隆" }, "geometry": { "type": "Point", "coordinates": [ 120.559397456279228, 23.087831131391297 ] } },
{ "type": "Feature", "properties": { "工程（財產）名稱": "護坡", "工程（財產）別名": "護坡/111牡丹水庫週邊零星工程", "財產編號": "1110102-003E 00-0000408", "保管單位": "牡管中心", "入帳日期(購置日期)": "2023-05-15", "清查日期": "--", "地籍": "牡丹鄉牡丹段 210 地 號", "座標X(1)": 231311.029, "座標Y(1)": 2450211.979, "座標X(2)": null, "座標Y(2)": null, "有無貼牌": "--", "有無QRCode": "無", "說明": "地點：199線道路旁", "保管人": "蔡國山" }, "geometry": { "type": "Point", "coordinates": [ 120.818804846223813, 22.15032249659518 ] } },
{ "type": "Feature", "properties": { "工程（財產）名稱": "護坡", "工程（財產）別名": "茄苳西興大埔地區水土保持工程-96M3", "財產編號": "1110102-003E 00-0000023", "保管單位": "養護科", "入帳日期(購置日期)": "2011-12-31", "清查日期": "2012/11/13", "地籍": "嘉義縣大埔鄉水寮段25號", "座標X(1)": 213529.0, "座標Y(1)": 2578701.0, "座標X(2)": null, "座標Y(2)": null, "有無貼牌": "--", "有無QRCode": "無", "說明": null, "保管人": "吳宗翰" }, "geometry": { "type": "Point", "coordinates": [ 120.643408997733019, 23.31040709908584 ] } },
{ "type": "Feature", "properties": { "工程（財產）名稱": "水井", "工程（財產）別名": "集水井(含噴漿溝)", "財產編號": "2020401-0001 00-0000003", "保管單位": "養護科", "入帳日期(購置日期)": "2019-03-31", "清查日期": "--", "地籍": "嘉義縣阿里山鄉達邦段418", "座標X(1)": 223312.0, "座標Y(1)": 2593576.0, "座標X(2)": null, "座標Y(2)": null, "有無貼牌": "--", "有無QRCode": "無", "說明": "工區G(107年阿里山零星工程)", "保管人": "吳宗翰" }, "geometry": { "type": "Point", "coordinates": [ 120.738797158363994, 23.444919856917778 ] } },
{ "type": "Feature", "properties": { "工程（財產）名稱": "明渠", "工程（財產）別名": "明渠/牡丹水庫小水力發電新建工程", "財產編號": "1110101-029C 00-0000575", "保管單位": "牡管中心", "入帳日期(購置日期)": "2021-10-15", "清查日期": "2025/02/06", "地籍": "屏東縣牡丹鄉石門段162號", "座標X(1)": 227569.0, "座標Y(1)": 2447998.0, "座標X(2)": "227567", "座標Y(2)": "2447999", "有無貼牌": "是", "有無QRCode": "有", "說明": null, "保管人": "賴冠吾" }, "geometry": { "type": "Point", "coordinates": [ 120.782555642360919, 22.130282309535975 ] } },
{ "type": "Feature", "properties": { "工程（財產）名稱": "明渠", "工程（財產）別名": "明渠/113甲仙攔河堰週邊排水零星工程", "財產編號": "1110101-029C 00-0000592", "保管單位": "甲仙攔河堰管理中心", "入帳日期(購置日期)": "2024-08-22", "清查日期": "--", "地籍": "高雄市甲仙區東阿里關段36及37號地", "座標X(1)": 210564.0, "座標Y(1)": 2557246.0, "座標X(2)": null, "座標Y(2)": null, "有無貼牌": "是", "有無QRCode": "無", "說明": "長41公尺", "保管人": "洪瑞隆" }, "geometry": { "type": "Point", "coordinates": [ 120.614975171110004, 23.116593659080859 ] } },
{ "type": "Feature", "properties": { "工程（財產）名稱": "鄉道", "工程（財產）別名": "里佳村第一鄰及達邦村拉拉克斯道路改善工", "財產編號": "1110101-0008 00-0000017", "保管單位": "養護科", "入帳日期(購置日期)": "2012-02-08", "清查日期": "2012/12/18", "地籍": "嘉義縣阿里山鄉37號", "座標X(1)": 226681.0, "座標Y(1)": 2595908.0, "座標X(2)": null, "座標Y(2)": null, "有無貼牌": "--", "有無QRCode": "無", "說明": null, "保管人": "吳宗翰" }, "geometry": { "type": "Point", "coordinates": [ 120.771734082589234, 23.466029846090343 ] } },
{ "type": "Feature", "properties": { "工程（財產）名稱": "鄉道", "工程（財產）別名": "阿公店水庫集水區水土保持零星工程-尖山社", "財產編號": "1110101-0008 00-0000020", "保管單位": "阿管中心", "入帳日期(購置日期)": "2013-03-22", "清查日期": "2014/11/18", "地籍": "高雄市田寮區水蛙潭段419-13號", "座標X(1)": 187898.0, "座標Y(1)": 2524180.01, "座標X(2)": "187851.96", "座標Y(2)": "2524180.01", "有無貼牌": "--", "有無QRCode": "無", "說明": "介於419-12、419-13及381-211等地號間", "保管人": "陳煌祥" }, "geometry": { "type": "Point", "coordinates": [ 120.395018479753105, 22.817303723606525 ] } },
{ "type": "Feature", "properties": { "工程（財產）名稱": "鄉道", "工程（財產）別名": "里佳村第一鄰及達邦村拉拉克斯道路改善工", "財產編號": "1110101-0008 00-0000016", "保管單位": "養護科", "入帳日期(購置日期)": "2012-02-08", "清查日期": "2012/12/10", "地籍": "嘉義縣阿里山鄉里佳村烏茲娜段15號", "座標X(1)": 222993.0, "座標Y(1)": 2590098.0, "座標X(2)": null, "座標Y(2)": null, "有無貼牌": "--", "有無QRCode": "無", "說明": null, "保管人": "吳宗翰" }, "geometry": { "type": "Point", "coordinates": [ 120.735737468974634, 23.413507747050872 ] } },
{ "type": "Feature", "properties": { "工程（財產）名稱": "鄉道", "工程（財產）別名": "埤底巷路面改善-0.898", "財產編號": "1110101-0008 95-0000006", "保管單位": "阿管中心", "入帳日期(購置日期)": "2006-12-28", "清查日期": "2019/06/21", "地籍": "高雄市燕巢區尖山段739-10及同區千秋寮段181等2筆地號", "座標X(1)": 184503.0, "座標Y(1)": 2523677.0, "座標X(2)": "188833", "座標Y(2)": "2523677", "有無貼牌": "--", "有無QRCode": "無", "說明": null, "保管人": "陳煌祥" }, "geometry": { "type": "Point", "coordinates": [ 120.36196797050502, 22.812632377989196 ] } },
{ "type": "Feature", "properties": { "工程（財產）名稱": null, "工程（財產）別名": null, "財產編號": "1110101-0008 00-0000007", "保管單位": null, "入帳日期(購置日期)": null, "清查日期": "2024/12/16", "地籍": "溪埔段154~459號", "座標X(1)": 191567.0, "座標Y(1)": 2517155.0, "座標X(2)": null, "座標Y(2)": null, "有無貼牌": "找不到", "有無QRCode": "無", "說明": null, "保管人": "陳乙震" }, "geometry": { "type": "Point", "coordinates": [ 120.431022721823695, 22.753995807906353 ] } },
{ "type": "Feature", "properties": { "工程（財產）名稱": "鄉道", "工程（財產）別名": "特富野公墓道路水土", "財產編號": "1110101-0008 91-0000003", "保管單位": "曾管中心", "入帳日期(購置日期)": "2000-12-31", "清查日期": "2012/11/13", "地籍": "嘉義縣阿里山鄉特富野段337-5號", "座標X(1)": 225153.14, "座標Y(1)": 2595376.86, "座標X(2)": null, "座標Y(2)": null, "有無貼牌": "是", "有無QRCode": "無", "說明": "達邦部落上方", "保管人": "連偉成" }, "geometry": { "type": "Point", "coordinates": [ 120.756786997155686, 23.46121098172809 ] } },
{ "type": "Feature", "properties": { "工程（財產）名稱": "上承橋樑", "工程（財產）別名": "94曾文公共設施整建", "財產編號": "1110101-013A 95-0000003", "保管單位": "曾管中心", "入帳日期(購置日期)": "2006-04-28", "清查日期": "2012/11/23", "地籍": "台南市東山區下南勢段1136號", "座標X(1)": 198842.8, "座標Y(1)": 2569589.15, "座標X(2)": null, "座標Y(2)": null, "有無貼牌": "--", "有無QRCode": "無", "說明": "東口露營區", "保管人": "陳乙震" }, "geometry": { "type": "Point", "coordinates": [ 120.500127047298136, 23.22773395854092 ] } },
{ "type": "Feature", "properties": { "工程（財產）名稱": "上承橋樑", "工程（財產）別名": "南寮-上承橋樑", "財產編號": "1110101-013A 00-0000004", "保管單位": "曾管中心", "入帳日期(購置日期)": "2009-12-31", "清查日期": "2015/04/10", "地籍": "嘉義縣大埔鄉南寮段31號", "座標X(1)": 205616.66, "座標Y(1)": 2581844.89, "座標X(2)": null, "座標Y(2)": null, "有無貼牌": "--", "有無QRCode": "無", "說明": "位於南寮產業道路", "保管人": "陳乙震" }, "geometry": { "type": "Point", "coordinates": [ 120.565956370984424, 23.338601700050585 ] } },
{ "type": "Feature", "properties": { "工程（財產）名稱": "鄉道", "工程（財產）別名": "102年阿公店水庫集水區水土保持工程岡山區", "財產編號": "1110101-0008 00-0000022", "保管單位": "阿管中心", "入帳日期(購置日期)": "2014-02-12", "清查日期": "2014/09/23", "地籍": "高雄市岡山區陀子段2701號", "座標X(1)": 182227.285, "座標Y(1)": 2524401.66, "座標X(2)": "182225.75", "座標Y(2)": "2524401.66", "有無貼牌": "--", "有無QRCode": "無", "說明": null, "保管人": "陳煌祥" }, "geometry": { "type": "Point", "coordinates": [ 120.339768907523109, 22.819086033879277 ] } },
{ "type": "Feature", "properties": { "工程（財產）名稱": "箱涵", "工程（財產）別名": "94曾文道路改善-15m", "財產編號": "1110101-028A 95-0000037", "保管單位": "曾管中心", "入帳日期(購置日期)": "2006-08-30", "清查日期": "2012/11/16", "地籍": "台南市楠西區汪萊宅段10-4號", "座標X(1)": 197921.79, "座標Y(1)": 2566776.78, "座標X(2)": null, "座標Y(2)": null, "有無貼牌": "--", "有無QRCode": "無", "說明": "位於曾庫公路興北村入口處", "保管人": "周駿宏" }, "geometry": { "type": "Point", "coordinates": [ 120.491224032431319, 23.202309008007006 ] } },
{ "type": "Feature", "properties": { "工程（財產）名稱": "箱涵", "工程（財產）別名": "箱涵/109及110集水井附屬設施及SP量水堰改", "財產編號": "1110101-028A 00-0000508", "保管單位": "曾管中心", "入帳日期(購置日期)": "2019-09-15", "清查日期": "--", "地籍": "台南市東山區下南勢段950-1號", "座標X(1)": 201629.0, "座標Y(1)": 2571688.0, "座標X(2)": null, "座標Y(2)": null, "有無貼牌": "--", "有無QRCode": "無", "說明": null, "保管人": "周駿宏" }, "geometry": { "type": "Point", "coordinates": [ 120.527284381260685, 23.246771117387112 ] } },
{ "type": "Feature", "properties": { "工程（財產）名稱": "箱涵", "工程（財產）別名": "曾文草蘭溪處理工程", "財產編號": "1110101-028A 94-0000023", "保管單位": "曾管中心", "入帳日期(購置日期)": "2003-07-19", "清查日期": "2014/03/05", "地籍": "嘉義縣大埔鄉頂坪林段9號", "座標X(1)": 213314.27, "座標Y(1)": 2575291.75, "座標X(2)": null, "座標Y(2)": null, "有無貼牌": "--", "有無QRCode": "無", "說明": "位於草籣溪產業道路", "保管人": "陳乙震" }, "geometry": { "type": "Point", "coordinates": [ 120.641392037847183, 23.279616027634052 ] } },
{ "type": "Feature", "properties": { "工程（財產）名稱": "箱涵", "工程（財產）別名": "洲仔坑區護岸工程-箱涵", "財產編號": "1110101-028A 00-0000073", "保管單位": "阿管中心", "入帳日期(購置日期)": "2010-12-31", "清查日期": "2012/05/22", "地籍": "高雄市燕巢區燕北段746", "座標X(1)": 184302.0, "座標Y(1)": 2522108.0, "座標X(2)": null, "座標Y(2)": null, "有無貼牌": "--", "有無QRCode": "無", "說明": null, "保管人": "林堉介" }, "geometry": { "type": "Point", "coordinates": [ 120.360076210586598, 22.798455844189547 ] } },
{ "type": "Feature", "properties": { "工程（財產）名稱": "箱涵", "工程（財產）別名": "番路楠西區處理工程", "財產編號": "1110101-028A 95-0000041", "保管單位": "曾管中心", "入帳日期(購置日期)": "2006-12-29", "清查日期": "2014/02/18", "地籍": "台南市楠西區巖仔頂段41號", "座標X(1)": 201671.313, "座標Y(1)": 2558649.042, "座標X(2)": null, "座標Y(2)": null, "有無貼牌": "--", "有無QRCode": "無", "說明": "位於台南市楠西區龜丹里溫泉區", "保管人": "陳乙震" }, "geometry": { "type": "Point", "coordinates": [ 120.52811111264802, 23.129027779433176 ] } },
{ "type": "Feature", "properties": { "工程（財產）名稱": "箱涵", "工程（財產）別名": "小林村農路排水箱涵改善工程", "財產編號": "1110101-028A 00-0000066", "保管單位": "甲仙(堰區)", "入帳日期(購置日期)": "2010-08-03", "清查日期": "2022/05/24", "地籍": "高雄市甲仙區東阿里關段一小段3639號", "座標X(1)": 211695.33, "座標Y(1)": 2558063.21, "座標X(2)": "212113", "座標Y(2)": "2558507", "有無貼牌": "是", "有無QRCode": "無", "說明": "110年10月28日盤點找不到,原形地貌變了路盡頭都種滿粉薯無法過去!", "保管人": "洪瑞隆" }, "geometry": { "type": "Point", "coordinates": [ 120.62600003138229, 23.123999964736136 ] } },
{ "type": "Feature", "properties": { "工程（財產）名稱": "箱涵", "工程（財產）別名": "斗姥廟旁-箱涵", "財產編號": "1110101-028A 00-0000065", "保管單位": "阿管中心", "入帳日期(購置日期)": "2009-12-31", "清查日期": "2012/05/22", "地籍": "高市燕巢區尖山段952-2地號", "座標X(1)": 185599.0, "座標Y(1)": 2524991.0, "座標X(2)": null, "座標Y(2)": null, "有無貼牌": "--", "有無QRCode": "無", "說明": null, "保管人": "林堉介" }, "geometry": { "type": "Point", "coordinates": [ 120.372589681798203, 22.824540698593271 ] } },
{ "type": "Feature", "properties": { "工程（財產）名稱": "箱涵", "工程（財產）別名": "南寮區處理工程", "財產編號": "1110101-028A 94-0000024", "保管單位": "曾管中心", "入帳日期(購置日期)": "2003-12-18", "清查日期": "2012/11/13", "地籍": "嘉義縣大埔鄉南寮段16號", "座標X(1)": 206243.47, "座標Y(1)": 2583506.88, "座標X(2)": null, "座標Y(2)": null, "有無貼牌": "--", "有無QRCode": "無", "說明": "南寮謝文科住家下方", "保管人": "陳乙震" }, "geometry": { "type": "Point", "coordinates": [ 120.572037970723201, 23.353626481739255 ] } },
{ "type": "Feature", "properties": { "工程（財產）名稱": "箱涵", "工程（財產）別名": "第二段管箱涵", "財產編號": "1110101-028A 91-0000002", "保管單位": "曾管中心", "入帳日期(購置日期)": "1974-01-01", "清查日期": "2015/04/20", "地籍": "嘉義縣大埔鄉大埔段1484-22號", "座標X(1)": 202632.33, "座標Y(1)": 2569934.73, "座標X(2)": null, "座標Y(2)": null, "有無貼牌": "--", "有無QRCode": "無", "說明": "環湖道路", "保管人": "陳乙震" }, "geometry": { "type": "Point", "coordinates": [ 120.537143995450933, 23.230967993961723 ] } },
{ "type": "Feature", "properties": { "工程（財產）名稱": "箱涵", "工程（財產）別名": "曾文集水區水保工程-永興村箱涵", "財產編號": "1110101-028A 00-0000064", "保管單位": "曾管中心", "入帳日期(購置日期)": "2009-12-31", "清查日期": "2012/11/14", "地籍": "嘉義縣大埔鄉永興段97號", "座標X(1)": 208343.33, "座標Y(1)": 2581461.06, "座標X(2)": null, "座標Y(2)": null, "有無貼牌": "--", "有無QRCode": "無", "說明": "位於永樂村南寮產業道路", "保管人": "周駿宏" }, "geometry": { "type": "Point", "coordinates": [ 120.592631673952724, 23.335207294543451 ] } },
{ "type": "Feature", "properties": { "工程（財產）名稱": "箱涵", "工程（財產）別名": "新興橋上游崩坍地處理", "財產編號": "1110101-028A 00-0000055", "保管單位": "阿管中心", "入帳日期(購置日期)": "2008-12-31", "清查日期": "2014/08/26", "地籍": "高雄市田寮區牛稠埔段76-40", "座標X(1)": 185678.28, "座標Y(1)": 2525111.84, "座標X(2)": null, "座標Y(2)": null, "有無貼牌": "--", "有無QRCode": "無", "說明": null, "保管人": "林堉介" }, "geometry": { "type": "Point", "coordinates": [ 120.373357016714735, 22.825634970624883 ] } },
{ "type": "Feature", "properties": { "工程（財產）名稱": "鄉道", "工程（財產）別名": "高屏堰上游周邊環境委辦零星工程-0.195公里", "財產編號": "1110101-0008 00-0000011", "保管單位": "高屏溪攔河堰", "入帳日期(購置日期)": "2011-04-25", "清查日期": "2012/04/17", "地籍": "姑婆寮段366-7號", "座標X(1)": 191104.0, "座標Y(1)": 2512158.0, "座標X(2)": null, "座標Y(2)": null, "有無貼牌": "--", "有無QRCode": "無", "說明": null, "保管人": "沈文忠" }, "geometry": { "type": "Point", "coordinates": [ 120.426702671069663, 22.708853840314379 ] } },
{ "type": "Feature", "properties": { "工程（財產）名稱": "鄉道", "工程（財產）別名": "混凝土鄉道-110M", "財產編號": "1110101-0008 00-0000009", "保管單位": "曾管中心", "入帳日期(購置日期)": "2009-12-31", "清查日期": "2012/11/09", "地籍": "台南市東山區下南勢段946-3號", "座標X(1)": 201922.22, "座標Y(1)": 2572275.83, "座標X(2)": null, "座標Y(2)": null, "有無貼牌": "--", "有無QRCode": "無", "說明": "鄉道-混凝土鄉道-110M", "保管人": "黃政達" }, "geometry": { "type": "Point", "coordinates": [ 120.530131263466529, 23.252087904696612 ] } },
{ "type": "Feature", "properties": { "工程（財產）名稱": "鄉道", "工程（財產）別名": "100年度曾文水庫湖域保護帶治理工程(第二)", "財產編號": "1110101-0008 00-0000018", "保管單位": "曾管中心", "入帳日期(購置日期)": "2012-08-31", "清查日期": "2012/10/19", "地籍": "台南市東山區下南勢段946-2", "座標X(1)": 201814.0, "座標Y(1)": 2572452.0, "座標X(2)": null, "座標Y(2)": null, "有無貼牌": "--", "有無QRCode": "無", "說明": "混凝土道路", "保管人": "周駿宏" }, "geometry": { "type": "Point", "coordinates": [ 120.529068059864898, 23.253675577207698 ] } },
{ "type": "Feature", "properties": { "工程（財產）名稱": "明渠", "工程（財產）別名": "明渠/101年東源區水庫周邊零星工程", "財產編號": "1110101-029C 00-0000543", "保管單位": "養護科", "入帳日期(購置日期)": "2013-01-15", "清查日期": "2020/09/23", "地籍": "起:東源段206號迄:東源段217號", "座標X(1)": 235235.0, "座標Y(1)": 2456412.0, "座標X(2)": "235263", "座標Y(2)": "2456412", "有無貼牌": "--", "有無QRCode": "無", "說明": null, "保管人": "吳宗翰" }, "geometry": { "type": "Point", "coordinates": [ 120.856792097777074, 22.20635662522329 ] } },
{ "type": "Feature", "properties": { "工程（財產）名稱": "明渠", "工程（財產）別名": "明渠/106甲仙攔河堰聯外道路邊坡水土保持工", "財產編號": "1110101-029C 00-0000532", "保管單位": "甲仙攔河堰管理中心", "入帳日期(購置日期)": "2019-02-26", "清查日期": "2021/06/24", "地籍": "高雄市甲仙區公館段1-1、58-1、60-1、59-1、67-1、68-1、72-1、69及1-4地號", "座標X(1)": 207386.0, "座標Y(1)": 2553494.0, "座標X(2)": "207341", "座標Y(2)": "2553460", "有無貼牌": "是", "有無QRCode": "無", "說明": null, "保管人": "籃駿鞍" }, "geometry": { "type": "Point", "coordinates": [ 120.584052399912608, 23.082632891475399 ] } },
{ "type": "Feature", "properties": { "工程（財產）名稱": "明渠", "工程（財產）別名": "水溝", "財產編號": "1110101-029C 00-0000446", "保管單位": "高屏溪攔河堰", "入帳日期(購置日期)": "2016-05-24", "清查日期": "2024/06/25", "地籍": "興田段675地號等", "座標X(1)": 193298.0, "座標Y(1)": 2515493.0, "座標X(2)": "193311", "座標Y(2)": "2515576", "有無貼牌": "是", "有無QRCode": "無", "說明": "零星工程", "保管人": "沈文忠" }, "geometry": { "type": "Point", "coordinates": [ 120.447937597820541, 22.739046098496733 ] } },
{ "type": "Feature", "properties": { "工程（財產）名稱": "明渠", "工程（財產）別名": "水溝", "財產編號": "1110101-029C 00-0000445", "保管單位": "高屏溪攔河堰", "入帳日期(購置日期)": "2016-05-24", "清查日期": "2024/06/25", "地籍": "大庄段34-1地號等", "座標X(1)": 192665.0, "座標Y(1)": 2512052.0, "座標X(2)": "192574", "座標Y(2)": "2512025", "有無貼牌": "是", "有無QRCode": "無", "說明": "零星工程", "保管人": "沈文忠" }, "geometry": { "type": "Point", "coordinates": [ 120.441900860025626, 22.707950325797409 ] } },
{ "type": "Feature", "properties": { "工程（財產）名稱": "明渠", "工程（財產）別名": "明渠/108阿公店水庫邊緣設施崩塌地處理工程", "財產編號": "1110101-029C 00-0000554", "保管單位": "阿管中心", "入帳日期(購置日期)": "2020-09-15", "清查日期": "2020/09/15", "地籍": "田寮區水蛙潭段323-201及323-223地號(本局)", "座標X(1)": 187964.0, "座標Y(1)": 2524833.0, "座標X(2)": "187971", "座標Y(2)": "2524833", "有無貼牌": "是", "有無QRCode": "無", "說明": null, "保管人": "陳煌祥" }, "geometry": { "type": "Point", "coordinates": [ 120.395635383171921, 22.823202947479817 ] } },
{ "type": "Feature", "properties": { "工程（財產）名稱": "明渠", "工程（財產）別名": "明渠/109甲仙攔河堰蓄水範圍排水零星工程", "財產編號": "1110101-029C 00-0000557", "保管單位": "甲仙攔河堰管理中心", "入帳日期(購置日期)": "2020-12-08", "清查日期": "2021/10/07", "地籍": "東阿里關段328-7地號(國產署220平方公尺)", "座標X(1)": 209172.592, "座標Y(1)": 2555734.668, "座標X(2)": "209161", "座標Y(2)": "2555728", "有無貼牌": "是", "有無QRCode": "無", "說明": "109年度甲仙攔河堰蓄水範圍週 邊排水零星工程─排水改善工程 新設明渠(三面工)，長度13.3公尺。", "保管人": "洪瑞隆" }, "geometry": { "type": "Point", "coordinates": [ 120.601430997959298, 23.102912003476646 ] } },
{ "type": "Feature", "properties": { "工程（財產）名稱": "明渠", "工程（財產）別名": "明渠/104曾文水庫改善工程楠西區第二期", "財產編號": "1110101-029C 00-0000551", "保管單位": "曾管中心", "入帳日期(購置日期)": "2015-12-30", "清查日期": "2020/12/09", "地籍": "台南市楠西區密枝段644號", "座標X(1)": 200400.78, "座標Y(1)": 2568643.14, "座標X(2)": null, "座標Y(2)": null, "有無貼牌": "--", "有無QRCode": "無", "說明": "楠西區密枝鹽水掘", "保管人": "周駿宏" }, "geometry": { "type": "Point", "coordinates": [ 120.515380957725412, 23.21923901205 ] } },
{ "type": "Feature", "properties": { "工程（財產）名稱": "明渠", "工程（財產）別名": "明渠/111高屏溪攔河堰上游週邊環境委辦零星", "財產編號": "1110101-029C 00-0000580", "保管單位": "高屏溪攔河堰", "入帳日期(購置日期)": "2023-01-12", "清查日期": "--", "地籍": "興田段977,979地號等2筆土地", "座標X(1)": 193065.0, "座標Y(1)": 2514983.0, "座標X(2)": "193066", "座標Y(2)": "2515074", "有無貼牌": "--", "有無QRCode": "無", "說明": null, "保管人": "沈文忠" }, "geometry": { "type": "Point", "coordinates": [ 120.445687709930525, 22.734432634004619 ] } },
{ "type": "Feature", "properties": { "工程（財產）名稱": "明渠", "工程（財產）別名": "明渠/110大樹公所代辦零星工程", "財產編號": "1110101-029C 00-0000572", "保管單位": "高屏溪攔河堰", "入帳日期(購置日期)": "2022-01-12", "清查日期": "--", "地籍": "大庄段363地號等1筆土地", "座標X(1)": 192484.0, "座標Y(1)": 2511067.0, "座標X(2)": "192469", "座標Y(2)": "2511040", "有無貼牌": "--", "有無QRCode": "無", "說明": null, "保管人": "沈文忠" }, "geometry": { "type": "Point", "coordinates": [ 120.440175227489775, 22.699048989318769 ] } },
{ "type": "Feature", "properties": { "工程（財產）名稱": "明渠", "工程（財產）別名": "明渠/110阿公店水庫週邊零星工程", "財產編號": "1110101-029C 00-0000574", "保管單位": "阿管中心", "入帳日期(購置日期)": "2022-01-26", "清查日期": "2022/12/07", "地籍": "田寮區水蛙潭段381-166、牛稠埔段500-68地號", "座標X(1)": 186851.0, "座標Y(1)": 2524387.0, "座標X(2)": "187132", "座標Y(2)": "2524586", "有無貼牌": "是", "有無QRCode": "無", "說明": "X187132 Y2524587", "保管人": "陳煌祥" }, "geometry": { "type": "Point", "coordinates": [ 120.384810931031794, 22.819133887839648 ] } },
{ "type": "Feature", "properties": { "工程（財產）名稱": "順霸", "工程（財產）別名": "石籠護岸-旺來溪", "財產編號": "2020406-002C 00-0000004", "保管單位": "阿管中心", "入帳日期(購置日期)": "2004-05-25", "清查日期": "--", "地籍": null, "座標X(1)": 185749.0, "座標Y(1)": 2525025.0, "座標X(2)": null, "座標Y(2)": null, "有無貼牌": "--", "有無QRCode": "無", "說明": null, "保管人": "呂元鈞" }, "geometry": { "type": "Point", "coordinates": [ 120.374049547553909, 22.824853479388707 ] } },
{ "type": "Feature", "properties": { "工程（財產）名稱": "順霸", "工程（財產）別名": "石籠護岸-濁水溪", "財產編號": "2020406-002C 00-0000005", "保管單位": "阿管中心", "入帳日期(購置日期)": "2004-08-15", "清查日期": "2015/03/31", "地籍": null, "座標X(1)": 184574.0, "座標Y(1)": 2522429.0, "座標X(2)": null, "座標Y(2)": null, "有無貼牌": "--", "有無QRCode": "無", "說明": null, "保管人": "呂元鈞" }, "geometry": { "type": "Point", "coordinates": [ 120.362711992181417, 22.801365212178833 ] } },
{ "type": "Feature", "properties": { "工程（財產）名稱": "明渠", "工程（財產）別名": "曾文巴沙那區處理工程", "財產編號": "1110101-029C 94-0000014", "保管單位": "曾管中心", "入帳日期(購置日期)": "2005-12-30", "清查日期": "2024/01/24", "地籍": "嘉義縣阿里山鄉多陽段148號", "座標X(1)": 225415.54, "座標Y(1)": 2587101.8, "座標X(2)": "225389.57", "座標Y(2)": "2587101.8", "有無貼牌": "找不到", "有無QRCode": "無", "說明": null, "保管人": "連偉成" }, "geometry": { "type": "Point", "coordinates": [ 120.759490642059532, 23.38648976291914 ] } },
{ "type": "Feature", "properties": { "工程（財產）名稱": "排樁透水壩", "工程（財產）別名": "高屏堰堰前第二導分流工程混凝土排樁透水壩", "財產編號": "2020406-003C 00-0000011", "保管單位": "高屏溪攔河堰", "入帳日期(購置日期)": "2012-02-16", "清查日期": "2022/08/19", "地籍": "位高市大樹區大樹保安段1-3號,財產牌貼於辧公室牆避上(河川公地,無地籍資料)", "座標X(1)": 193119.0, "座標Y(1)": 2510479.0, "座標X(2)": "192082", "座標Y(2)": "2509849", "有無貼牌": "是", "有無QRCode": "無", "說明": "因無法前往,故將財產牌貼於辧公室左岸牆壁上", "保管人": "許子晏" }, "geometry": { "type": "Point", "coordinates": [ 120.446377034835379, 22.693760465615153 ] } },
{ "type": "Feature", "properties": { "工程（財產）名稱": "人行步道", "工程（財產）別名": "新興下店頭條崙人行步道-40M", "財產編號": "1110101-0012 00-0000013", "保管單位": "阿管中心", "入帳日期(購置日期)": "2010-12-21", "清查日期": "2014/08/26", "地籍": "高雄市田寮區牛稠埔段245-4號", "座標X(1)": 184456.13, "座標Y(1)": 2526180.93, "座標X(2)": null, "座標Y(2)": null, "有無貼牌": "--", "有無QRCode": "無", "說明": null, "保管人": "林堉介" }, "geometry": { "type": "Point", "coordinates": [ 120.36140595913011, 22.835241972731971 ] } },
{ "type": "Feature", "properties": { "工程（財產）名稱": "人行步道", "工程（財產）別名": "排洪道西側綠美化工程-0.094公里", "財產編號": "1110101-0012 00-0000015", "保管單位": "阿管中心", "入帳日期(購置日期)": "2010-12-31", "清查日期": "2022/08/31", "地籍": "高雄市田寮區大崗山段128號,另貼牌處為同市區牛稠埔段253-11號", "座標X(1)": 183360.0, "座標Y(1)": 2526818.0, "座標X(2)": "184204", "座標Y(2)": "2526608", "有無貼牌": "是", "有無QRCode": "無", "說明": null, "保管人": "陳煌祥" }, "geometry": { "type": "Point", "coordinates": [ 120.350699585686769, 22.840951755820853 ] } },
{ "type": "Feature", "properties": { "工程（財產）名稱": "人行步道", "工程（財產）別名": "高屏堰週邊及辦公廳舍園區綠美化工程", "財產編號": "1110101-0012 00-0000019", "保管單位": "高屏溪攔河堰", "入帳日期(購置日期)": "2011-11-23", "清查日期": "2022/08/26", "地籍": "位高雄市大樹區河川公地上,無地籍資料", "座標X(1)": 192005.0, "座標Y(1)": 2509825.0, "座標X(2)": "192121", "座標Y(2)": "2509936", "有無貼牌": "是", "有無QRCode": "無", "說明": null, "保管人": "蔡易龍" }, "geometry": { "type": "Point", "coordinates": [ 120.43555905970851, 22.68781655114125 ] } },
{ "type": "Feature", "properties": { "工程（財產）名稱": "人行步道", "工程（財產）別名": "曾文風景區四期工程", "財產編號": "1110101-0012 93-0000007", "保管單位": "曾管中心", "入帳日期(購置日期)": "2004-09-30", "清查日期": "2015/06/26", "地籍": "台南市楠西區密枝段98-9號", "座標X(1)": 198910.58, "座標Y(1)": 2569331.12, "座標X(2)": null, "座標Y(2)": null, "有無貼牌": "--", "有無QRCode": "無", "說明": "曾庫公路三號橋至辦公廳入口", "保管人": "周駿宏" }, "geometry": { "type": "Point", "coordinates": [ 120.500797990526181, 23.225406017888105 ] } },
{ "type": "Feature", "properties": { "工程（財產）名稱": "人行步道", "工程（財產）別名": "排洪道人行步道-0.22", "財產編號": "1110101-0012 00-0000011", "保管單位": "阿管中心", "入帳日期(購置日期)": "2009-12-31", "清查日期": "2022/08/31", "地籍": "高雄市田寮區大崗山段128號及貼牌處為同市區牛稠埔段219-1號", "座標X(1)": 183371.0, "座標Y(1)": 2526756.0, "座標X(2)": "184265", "座標Y(2)": "2526639", "有無貼牌": "是", "有無QRCode": "無", "說明": null, "保管人": "陳煌祥" }, "geometry": { "type": "Point", "coordinates": [ 120.350809414701118, 22.840392311968127 ] } },
{ "type": "Feature", "properties": { "工程（財產）名稱": "人行步道", "工程（財產）別名": "左山脊逕流截流及截水", "財產編號": "1110101-0012 91-0000005", "保管單位": "曾管中心", "入帳日期(購置日期)": "2002-10-31", "清查日期": "2012/11/08", "地籍": "曾文溪河道", "座標X(1)": 202550.11, "座標Y(1)": 2571621.78, "座標X(2)": null, "座標Y(2)": null, "有無貼牌": "--", "有無QRCode": "無", "說明": "嘉義縣大埔鄉柳藤潭段53-12號", "保管人": "黃政達" }, "geometry": { "type": "Point", "coordinates": [ 120.536287956444355, 23.246199968919708 ] } },
{ "type": "Feature", "properties": { "工程（財產）名稱": "人行步道", "工程（財產）別名": "高屏堰週邊及辦公廳舍園區綠美化工程", "財產編號": "1110101-0012 00-0000018", "保管單位": "高屏溪攔河堰", "入帳日期(購置日期)": "2011-11-23", "清查日期": "2012/04/20", "地籍": null, "座標X(1)": 192005.0, "座標Y(1)": 2509825.0, "座標X(2)": null, "座標Y(2)": null, "有無貼牌": "是", "有無QRCode": "無", "說明": null, "保管人": "蔡易龍" }, "geometry": { "type": "Point", "coordinates": [ 120.43555905970851, 22.68781655114125 ] } },
{ "type": "Feature", "properties": { "工程（財產）名稱": "人行步道", "工程（財產）別名": "104年度曾文水庫公共設施工程", "財產編號": "1110101-0012 00-0000024", "保管單位": "曾管中心", "入帳日期(購置日期)": "2017-04-24", "清查日期": "--", "地籍": "台南市東山區下南勢段1135(公)", "座標X(1)": 198560.0, "座標Y(1)": 2569371.0, "座標X(2)": null, "座標Y(2)": null, "有無貼牌": "--", "有無QRCode": "無", "說明": null, "保管人": "黃冠璋" }, "geometry": { "type": "Point", "coordinates": [ 120.497371176903059, 23.225755224685997 ] } },
{ "type": "Feature", "properties": { "工程（財產）名稱": "人行步道", "工程（財產）別名": "木棧道", "財產編號": "1110101-0012 00-0000023", "保管單位": "曾管中心", "入帳日期(購置日期)": "2016-05-19", "清查日期": "--", "地籍": "台南市楠西區密枝段102-43", "座標X(1)": 198774.0, "座標Y(1)": 2568809.0, "座標X(2)": null, "座標Y(2)": null, "有無貼牌": "--", "有無QRCode": "無", "說明": null, "保管人": "黃冠璋" }, "geometry": { "type": "Point", "coordinates": [ 120.499481060429616, 23.220686960192115 ] } },
{ "type": "Feature", "properties": { "工程（財產）名稱": null, "工程（財產）別名": null, "財產編號": "1110101-0027 00-0000001", "保管單位": null, "入帳日期(購置日期)": null, "清查日期": "--", "地籍": "大埔段1484-54", "座標X(1)": 201692.73, "座標Y(1)": 2571353.97, "座標X(2)": null, "座標Y(2)": null, "有無貼牌": "--", "有無QRCode": "無", "說明": "襯砌隧道-曾文水庫防淤隧道(含豎井、隧道進水口漸變段、邊坡保護工、鋼襯護、消能池、出水口、邊坡保護及出水工、應力計及應變計)", "保管人": "曾炫學" }, "geometry": { "type": "Point", "coordinates": [ 120.527917794661292, 23.243756649802883 ] } },
{ "type": "Feature", "properties": { "工程（財產）名稱": "明渠", "工程（財產）別名": "明渠/112年阿公水庫水土保持零星工程", "財產編號": "1110101-029C 00-0000583", "保管單位": "阿管中心", "入帳日期(購置日期)": "2023-07-26", "清查日期": "--", "地籍": "高雄市燕巢區援巢中段0079-0006號", "座標X(1)": 186197.964, "座標Y(1)": 2521907.25, "座標X(2)": null, "座標Y(2)": null, "有無貼牌": "是", "有無QRCode": "無", "說明": "燕巢區公所代辦112年阿公店水庫集水區水土保持零星工程,依阿管中心林堉介工程司112年8月17日1123102588號簽陳辦理", "保管人": "林堉介" }, "geometry": { "type": "Point", "coordinates": [ 120.378550998156612, 22.796716016452518 ] } },
{ "type": "Feature", "properties": { "工程（財產）名稱": "順霸", "工程（財產）別名": "箱型石籠防砂壩", "財產編號": "2020406-002C 92-0000001", "保管單位": "曾管中心", "入帳日期(購置日期)": "2003-12-30", "清查日期": "2016/05/26", "地籍": "嘉義縣大埔鄉柳藤潭44-5號", "座標X(1)": 202146.0, "座標Y(1)": 2571779.0, "座標X(2)": null, "座標Y(2)": null, "有無貼牌": "--", "有無QRCode": "無", "說明": null, "保管人": "陳乙震" }, "geometry": { "type": "Point", "coordinates": [ 120.532333874881786, 23.24760798301909 ] } },
{ "type": "Feature", "properties": { "工程（財產）名稱": "明渠", "工程（財產）別名": "明渠/101曾文水庫週邊零星工程", "財產編號": "1110101-029C 00-0000546", "保管單位": "養護科", "入帳日期(購置日期)": "2013-01-08", "清查日期": "2020/09/23", "地籍": "山美段22號", "座標X(1)": 215042.0, "座標Y(1)": 2589258.0, "座標X(2)": null, "座標Y(2)": null, "有無貼牌": "--", "有無QRCode": "無", "說明": null, "保管人": "吳宗翰" }, "geometry": { "type": "Point", "coordinates": [ 120.657957664812557, 23.405771499287745 ] } },
{ "type": "Feature", "properties": { "工程（財產）名稱": "明渠", "工程（財產）別名": "牡丹村東源段1000號野溪整治工程", "財產編號": "1110101-029C 00-0000095", "保管單位": "牡管中心", "入帳日期(購置日期)": "2012-02-17", "清查日期": "2012/12/07", "地籍": "屏東縣牡丹鄉東源段9500-1401", "座標X(1)": 234240.0, "座標Y(1)": 2453688.0, "座標X(2)": null, "座標Y(2)": null, "有無貼牌": "--", "有無QRCode": "無", "說明": null, "保管人": "周百欽" }, "geometry": { "type": "Point", "coordinates": [ 120.847168093530257, 22.181745742975803 ] } },
{ "type": "Feature", "properties": { "工程（財產）名稱": "明渠", "工程（財產）別名": "集水區水土保持壩區處", "財產編號": "1110101-029C 91-0000001", "保管單位": "曾管中心", "入帳日期(購置日期)": "1999-06-30", "清查日期": "2024/01/25", "地籍": "台南市東山區下南勢段1136號", "座標X(1)": 199003.77, "座標Y(1)": 2569795.35, "座標X(2)": "199002", "座標Y(2)": "2569800", "有無貼牌": "是", "有無QRCode": "無", "說明": "東口露營區", "保管人": "周駿宏" }, "geometry": { "type": "Point", "coordinates": [ 120.501692978076733, 23.229600965525556 ] } },
{ "type": "Feature", "properties": { "工程（財產）名稱": "護坡", "工程（財產）別名": "/護坡103年甲仙攔河堰水土保持工程", "財產編號": "1110102-003E 00-0000399", "保管單位": "甲仙攔河堰管理中心", "入帳日期(購置日期)": "2015-06-01", "清查日期": "2021/09/27", "地籍": "台南市南化區西大丘園段242-2地號", "座標X(1)": 204584.0, "座標Y(1)": 2553830.0, "座標X(2)": "204473", "座標Y(2)": "2553812", "有無貼牌": "是", "有無QRCode": "無", "說明": null, "保管人": "洪瑞隆" }, "geometry": { "type": "Point", "coordinates": [ 120.556693244871369, 23.085592708612108 ] } },
{ "type": "Feature", "properties": { "工程（財產）名稱": "護坡", "工程（財產）別名": "103年曾文水庫週邊零星工程", "財產編號": "1110102-003E 00-0000392", "保管單位": "養護科", "入帳日期(購置日期)": "2014-12-26", "清查日期": "--", "地籍": null, "座標X(1)": 205861.0, "座標Y(1)": 2569587.0, "座標X(2)": null, "座標Y(2)": null, "有無貼牌": "--", "有無QRCode": "無", "說明": null, "保管人": "吳宗翰" }, "geometry": { "type": "Point", "coordinates": [ 120.568702507764783, 23.227917654098018 ] } },
{ "type": "Feature", "properties": { "工程（財產）名稱": "護坡", "工程（財產）別名": "103年曾文水庫週邊零星工程", "財產編號": "1110102-003E 00-0000398", "保管單位": "養護科", "入帳日期(購置日期)": "2014-12-26", "清查日期": "--", "地籍": null, "座標X(1)": 209865.0, "座標Y(1)": 2579082.0, "座標X(2)": null, "座標Y(2)": null, "有無貼牌": "--", "有無QRCode": "無", "說明": null, "保管人": "吳宗翰" }, "geometry": { "type": "Point", "coordinates": [ 120.607575183651264, 23.313762013042464 ] } },
{ "type": "Feature", "properties": { "工程（財產）名稱": "護坡", "工程（財產）別名": "平實三號橋石籠-178M3", "財產編號": "1110102-003E 00-0000010", "保管單位": "牡管中心", "入帳日期(購置日期)": "2010-04-27", "清查日期": "2019/10/21", "地籍": "屏東縣牡丹鄉牡丹段9500-1605號", "座標X(1)": 231628.0, "座標Y(1)": 2449709.0, "座標X(2)": null, "座標Y(2)": null, "有無貼牌": "--", "有無QRCode": "無", "說明": "石籠護坡,被埋在地底下,體積178立方公尺", "保管人": "周百欽" }, "geometry": { "type": "Point", "coordinates": [ 120.821883678494757, 22.145783150878522 ] } },
{ "type": "Feature", "properties": { "工程（財產）名稱": "護坡", "工程（財產）別名": "壩區崩塌一期-1894M2", "財產編號": "1110102-003E 00-0000005", "保管單位": "曾管中心", "入帳日期(購置日期)": "2009-12-31", "清查日期": "2012/11/14", "地籍": "台南市東山區下南勢段1132號", "座標X(1)": 198956.42, "座標Y(1)": 2569893.08, "座標X(2)": null, "座標Y(2)": null, "有無貼牌": "--", "有無QRCode": "無", "說明": "東山區下南勢段1132號", "保管人": "黃政達" }, "geometry": { "type": "Point", "coordinates": [ 120.501227034654761, 23.230482012695671 ] } },
{ "type": "Feature", "properties": { "工程（財產）名稱": "護坡", "工程（財產）別名": "佳佳南石籠護坡-100m3", "財產編號": "1110102-003E 00-0000009", "保管單位": "牡管中心", "入帳日期(購置日期)": "2010-04-27", "清查日期": "2019/10/07", "地籍": "屏東縣牡丹鄉牡丹段935號", "座標X(1)": 229590.0, "座標Y(1)": 2448669.0, "座標X(2)": null, "座標Y(2)": null, "有無貼牌": "--", "有無QRCode": "無", "說明": null, "保管人": "周百欽" }, "geometry": { "type": "Point", "coordinates": [ 120.802138501287658, 22.136367471015021 ] } },
{ "type": "Feature", "properties": { "工程（財產）名稱": "護坡", "工程（財產）別名": "上牡丹石籠護坡-75M3", "財產編號": "1110102-003E 00-0000012", "保管單位": "牡管中心", "入帳日期(購置日期)": "2010-04-27", "清查日期": "2019/10/21", "地籍": "屏東縣牡丹鄉上牡丹東源段未登陸地(國有地)", "座標X(1)": 233998.0, "座標Y(1)": 2453649.0, "座標X(2)": "234006", "座標Y(2)": "2453649", "有無貼牌": "--", "有無QRCode": "無", "說明": "石籠護坡的部份,體積共75立方公尺", "保管人": "周百欽" }, "geometry": { "type": "Point", "coordinates": [ 120.844821702434601, 22.181391291646531 ] } },
{ "type": "Feature", "properties": { "工程（財產）名稱": "護坡", "工程（財產）別名": "壩區崩塌一期-1265m2", "財產編號": "1110102-003E 00-0000006", "保管單位": "曾管中心", "入帳日期(購置日期)": "2009-12-31", "清查日期": "2012/11/09", "地籍": "東山區下南勢段948號", "座標X(1)": 202438.35, "座標Y(1)": 2570855.71, "座標X(2)": null, "座標Y(2)": null, "有無貼牌": "--", "有無QRCode": "無", "說明": "東山區下南勢段948號", "保管人": "黃政達" }, "geometry": { "type": "Point", "coordinates": [ 120.535219756620336, 23.239279006227527 ] } },
{ "type": "Feature", "properties": { "工程（財產）名稱": "護坡", "工程（財產）別名": "通達道路5K+450-2340", "財產編號": "1110102-003E 00-0000004", "保管單位": "牡管中心", "入帳日期(購置日期)": "2008-12-31", "清查日期": "2019/10/21", "地籍": "屏東縣牡丹鄉段706號", "座標X(1)": 220906.3, "座標Y(1)": 2451209.0, "座標X(2)": "227255", "座標Y(2)": "2451209", "有無貼牌": "--", "有無QRCode": "無", "說明": null, "保管人": "周百欽" }, "geometry": { "type": "Point", "coordinates": [ 120.717910712664477, 22.159183929174667 ] } },
{ "type": "Feature", "properties": { "工程（財產）名稱": "明渠", "工程（財產）別名": "阿公店烏山排水整流", "財產編號": "1110101-029C 00-0000034", "保管單位": "阿管中心", "入帳日期(購置日期)": "2001-10-26", "清查日期": "2014/08/27", "地籍": "高雄市燕巢區千秋寮段296號", "座標X(1)": 188619.74, "座標Y(1)": 2523094.32, "座標X(2)": null, "座標Y(2)": null, "有無貼牌": "--", "有無QRCode": "無", "說明": null, "保管人": "李冠緯" }, "geometry": { "type": "Point", "coordinates": [ 120.402091978627041, 22.807525981582089 ] } },
{ "type": "Feature", "properties": { "工程（財產）名稱": "涼亭", "工程（財產）別名": "涼亭(高屏堰上游傍河取用伏流水工程)", "財產編號": "2020202-005B 00-0000013", "保管單位": "高屏溪攔河堰", "入帳日期(購置日期)": "2019-01-18", "清查日期": "2022/08/26", "地籍": "高雄市大樹區高屏溪河川地籍圖第179號", "座標X(1)": 193438.0, "座標Y(1)": 2511401.0, "座標X(2)": "191922", "座標Y(2)": "2509750", "有無貼牌": "是", "有無QRCode": "無", "說明": "因須在涼亭所在地建造加高電塔,故先拆回,木質材料放置高屏堰堰區內", "保管人": "沈文忠" }, "geometry": { "type": "Point", "coordinates": [ 120.449448479095949, 22.702097443957395 ] } },
{ "type": "Feature", "properties": { "工程（財產）名稱": "涼亭", "工程（財產）別名": "涼亭(高屏堰上游傍河取用伏流水工程)", "財產編號": "2020202-005B 00-0000012", "保管單位": "高屏溪攔河堰", "入帳日期(購置日期)": "2019-01-18", "清查日期": "2025/02/27", "地籍": "高雄市大樹區高屏溪河川地籍圖第195號", "座標X(1)": 193791.0, "座標Y(1)": 2512397.0, "座標X(2)": "193792", "座標Y(2)": "2512401", "有無貼牌": "是", "有無QRCode": "有", "說明": null, "保管人": "沈文忠" }, "geometry": { "type": "Point", "coordinates": [ 120.452848579849729, 22.711103762613309 ] } },
{ "type": "Feature", "properties": { "工程（財產）名稱": "涼亭", "工程（財產）別名": "涼亭(曾文水庫人工濕地水質改善設施工程)", "財產編號": "2020202-005B 00-0000011", "保管單位": "曾管中心", "入帳日期(購置日期)": "2018-07-18", "清查日期": "2022/10/25", "地籍": "台南市楠西區密枝段102-63號", "座標X(1)": 198565.0, "座標Y(1)": 2568472.0, "座標X(2)": "198573", "座標Y(2)": "2568482", "有無貼牌": "是", "有無QRCode": "無", "說明": "密植區一及密植區二中間", "保管人": "楊振瑞" }, "geometry": { "type": "Point", "coordinates": [ 120.497450410493428, 23.217637290192215 ] } },
{ "type": "Feature", "properties": { "工程（財產）名稱": "涼亭", "工程（財產）別名": "大埔涼亭", "財產編號": "2020202-005B 91-0000002", "保管單位": "曾管中心", "入帳日期(購置日期)": "1975-06-01", "清查日期": "2022/10/13", "地籍": "嘉義縣大埔鄉大埔段2168號", "座標X(1)": 203360.8, "座標Y(1)": 2571178.69, "座標X(2)": "203335", "座標Y(2)": "2571181", "有無貼牌": "是", "有無QRCode": "無", "說明": "位於參觀台附近", "保管人": "王昭文" }, "geometry": { "type": "Point", "coordinates": [ 120.544223959366192, 23.242221975809102 ] } },
{ "type": "Feature", "properties": { "工程（財產）名稱": "涼亭", "工程（財產）別名": "高屏堰上游傍河取用伏流水模場工程", "財產編號": "2020202-005B 00-0000010", "保管單位": "高屏溪攔河堰", "入帳日期(購置日期)": "2015-08-07", "清查日期": "2025/02/27", "地籍": "位河川公地上,無地籍資料", "座標X(1)": 192554.0, "座標Y(1)": 2510368.0, "座標X(2)": "192541", "座標Y(2)": "2510354", "有無貼牌": "是", "有無QRCode": "有", "說明": null, "保管人": "吳政彥" }, "geometry": { "type": "Point", "coordinates": [ 120.440882155642797, 22.692738947357313 ] } },
{ "type": "Feature", "properties": { "工程（財產）名稱": "涼亭", "工程（財產）別名": "楠西涼棚", "財產編號": "2020202-005B 91-0000004", "保管單位": "曾管中心", "入帳日期(購置日期)": "1977-06-01", "清查日期": "2022/08/02", "地籍": "台南市楠西區楠西段65-7及65-6號", "座標X(1)": 197715.82, "座標Y(1)": 2564528.15, "座標X(2)": "197715", "座標Y(2)": "2564523", "有無貼牌": "是", "有無QRCode": "無", "說明": "位於楠西宿舍入口處", "保管人": "王昭文" }, "geometry": { "type": "Point", "coordinates": [ 120.48928899246873, 23.18199700680637 ] } },
{ "type": "Feature", "properties": { "工程（財產）名稱": "涼亭", "工程（財產）別名": "涼亭", "財產編號": "2020202-005B 00-0000006", "保管單位": "阿管中心", "入帳日期(購置日期)": "2009-12-31", "清查日期": "2022/08/31", "地籍": "位高市田寮區牛稠埔段253-123號地上", "座標X(1)": 184209.0, "座標Y(1)": 2526519.0, "座標X(2)": null, "座標Y(2)": null, "有無貼牌": "是", "有無QRCode": "無", "說明": null, "保管人": "陳煌祥" }, "geometry": { "type": "Point", "coordinates": [ 120.358983985036303, 22.838285193203845 ] } },
{ "type": "Feature", "properties": { "工程（財產）名稱": "涼亭", "工程（財產）別名": "涼亭", "財產編號": "2020202-005B 00-0000005", "保管單位": "阿管中心", "入帳日期(購置日期)": "2005-12-07", "清查日期": "2022/07/08", "地籍": "岡山區 子段53-3號及菜寮段182號", "座標X(1)": 182567.482, "座標Y(1)": 2523685.894, "座標X(2)": "182577", "座標Y(2)": "2523676", "有無貼牌": "是", "有無QRCode": "無", "說明": null, "保管人": "林堉介" }, "geometry": { "type": "Point", "coordinates": [ 120.343113884134013, 22.812636111847748 ] } },
{ "type": "Feature", "properties": { "工程（財產）名稱": "獨立走廊", "工程（財產）別名": "95曾文風景區營繕工程", "財產編號": "2020202-007B 95-0000001", "保管單位": "曾管中心", "入帳日期(購置日期)": "2006-12-29", "清查日期": "2012/12/18", "地籍": "嘉義縣大埔鄉大埔段1484-51號", "座標X(1)": 203317.69, "座標Y(1)": 2571134.53, "座標X(2)": null, "座標Y(2)": null, "有無貼牌": "--", "有無QRCode": "無", "說明": "位於大埔舊湖濱碼頭涼亭第一層", "保管人": "陳乙震" }, "geometry": { "type": "Point", "coordinates": [ 120.543804038252219, 23.241821980779758 ] } },
{ "type": "Feature", "properties": { "工程（財產）名稱": "獨立走廊", "工程（財產）別名": "獨立走廊", "財產編號": "2020202-007B 00-0000002", "保管單位": "高屏溪攔河堰", "入帳日期(購置日期)": "2008-04-21", "清查日期": "2023/06/17", "地籍": "高雄市大樹區大樹保安段1-3號", "座標X(1)": 192018.0, "座標Y(1)": 2509878.0, "座標X(2)": null, "座標Y(2)": null, "有無貼牌": "是", "有無QRCode": "無", "說明": null, "保管人": "蔡易龍" }, "geometry": { "type": "Point", "coordinates": [ 120.435683618921885, 22.68829562166238 ] } },
{ "type": "Feature", "properties": { "工程（財產）名稱": "涼亭", "工程（財產）別名": "涼亭", "財產編號": "2020202-005B 00-0000007", "保管單位": "阿管中心", "入帳日期(購置日期)": "2009-12-31", "清查日期": "2022/08/31", "地籍": "原座標為高市田寮區大崗山段132號,貼牌重測為同市區牛稠埔段219-1號", "座標X(1)": 183371.0, "座標Y(1)": 2526721.0, "座標X(2)": "184267", "座標Y(2)": "2526637", "有無貼牌": "是", "有無QRCode": "無", "說明": null, "保管人": "陳煌祥" }, "geometry": { "type": "Point", "coordinates": [ 120.350810914513303, 22.840076250208433 ] } },
{ "type": "Feature", "properties": { "工程（財產）名稱": "展覽室", "工程（財產）別名": "餐廳", "財產編號": "2010201-005A 00-0000003", "保管單位": "牡管中心", "入帳日期(購置日期)": "2000-03-24", "清查日期": "2025/01/24", "地籍": null, "座標X(1)": 227855.0, "座標Y(1)": 2447869.0, "座標X(2)": "227855", "座標Y(2)": "2447869", "有無貼牌": "是", "有無QRCode": "有", "說明": null, "保管人": "周百欽" }, "geometry": { "type": "Point", "coordinates": [ 120.785329853968364, 22.12912089603612 ] } },
{ "type": "Feature", "properties": { "工程（財產）名稱": "展覽室", "工程（財產）別名": "展示室", "財產編號": "2010201-005A 00-0000001", "保管單位": "牡管中心", "入帳日期(購置日期)": "2000-03-24", "清查日期": "2021/05/10", "地籍": "屏東縣牡丹鄉牡丹段925-3號", "座標X(1)": 227823.4, "座標Y(1)": 2447865.81, "座標X(2)": null, "座標Y(2)": null, "有無貼牌": "是", "有無QRCode": "有", "說明": null, "保管人": "周百欽" }, "geometry": { "type": "Point", "coordinates": [ 120.785023573893596, 22.129091681977087 ] } },
{ "type": "Feature", "properties": { "工程（財產）名稱": "汽（機）車棚", "工程（財產）別名": "停車棚-168.98m2", "財產編號": "2010204-003G 00-0000009", "保管單位": "牡管中心", "入帳日期(購置日期)": "2009-11-11", "清查日期": "2025/02/06", "地籍": "屏東縣牡丹鄉石門段353號", "座標X(1)": 227571.0, "座標Y(1)": 2447917.0, "座標X(2)": null, "座標Y(2)": null, "有無貼牌": "是", "有無QRCode": "有", "說明": null, "保管人": "周百欽" }, "geometry": { "type": "Point", "coordinates": [ 120.782576152564715, 22.129550771831717 ] } },
{ "type": "Feature", "properties": { "工程（財產）名稱": "護坡", "工程（財產）別名": "103年曾文水庫週邊零星工程", "財產編號": "1110102-003E 00-0000396", "保管單位": "養護科", "入帳日期(購置日期)": "2014-12-26", "清查日期": "--", "地籍": null, "座標X(1)": 208387.0, "座標Y(1)": 2572513.0, "座標X(2)": null, "座標Y(2)": null, "有無貼牌": "--", "有無QRCode": "無", "說明": null, "保管人": "吳宗翰" }, "geometry": { "type": "Point", "coordinates": [ 120.59330435324145, 23.254405896858948 ] } },
{ "type": "Feature", "properties": { "工程（財產）名稱": "水庫", "工程（財產）別名": "大埔-大壩", "財產編號": "2020401-0005 91-0000001", "保管單位": "曾管中心", "入帳日期(購置日期)": "1974-01-01", "清查日期": "2012/11/20", "地籍": "曾文溪河道", "座標X(1)": 202610.45, "座標Y(1)": 2571995.67, "座標X(2)": null, "座標Y(2)": null, "有無貼牌": "--", "有無QRCode": "無", "說明": "水庫大壩", "保管人": "黃政達" }, "geometry": { "type": "Point", "coordinates": [ 120.536865966511542, 23.249577993678521 ] } },
{ "type": "Feature", "properties": { "工程（財產）名稱": "遊樂觀賞設備", "工程（財產）別名": "辦公區大門景觀-圓環", "財產編號": "2020202-0010 91-0000001", "保管單位": "曾管中心", "入帳日期(購置日期)": "1977-04-01", "清查日期": "2025/01/20", "地籍": "台南市楠西區密枝段98-21號", "座標X(1)": 198645.3, "座標Y(1)": 2569035.58, "座標X(2)": "198645.3", "座標Y(2)": "2569035.58", "有無貼牌": "是", "有無QRCode": "有", "說明": "曾庫公路 (辦公廳下方)", "保管人": "陳乙震" }, "geometry": { "type": "Point", "coordinates": [ 120.498215951184136, 23.222729000278783 ] } },
{ "type": "Feature", "properties": { "工程（財產）名稱": "遊樂觀賞設備", "工程（財產）別名": "東口野營區整修工程", "財產編號": "2020202-0010 91-0000004", "保管單位": "曾管中心", "入帳日期(購置日期)": "2001-03-30", "清查日期": "2022/06/22", "地籍": "台南市東山區下南勢段1299地號", "座標X(1)": 198682.26, "座標Y(1)": 2569482.07, "座標X(2)": "198932", "座標Y(2)": "2569488", "有無貼牌": "是", "有無QRCode": "無", "說明": "位於東口露營區之(露營基地)", "保管人": "周駿宏" }, "geometry": { "type": "Point", "coordinates": [ 120.498562018635582, 23.226762016209065 ] } },
{ "type": "Feature", "properties": { "工程（財產）名稱": "遊樂觀賞設備", "工程（財產）別名": "參觀台景觀工程", "財產編號": "2020202-0010 91-0000002", "保管單位": "曾管中心", "入帳日期(購置日期)": "1985-05-01", "清查日期": "2022/03/15", "地籍": "嘉義縣大埔鄉大埔段2169-2及2171號", "座標X(1)": 203353.49, "座標Y(1)": 2571096.99, "座標X(2)": "203366", "座標Y(2)": "2571040", "有無貼牌": "是", "有無QRCode": "無", "說明": null, "保管人": "黃冠璋" }, "geometry": { "type": "Point", "coordinates": [ 120.544155031621656, 23.241484003441386 ] } },
{ "type": "Feature", "properties": { "工程（財產）名稱": "遊樂觀賞設備", "工程（財產）別名": "路邊公園旅遊服務中心(曾文之眼)", "財產編號": "2020202-0010 91-0000003", "保管單位": "曾管中心", "入帳日期(購置日期)": "2000-12-31", "清查日期": "2025/01/22", "地籍": "台南市東山區下南勢段948-8號及948-11號", "座標X(1)": 200819.69, "座標Y(1)": 2571117.75, "座標X(2)": "200802", "座標Y(2)": "2571141", "有無貼牌": "是", "有無QRCode": "有", "說明": null, "保管人": "黃冠璋" }, "geometry": { "type": "Point", "coordinates": [ 120.519393893507356, 23.24159768315609 ] } },
{ "type": "Feature", "properties": { "工程（財產）名稱": "拱橋", "工程（財產）別名": "拱橋", "財產編號": "1110101-015A 00-0000001", "保管單位": "曾管中心", "入帳日期(購置日期)": "2009-12-31", "清查日期": "2015/02/13", "地籍": "嘉義縣大埔鄉大埔段1844號", "座標X(1)": 207947.61, "座標Y(1)": 2577859.77, "座標X(2)": null, "座標Y(2)": null, "有無貼牌": "--", "有無QRCode": "無", "說明": "位於大埔鄉情人公園", "保管人": "陳乙震" }, "geometry": { "type": "Point", "coordinates": [ 120.588861966805453, 23.302677037751739 ] } },
{ "type": "Feature", "properties": { "工程（財產）名稱": "護岸", "工程（財產）別名": "106阿公店水庫既設人工濕地更新工程", "財產編號": "1110102-008E 00-0000488", "保管單位": "阿管中心", "入帳日期(購置日期)": "2018-05-08", "清查日期": "2023/06/08", "地籍": "高雄市燕巢區燕北段688-9,688號", "座標X(1)": 184438.11, "座標Y(1)": 2522413.61, "座標X(2)": "184500", "座標Y(2)": "2522270", "有無貼牌": "是", "有無QRCode": "無", "說明": null, "保管人": "陳煌祥" }, "geometry": { "type": "Point", "coordinates": [ 120.361389053818073, 22.801220939042416 ] } },
{ "type": "Feature", "properties": { "工程（財產）名稱": "停車場", "工程（財產）別名": "停車場", "財產編號": "1110105-001A 00-0000001", "保管單位": "甲仙攔河堰管理中心", "入帳日期(購置日期)": "2016-12-26", "清查日期": "2024/07/15", "地籍": "高雄市甲仙區東大邱園段1407-7地號", "座標X(1)": 207419.0, "座標Y(1)": 2553442.0, "座標X(2)": null, "座標Y(2)": null, "有無貼牌": "是", "有無QRCode": "無", "說明": "105年度甲仙攔河堰辦公區及堰區零星改善工程", "保管人": "洪瑞隆" }, "geometry": { "type": "Point", "coordinates": [ 120.584375943925068, 23.082164158327021 ] } },
{ "type": "Feature", "properties": { "工程（財產）名稱": "護坡", "工程（財產）別名": "萬靈山-三 腳石水土保", "財產編號": "1110102-003A 91-0000031", "保管單位": "曾管中心", "入帳日期(購置日期)": "2001-12-31", "清查日期": "2012/11/16", "地籍": "嘉義縣大埔鄉大埔段1424號", "座標X(1)": 206656.45, "座標Y(1)": 2572146.54, "座標X(2)": null, "座標Y(2)": null, "有無貼牌": "--", "有無QRCode": "無", "說明": "位於萬靈山產業道路", "保管人": "陳乙震" }, "geometry": { "type": "Point", "coordinates": [ 120.576402001462569, 23.251051983770587 ] } },
{ "type": "Feature", "properties": { "工程（財產）名稱": "護坡", "工程（財產）別名": "曾文環湖道路-1463M2", "財產編號": "1110102-003A 00-0000061", "保管單位": "曾管中心", "入帳日期(購置日期)": "2007-12-31", "清查日期": "2015/07/24", "地籍": "嘉義縣大埔鄉大埔段1484-11號", "座標X(1)": 203360.89, "座標Y(1)": 2571139.38, "座標X(2)": null, "座標Y(2)": null, "有無貼牌": "--", "有無QRCode": "無", "說明": "觀景樓北面邊坡", "保管人": "周駿宏" }, "geometry": { "type": "Point", "coordinates": [ 120.54422604473865, 23.241867002265643 ] } },
{ "type": "Feature", "properties": { "工程（財產）名稱": "沈砂池", "工程（財產）別名": "103牡丹四號橋上游護岸新建第三件工程", "財產編號": "2020404-0008 00-0000002", "保管單位": "牡管中心", "入帳日期(購置日期)": "2015-01-23", "清查日期": "2024/08/12", "地籍": "牡丹鄉東源段173", "座標X(1)": 235274.0, "座標Y(1)": 2456414.0, "座標X(2)": "235201", "座標Y(2)": "2456581", "有無貼牌": "是", "有無QRCode": "無", "說明": "東源湖 沉砂池6.55M(L)*0.3(頂寬W)*5.35M(H)", "保管人": "莊慶隆" }, "geometry": { "type": "Point", "coordinates": [ 120.857170345324775, 22.206375020723151 ] } },
{ "type": "Feature", "properties": { "工程（財產）名稱": "沈砂池", "工程（財產）別名": "梧棲溝動力引水工程", "財產編號": "2020404-0008 91-0000001", "保管單位": "曾管中心", "入帳日期(購置日期)": "1978-01-01", "清查日期": "2024/02/17", "地籍": "下南勢946-3號", "座標X(1)": 201901.0, "座標Y(1)": 2572297.0, "座標X(2)": "201903", "座標Y(2)": "2572280", "有無貼牌": "是", "有無QRCode": "無", "說明": null, "保管人": "周駿宏" }, "geometry": { "type": "Point", "coordinates": [ 120.529923213660467, 23.25227845230744 ] } },
{ "type": "Feature", "properties": { "工程（財產）名稱": "辦公房屋", "工程（財產）別名": "南區水資源局調度中心", "財產編號": "2010201-001A 95-0000005", "保管單位": "秘書室", "入帳日期(購置日期)": "2006-06-09", "清查日期": "2025/02/20", "地籍": "高雄市燕巢區瓊東段225號", "座標X(1)": 183826.38, "座標Y(1)": 2522712.83, "座標X(2)": null, "座標Y(2)": null, "有無貼牌": "是", "有無QRCode": "有", "說明": "A棟,使用單位是經管課,保管單位是秘書室,AB2棟辦公廳大樓是同一張權狀", "保管人": "張淑卿" }, "geometry": { "type": "Point", "coordinates": [ 120.355418029183312, 22.803899037949694 ] } },
{ "type": "Feature", "properties": { "工程（財產）名稱": "辦公房屋", "工程（財產）別名": "辦公房屋 (大壩操作控制室)曾文水庫防淤隧", "財產編號": "2010201-001A 00-0000012", "保管單位": "警察隊", "入帳日期(購置日期)": "2016-07-15", "清查日期": "2025/02/13", "地籍": "嘉義縣大埔鄉柳藤潭段24-3,24-2號", "座標X(1)": 202596.11, "座標Y(1)": 2572110.12, "座標X(2)": "202584", "座標Y(2)": "2572110", "有無貼牌": "是", "有無QRCode": "有", "說明": null, "保管人": "洪瑞隆" }, "geometry": { "type": "Point", "coordinates": [ 120.53672225640716, 23.250611081563296 ] } },
{ "type": "Feature", "properties": { "工程（財產）名稱": "辦公房屋", "工程（財產）別名": "甲仙攔河堰管理中心遷建工程", "財產編號": "2010201-001A 00-0000010", "保管單位": "甲仙攔河堰管理中心", "入帳日期(購置日期)": "2014-02-06", "清查日期": "2025/03/21", "地籍": "高雄市甲仙區公館段180地號", "座標X(1)": 207238.0, "座標Y(1)": 2553084.0, "座標X(2)": "207251", "座標Y(2)": "2553089", "有無貼牌": "是", "有無QRCode": "有", "說明": "現場貼牌座標:X:20723 Y:2553082", "保管人": "洪瑞隆" }, "geometry": { "type": "Point", "coordinates": [ 120.582619256739974, 23.078926615226937 ] } },
{ "type": "Feature", "properties": { "工程（財產）名稱": "辦公房屋", "工程（財產）別名": "實驗室工作廠房新建及周邊環境美化工程-2棟", "財產編號": "2010201-001A 00-0000011", "保管單位": "品管課", "入帳日期(購置日期)": "2014-04-07", "清查日期": "2025/01/21", "地籍": "高雄市燕巢區瓊東段234號", "座標X(1)": 183942.61, "座標Y(1)": 2522723.2, "座標X(2)": "183935.04", "座標Y(2)": "2522723.2", "有無貼牌": "是", "有無QRCode": "有", "說明": "分開左右兩側,座標1為右側、座標2為左側右邊貼牌座標X183947 Y2522718 左邊貼牌座標X183945 Y2522711", "保管人": "侯政仁" }, "geometry": { "type": "Point", "coordinates": [ 120.356549704115508, 22.803997255807552 ] } },
{ "type": "Feature", "properties": { "工程（財產）名稱": "辦公房屋", "工程（財產）別名": "阿管中心辦公大樓", "財產編號": "2010201-001A 00-0000009", "保管單位": "阿管中心", "入帳日期(購置日期)": "2003-04-11", "清查日期": "2022/07/08", "地籍": "高雄市燕巢區瓊東段229,234號", "座標X(1)": 183916.93, "座標Y(1)": 2522643.11, "座標X(2)": "183943", "座標Y(2)": "2522659", "有無貼牌": "是", "有無QRCode": "無", "說明": "B棟(A棟另帳列在秘書室保管由經管課使用)", "保管人": "林堉介" }, "geometry": { "type": "Point", "coordinates": [ 120.356302970020835, 22.803273002472014 ] } },
{ "type": "Feature", "properties": { "工程（財產）名稱": "辦公房屋", "工程（財產）別名": "甲仙堰-辦公室", "財產編號": "2010201-001A 00-0000007", "保管單位": "甲仙(堰區)", "入帳日期(購置日期)": "1999-07-31", "清查日期": "2025/03/21", "地籍": "東大邱園段1407之7號(自來水公司)", "座標X(1)": 207245.0, "座標Y(1)": 2553726.0, "座標X(2)": "207245", "座標Y(2)": "2553726", "有無貼牌": "是", "有無QRCode": "有", "說明": null, "保管人": "洪瑞隆" }, "geometry": { "type": "Point", "coordinates": [ 120.582669685435107, 23.084724314339969 ] } },
{ "type": "Feature", "properties": { "工程（財產）名稱": "觀測臺", "工程（財產）別名": "氣象測報站", "財產編號": "2020202-002D 91-0000001", "保管單位": "曾管中心", "入帳日期(購置日期)": "1968-12-01", "清查日期": "2012/12/13", "地籍": "台南市楠西區密枝段102-47號", "座標X(1)": 198560.81, "座標Y(1)": 2568693.35, "座標X(2)": null, "座標Y(2)": null, "有無貼牌": "--", "有無QRCode": "無", "說明": null, "保管人": "吳章正" }, "geometry": { "type": "Point", "coordinates": [ 120.497401993750785, 23.219635980337213 ] } },
{ "type": "Feature", "properties": { "工程（財產）名稱": "護坡", "工程（財產）別名": "曾文環湖道路上邊坡植生及修護工程-4927M2", "財產編號": "1110102-003A 00-0000085", "保管單位": "曾管中心", "入帳日期(購置日期)": "2011-05-27", "清查日期": "2013/02/04", "地籍": null, "座標X(1)": 201394.9, "座標Y(1)": 2571395.51, "座標X(2)": null, "座標Y(2)": null, "有無貼牌": "--", "有無QRCode": "無", "說明": "位於木瓜園下方", "保管人": "陳乙震" }, "geometry": { "type": "Point", "coordinates": [ 120.525006003633735, 23.244122989832675 ] } },
{ "type": "Feature", "properties": { "工程（財產）名稱": "護坡", "工程（財產）別名": "曾文永興大埔區處理工", "財產編號": "1110102-003A 95-0000054", "保管單位": "曾管中心", "入帳日期(購置日期)": "2006-03-30", "清查日期": "2014/06/11", "地籍": "嘉義縣番路鄉永興段97號", "座標X(1)": 208380.7, "座標Y(1)": 2584372.18, "座標X(2)": null, "座標Y(2)": null, "有無貼牌": "--", "有無QRCode": "無", "說明": "位於台三線永興商家附近", "保管人": "陳乙震" }, "geometry": { "type": "Point", "coordinates": [ 120.592916952980858, 23.361495974290357 ] } },
{ "type": "Feature", "properties": { "工程（財產）名稱": "護坡", "工程（財產）別名": "駁坎-大埔村-83.7M2", "財產編號": "1110102-003A 00-0000080", "保管單位": "養護科", "入帳日期(購置日期)": "2010-09-09", "清查日期": "2012/12/18", "地籍": "嘉義縣大埔鄉大埔段1316-17號", "座標X(1)": 207852.0, "座標Y(1)": 2575093.0, "座標X(2)": null, "座標Y(2)": null, "有無貼牌": "--", "有無QRCode": "無", "說明": null, "保管人": "吳宗翰" }, "geometry": { "type": "Point", "coordinates": [ 120.588004131585222, 23.277690180787758 ] } },
{ "type": "Feature", "properties": { "工程（財產）名稱": "護坡", "工程（財產）別名": "護坡", "財產編號": "1110102-003A 00-0000449", "保管單位": "養護科", "入帳日期(購置日期)": "2012-12-31", "清查日期": "--", "地籍": null, "座標X(1)": 201546.0, "座標Y(1)": 2570327.0, "座標X(2)": null, "座標Y(2)": null, "有無貼牌": "--", "有無QRCode": "無", "說明": null, "保管人": "吳宗翰" }, "geometry": { "type": "Point", "coordinates": [ 120.526516639391659, 23.234478638091492 ] } },
{ "type": "Feature", "properties": { "工程（財產）名稱": "護坡", "工程（財產）別名": "旺萊溪護岸排水-180M2", "財產編號": "1110102-003A 95-0000055", "保管單位": "阿管中心", "入帳日期(購置日期)": "2006-12-29", "清查日期": "2015/04/10", "地籍": "高雄市田寮區牛稠埔段168號", "座標X(1)": 183599.0, "座標Y(1)": 2526443.0, "座標X(2)": null, "座標Y(2)": null, "有無貼牌": "--", "有無QRCode": "無", "說明": null, "保管人": "呂元鈞" }, "geometry": { "type": "Point", "coordinates": [ 120.353044158133542, 22.837574855361812 ] } },
{ "type": "Feature", "properties": { "工程（財產）名稱": "護坡", "工程（財產）別名": "曾文環湖道路-2969M2", "財產編號": "1110102-003A 00-0000062", "保管單位": "曾管中心", "入帳日期(購置日期)": "2007-12-31", "清查日期": "2015/07/24", "地籍": "嘉義縣大埔鄉大埔段2169-4號", "座標X(1)": 203360.89, "座標Y(1)": 2571103.35, "座標X(2)": null, "座標Y(2)": null, "有無貼牌": "--", "有無QRCode": "無", "說明": "觀景樓東面邊坡", "保管人": "周駿宏" }, "geometry": { "type": "Point", "coordinates": [ 120.544227149979648, 23.241541645123743 ] } },
{ "type": "Feature", "properties": { "工程（財產）名稱": "護坡", "工程（財產）別名": "護坡", "財產編號": "1110102-003A 00-0000448", "保管單位": "養護科", "入帳日期(購置日期)": "2012-12-31", "清查日期": "--", "地籍": null, "座標X(1)": 201598.0, "座標Y(1)": 2570489.0, "座標X(2)": null, "座標Y(2)": null, "有無貼牌": "--", "有無QRCode": "無", "說明": null, "保管人": "吳宗翰" }, "geometry": { "type": "Point", "coordinates": [ 120.527019604781003, 23.235943053814921 ] } },
{ "type": "Feature", "properties": { "工程（財產）名稱": "護坡", "工程（財產）別名": "曾文環湖道路(風吹嶺段)邊坡整治工程-66M", "財產編號": "1110102-003A 00-0000086", "保管單位": "曾管中心", "入帳日期(購置日期)": "2011-10-26", "清查日期": "2012/11/16", "地籍": "嘉義縣大埔鄉大埔段1484-2號", "座標X(1)": 202985.88, "座標Y(1)": 2569802.0, "座標X(2)": null, "座標Y(2)": null, "有無貼牌": "--", "有無QRCode": "無", "說明": "位於風吹嶺收費站", "保管人": "陳乙震" }, "geometry": { "type": "Point", "coordinates": [ 120.540602745796122, 23.229779553229282 ] } },
{ "type": "Feature", "properties": { "工程（財產）名稱": "護坡", "工程（財產）別名": "護坡", "財產編號": "1110102-003A 00-0000447", "保管單位": "養護科", "入帳日期(購置日期)": "2012-12-31", "清查日期": "--", "地籍": null, "座標X(1)": 204901.0, "座標Y(1)": 2569608.0, "座標X(2)": null, "座標Y(2)": null, "有無貼牌": "--", "有無QRCode": "無", "說明": null, "保管人": "吳宗翰" }, "geometry": { "type": "Point", "coordinates": [ 120.559321604397184, 23.228081271613796 ] } },
{ "type": "Feature", "properties": { "工程（財產）名稱": "護坡", "工程（財產）別名": "莫拉克風災堤防搶修工程G段-35M2", "財產編號": "1110102-003A 00-0000084", "保管單位": "甲仙(堰區)", "入帳日期(購置日期)": "2011-04-15", "清查日期": "2021/06/18", "地籍": "甲仙區東阿里關段421-198,", "座標X(1)": 207430.11, "座標Y(1)": 2553779.26, "座標X(2)": "207431", "座標Y(2)": "2553763", "有無貼牌": "是", "有無QRCode": "無", "說明": "面積35平方公尺", "保管人": "洪瑞隆" }, "geometry": { "type": "Point", "coordinates": [ 120.58447502370403, 23.085210037260278 ] } },
{ "type": "Feature", "properties": { "工程（財產）名稱": "護坡", "工程（財產）別名": "駁坎-和平村-72M2", "財產編號": "1110102-003A 00-0000076", "保管單位": "養護科", "入帳日期(購置日期)": "2010-09-09", "清查日期": "2013/04/01", "地籍": "嘉義縣大埔鄉射免潭段60號", "座標X(1)": 214157.0, "座標Y(1)": 2578674.74, "座標X(2)": "214165.62", "座標Y(2)": "2578674.74", "有無貼牌": "--", "有無QRCode": "無", "說明": "4/1清查結果:TWD97,嘉義縣大埔鄉射免潭段60號", "保管人": "吳宗翰" }, "geometry": { "type": "Point", "coordinates": [ 120.649549727138634, 23.310183812074399 ] } },
{ "type": "Feature", "properties": { "工程（財產）名稱": "護坡", "工程（財產）別名": "102曾文水庫公共設施改善工程(楠西區)密枝", "財產編號": "1110102-003A 00-0000431", "保管單位": "曾管中心", "入帳日期(購置日期)": "2014-02-01", "清查日期": "2016/04/28", "地籍": "密枝段585號", "座標X(1)": 199244.0, "座標Y(1)": 2568718.0, "座標X(2)": null, "座標Y(2)": null, "有無貼牌": "--", "有無QRCode": "無", "說明": null, "保管人": "周駿宏" }, "geometry": { "type": "Point", "coordinates": [ 120.504076236452832, 23.219879768319416 ] } },
{ "type": "Feature", "properties": { "工程（財產）名稱": "護坡", "工程（財產）別名": "曾文129線道路水保及崩塌地處理工程-147M", "財產編號": "1110102-003A 00-0000074", "保管單位": "曾管中心", "入帳日期(購置日期)": "2010-07-20", "清查日期": "2014/03/04", "地籍": "嘉義縣大埔鄉射免潭段75號", "座標X(1)": 213635.69, "座標Y(1)": 2577290.79, "座標X(2)": null, "座標Y(2)": null, "有無貼牌": "--", "有無QRCode": "無", "說明": "嘉線129大埔壩附近", "保管人": "陳乙震" }, "geometry": { "type": "Point", "coordinates": [ 120.644485977350442, 23.297674970370458 ] } },
{ "type": "Feature", "properties": { "工程（財產）名稱": "護坡", "工程（財產）別名": "101年度大埔鄉轄內曾文水庫集水區週邊零星", "財產編號": "1110102-003A 00-0000463", "保管單位": "養護科", "入帳日期(購置日期)": "2012-12-31", "清查日期": "2017/09/20", "地籍": "大埔段1425地號", "座標X(1)": 207175.0, "座標Y(1)": 2572116.0, "座標X(2)": null, "座標Y(2)": null, "有無貼牌": "--", "有無QRCode": "無", "說明": "護坡 0.5m(H)×86m(L)", "保管人": "吳宗翰" }, "geometry": { "type": "Point", "coordinates": [ 120.581470563782233, 23.250789786110435 ] } },
{ "type": "Feature", "properties": { "工程（財產）名稱": "護坡", "工程（財產）別名": "大壩及附屬結構物改善", "財產編號": "1110102-003A 91-0000028", "保管單位": "曾管中心", "入帳日期(購置日期)": "2001-02-20", "清查日期": "2014/09/02", "地籍": "嘉義縣大埔鄉柳籐潭段24-2號", "座標X(1)": 202586.69, "座標Y(1)": 2572053.66, "座標X(2)": null, "座標Y(2)": null, "有無貼牌": "--", "有無QRCode": "無", "說明": "位於大壩溢洪道", "保管人": "陳乙震" }, "geometry": { "type": "Point", "coordinates": [ 120.536631958708611, 23.25010096754184 ] } },
{ "type": "Feature", "properties": { "工程（財產）名稱": "護坡", "工程（財產）別名": "護岸/103甲仙攔河堰水土保持工程", "財產編號": "1110102-003A 00-0000094", "保管單位": "甲仙攔河堰管理中心", "入帳日期(購置日期)": "2015-06-01", "清查日期": "2021/09/27", "地籍": "台南市南化區西大丘園段240、242-2地號", "座標X(1)": 204454.0, "座標Y(1)": 2554048.0, "座標X(2)": "204421", "座標Y(2)": "2554057", "有無貼牌": "是", "有無QRCode": "無", "說明": null, "保管人": "洪瑞隆" }, "geometry": { "type": "Point", "coordinates": [ 120.55541786654004, 23.087557761491475 ] } },
{ "type": "Feature", "properties": { "工程（財產）名稱": "護坡", "工程（財產）別名": "102年度牡丹水庫集水區邊坡治理工程(第一期", "財產編號": "1110102-003A 00-0000090", "保管單位": "牡管中心", "入帳日期(購置日期)": "2014-01-13", "清查日期": "2023/02/20", "地籍": "屏東縣牡丹鄉石門段361、362號", "座標X(1)": 227392.23, "座標Y(1)": 2447922.82, "座標X(2)": "227391", "座標Y(2)": "2447930", "有無貼牌": "是", "有無QRCode": "無", "說明": null, "保管人": "薛智揚" }, "geometry": { "type": "Point", "coordinates": [ 120.780843107490142, 22.129601018768 ] } },
{ "type": "Feature", "properties": { "工程（財產）名稱": "護坡", "工程（財產）別名": "棉仔埔過山烏埔後水土", "財產編號": "1110102-003A 91-0000029", "保管單位": "曾管中心", "入帳日期(購置日期)": "2001-12-31", "清查日期": "2012/11/15", "地籍": "嘉義縣大埔鄉南寮16號", "座標X(1)": 206304.96, "座標Y(1)": 2583555.04, "座標X(2)": null, "座標Y(2)": null, "有無貼牌": "--", "有無QRCode": "無", "說明": null, "保管人": "陳乙震" }, "geometry": { "type": "Point", "coordinates": [ 120.572637969789369, 23.354063013272608 ] } },
{ "type": "Feature", "properties": { "工程（財產）名稱": "其他什項建築及設備", "工程（財產）別名": "風景區公共設施工程", "財產編號": "2020202-099F 00-0000012", "保管單位": "曾管中心", "入帳日期(購置日期)": "1993-07-31", "清查日期": "2024/02/17", "地籍": "台南市東山區下南勢段1136,948-9號", "座標X(1)": 199018.2, "座標Y(1)": 2569794.86, "座標X(2)": "199031", "座標Y(2)": "2569806", "有無貼牌": "是", "有無QRCode": "無", "說明": "東口露營區入口標誌", "保管人": "周駿宏" }, "geometry": { "type": "Point", "coordinates": [ 120.501833992370848, 23.229596987691473 ] } },
{ "type": "Feature", "properties": { "工程（財產）名稱": "護岸", "工程（財產）別名": "金山3號橋上游-147.77", "財產編號": "1110102-008A 00-0000031", "保管單位": "阿管中心", "入帳日期(購置日期)": "2009-03-18", "清查日期": "2012/05/23", "地籍": "在河道上無宗地資料", "座標X(1)": 186761.275, "座標Y(1)": 2522422.043, "座標X(2)": null, "座標Y(2)": null, "有無貼牌": "--", "有無QRCode": "無", "說明": null, "保管人": "林堉介" }, "geometry": { "type": "Point", "coordinates": [ 120.384016664559724, 22.80138610873346 ] } },
{ "type": "Feature", "properties": { "工程（財產）名稱": "多房間職務宿舍", "工程（財產）別名": "電廠備勤宿舍", "財產編號": "2010601-003D 91-0000118", "保管單位": "曾管中心", "入帳日期(購置日期)": "1984-11-23", "清查日期": "2024/02/20", "地籍": null, "座標X(1)": 198758.77, "座標Y(1)": 2568609.72, "座標X(2)": "198764", "座標Y(2)": "2568606", "有無貼牌": "是", "有無QRCode": "有", "說明": null, "保管人": "楊振瑞" }, "geometry": { "type": "Point", "coordinates": [ 120.499338963592152, 23.218886960309231 ] } },
{ "type": "Feature", "properties": { "工程（財產）名稱": "明渠", "工程（財產）別名": "101年大埔鄉轄內曾文水庫集水區週邊零星工", "財產編號": "1110101-029C 00-0000457", "保管單位": "養護科", "入帳日期(購置日期)": "2012-12-31", "清查日期": "2019/10/01", "地籍": "大埔段1261-1、1261-9地號", "座標X(1)": 208290.0, "座標Y(1)": 2574459.0, "座標X(2)": null, "座標Y(2)": null, "有無貼牌": "--", "有無QRCode": "無", "說明": "明溝 1m(H)×80m(L)×1m(W)=81m3", "保管人": "吳宗翰" }, "geometry": { "type": "Point", "coordinates": [ 120.592302913591283, 23.27197621996978 ] } },
{ "type": "Feature", "properties": { "工程（財產）名稱": "明渠", "工程（財產）別名": "105年阿公店水庫集水區保持工程明渠", "財產編號": "1110101-029C 00-0000460", "保管單位": "阿管中心", "入帳日期(購置日期)": "2017-01-30", "清查日期": "2019/06/21", "地籍": "高雄市燕巢區燕北段247之1及246之1等2筆地號", "座標X(1)": 185241.0, "座標Y(1)": 2521881.0, "座標X(2)": null, "座標Y(2)": null, "有無貼牌": "--", "有無QRCode": "無", "說明": null, "保管人": "陳煌祥" }, "geometry": { "type": "Point", "coordinates": [ 120.36923143358274, 22.796442376619382 ] } },
{ "type": "Feature", "properties": { "工程（財產）名稱": "明渠", "工程（財產）別名": "105年阿公店水庫週邊零星工程", "財產編號": "1110101-029C 00-0000467", "保管單位": "阿管中心", "入帳日期(購置日期)": "2017-01-30", "清查日期": "2019/06/21", "地籍": "高雄市田寮區牛稠埔段638-9號", "座標X(1)": 184812.0, "座標Y(1)": 2526014.0, "座標X(2)": null, "座標Y(2)": null, "有無貼牌": "--", "有無QRCode": "無", "說明": null, "保管人": "陳煌祥" }, "geometry": { "type": "Point", "coordinates": [ 120.364880032927417, 22.833748396602552 ] } },
{ "type": "Feature", "properties": { "工程（財產）名稱": "明渠", "工程（財產）別名": "排水溝", "財產編號": "1110101-029C 00-0000440", "保管單位": "阿管中心", "入帳日期(購置日期)": "2015-12-31", "清查日期": "2016/04/25", "地籍": "燕巢尖山段468-2號地", "座標X(1)": 186795.0, "座標Y(1)": 2523460.0, "座標X(2)": null, "座標Y(2)": null, "有無貼牌": "--", "有無QRCode": "無", "說明": null, "保管人": "陳煌祥" }, "geometry": { "type": "Point", "coordinates": [ 120.384303039792698, 22.810760578758231 ] } },
{ "type": "Feature", "properties": { "工程（財產）名稱": "明渠", "工程（財產）別名": "105年阿公店水庫週邊零星工程", "財產編號": "1110101-029C 00-0000466", "保管單位": "阿管中心", "入帳日期(購置日期)": "2017-01-30", "清查日期": "2019/06/21", "地籍": "高雄市田寮區牛稠埔段1019號", "座標X(1)": 183266.86, "座標Y(1)": 2525653.59, "座標X(2)": null, "座標Y(2)": null, "有無貼牌": "--", "有無QRCode": "無", "說明": null, "保管人": "陳煌祥" }, "geometry": { "type": "Point", "coordinates": [ 120.349842092355217, 22.830433035723988 ] } },
{ "type": "Feature", "properties": { "工程（財產）名稱": "明渠", "工程（財產）別名": "105年高屏溪攔河堰週邊環境委辦零星工程", "財產編號": "1110101-029C 00-0000456", "保管單位": "高屏溪攔河堰", "入帳日期(購置日期)": "2017-04-17", "清查日期": "2024/12/19", "地籍": "大樹新吉段62-1,123-1,124-1,125-1,126-1,127-1,128-1,24,21,17,25地號等11筆", "座標X(1)": 191446.0, "座標Y(1)": 2509848.0, "座標X(2)": "191398", "座標Y(2)": "2509851", "有無貼牌": "是", "有無QRCode": "無", "說明": null, "保管人": "沈文忠" }, "geometry": { "type": "Point", "coordinates": [ 120.430117895057904, 22.688004981124607 ] } },
{ "type": "Feature", "properties": { "工程（財產）名稱": "明渠", "工程（財產）別名": "102年阿公店水庫集水區尖山段(R32-1)崩坍地", "財產編號": "1110101-029C 00-0000349", "保管單位": "阿管中心", "入帳日期(購置日期)": "2014-04-03", "清查日期": "2019/06/21", "地籍": "高雄市岡山區尖山段756-8號", "座標X(1)": 184229.44, "座標Y(1)": 2523159.31, "座標X(2)": null, "座標Y(2)": null, "有無貼牌": "--", "有無QRCode": "無", "說明": "現場長草了", "保管人": "邱柏翰" }, "geometry": { "type": "Point", "coordinates": [ 120.359325104424855, 22.807946749363882 ] } },
{ "type": "Feature", "properties": { "工程（財產）名稱": "明渠", "工程（財產）別名": "104年阿公店水庫集水區水土保持零星排水溝", "財產編號": "1110101-029C 00-0000437", "保管單位": "阿管中心", "入帳日期(購置日期)": "2015-12-31", "清查日期": "2019/06/21", "地籍": "千秋寮段183-4號地", "座標X(1)": 188645.0, "座標Y(1)": 2523712.0, "座標X(2)": null, "座標Y(2)": null, "有無貼牌": "--", "有無QRCode": "無", "說明": null, "保管人": "陳煌祥" }, "geometry": { "type": "Point", "coordinates": [ 120.402313694332776, 22.813104837874299 ] } },
{ "type": "Feature", "properties": { "工程（財產）名稱": "明渠", "工程（財產）別名": "104年阿公店水庫集水區水土保持零星排水溝", "財產編號": "1110101-029C 00-0000438", "保管單位": "阿管中心", "入帳日期(購置日期)": "2015-12-31", "清查日期": "2016/04/25", "地籍": "援巢中段26號", "座標X(1)": 186602.0, "座標Y(1)": 2522260.0, "座標X(2)": null, "座標Y(2)": null, "有無貼牌": "--", "有無QRCode": "無", "說明": null, "保管人": "陳煌祥" }, "geometry": { "type": "Point", "coordinates": [ 120.382471891744146, 22.799916789349037 ] } },
{ "type": "Feature", "properties": { "工程（財產）名稱": "明渠", "工程（財產）別名": "排水溝(B工區)-47M", "財產編號": "1110101-029C 00-0000043", "保管單位": "養護科", "入帳日期(購置日期)": "2009-05-26", "清查日期": "2014/03/05", "地籍": "嘉義縣大埔鄉大埔段801-8、801-30號", "座標X(1)": 211220.0, "座標Y(1)": 2577515.85, "座標X(2)": "211218.42", "座標Y(2)": "2577515.85", "有無貼牌": "--", "有無QRCode": "無", "說明": null, "保管人": "吳宗翰" }, "geometry": { "type": "Point", "coordinates": [ 120.620863723058378, 23.299651993643916 ] } },
{ "type": "Feature", "properties": { "工程（財產）名稱": "擋土牆", "工程（財產）別名": "擋土牆/110年曾文水庫周邊零星工程", "財產編號": "1110102-004B 00-0000650", "保管單位": "養護科", "入帳日期(購置日期)": "2021-12-16", "清查日期": "--", "地籍": null, "座標X(1)": 204155.0, "座標Y(1)": 2569392.0, "座標X(2)": null, "座標Y(2)": null, "有無貼牌": "--", "有無QRCode": "無", "說明": null, "保管人": "吳宗翰" }, "geometry": { "type": "Point", "coordinates": [ 120.552038851403822, 23.226110144549455 ] } },
{ "type": "Feature", "properties": { "工程（財產）名稱": "擋土牆", "工程（財產）別名": "101年度曾文水庫壩區水土保持", "財產編號": "1110102-004B 00-0000001", "保管單位": "曾管中心", "入帳日期(購置日期)": "2012-12-18", "清查日期": "2013/02/13", "地籍": "台南市東山區下南勢段1131號", "座標X(1)": 198838.72, "座標Y(1)": 2569653.95, "座標X(2)": null, "座標Y(2)": null, "有無貼牌": "--", "有無QRCode": "無", "說明": "位於東口露營區(原服務中心)", "保管人": "周駿宏" }, "geometry": { "type": "Point", "coordinates": [ 120.500085002669906, 23.228318984229723 ] } },
{ "type": "Feature", "properties": { "工程（財產）名稱": "護坡", "工程（財產）別名": "金山集水區崩坍地處理", "財產編號": "1110102-003A 00-0000065", "保管單位": "阿管中心", "入帳日期(購置日期)": "2004-12-30", "清查日期": "2015/04/08", "地籍": "高雄市燕巢區千秋寮段一小段315號", "座標X(1)": 187990.0, "座標Y(1)": 2523247.0, "座標X(2)": null, "座標Y(2)": null, "有無貼牌": "--", "有無QRCode": "無", "說明": null, "保管人": "呂元鈞" }, "geometry": { "type": "Point", "coordinates": [ 120.395951834487278, 22.808881627686482 ] } },
{ "type": "Feature", "properties": { "工程（財產）名稱": "護坡", "工程（財產）別名": "曾文公共設施第四期", "財產編號": "1110102-003A 94-0000052", "保管單位": "曾管中心", "入帳日期(購置日期)": "2005-12-30", "清查日期": "2015/07/24", "地籍": "嘉義縣大埔鄉柳籐潭段44-5號", "座標X(1)": 202546.65, "座標Y(1)": 2571627.77, "座標X(2)": null, "座標Y(2)": null, "有無貼牌": "--", "有無QRCode": "無", "說明": "大壩左岸邊坡", "保管人": "周駿宏" }, "geometry": { "type": "Point", "coordinates": [ 120.536253956866929, 23.246253959756324 ] } },
{ "type": "Feature", "properties": { "工程（財產）名稱": "護坡", "工程（財產）別名": "伊斯基亞湖那產業改善", "財產編號": "1110102-003A 91-0000020", "保管單位": "曾管中心", "入帳日期(購置日期)": "2000-12-31", "清查日期": "2024/01/05", "地籍": "嘉義縣阿里山鄉達邦段128號", "座標X(1)": 225086.97, "座標Y(1)": 2594549.52, "座標X(2)": "225069", "座標Y(2)": "2594550", "有無貼牌": "是", "有無QRCode": "無", "說明": "達邦村東方", "保管人": "連偉成" }, "geometry": { "type": "Point", "coordinates": [ 120.756153017859049, 23.453738983330702 ] } },
{ "type": "Feature", "properties": { "工程（財產）名稱": "護坡", "工程（財產）別名": "曾文水土保持南寮區", "財產編號": "1110102-003A 91-0000013", "保管單位": "曾管中心", "入帳日期(購置日期)": "2000-12-31", "清查日期": "2014/07/09", "地籍": "嘉義縣大埔鄉大埔段924-1號", "座標X(1)": 209262.54, "座標Y(1)": 2577359.64, "座標X(2)": null, "座標Y(2)": null, "有無貼牌": "--", "有無QRCode": "無", "說明": "大埔部落台三線豬灶溪", "保管人": "陳乙震" }, "geometry": { "type": "Point", "coordinates": [ 120.601730981444675, 23.298193956644923 ] } },
{ "type": "Feature", "properties": { "工程（財產）名稱": "護坡", "工程（財產）別名": "風景區景觀遊樂施設工", "財產編號": "1110102-003A 91-0000042", "保管單位": "曾管中心", "入帳日期(購置日期)": "2001-12-31", "清查日期": "2015/02/06", "地籍": "台南市東山區下南勢段948-8號", "座標X(1)": 199227.26, "座標Y(1)": 2570026.81, "座標X(2)": null, "座標Y(2)": null, "有無貼牌": "--", "有無QRCode": "無", "說明": "曾庫公路溪畔入口右側", "保管人": "陳乙震" }, "geometry": { "type": "Point", "coordinates": [ 120.503869010883818, 23.231697987884456 ] } },
{ "type": "Feature", "properties": { "工程（財產）名稱": "護坡", "工程（財產）別名": "曾文崩坍地復育計畫(第三期)-3404m2", "財產編號": "1110102-003A 00-0000070", "保管單位": "曾管中心", "入帳日期(購置日期)": "2007-04-26", "清查日期": "2015/06/26", "地籍": "台南市東山區下南勢段948-9號", "座標X(1)": 199997.46, "座標Y(1)": 2570540.36, "座標X(2)": null, "座標Y(2)": null, "有無貼牌": "--", "有無QRCode": "無", "說明": "曾庫公路四號橋附近", "保管人": "周駿宏" }, "geometry": { "type": "Point", "coordinates": [ 120.511378002844324, 23.236358991772651 ] } },
{ "type": "Feature", "properties": { "工程（財產）名稱": "護坡", "工程（財產）別名": "達邦村尼亞湖水土保持", "財產編號": "1110102-003A 91-0000033", "保管單位": "曾管中心", "入帳日期(購置日期)": "2001-12-31", "清查日期": "2024/01/18", "地籍": "嘉義縣阿里山鄉達邦段535號", "座標X(1)": 223653.72, "座標Y(1)": 2592016.73, "座標X(2)": "223654", "座標Y(2)": "2592010", "有無貼牌": "是", "有無QRCode": "無", "說明": null, "保管人": "連偉成" }, "geometry": { "type": "Point", "coordinates": [ 120.742168955731742, 23.430844988134417 ] } },
{ "type": "Feature", "properties": { "工程（財產）名稱": "護坡", "工程（財產）別名": "曾文溪畔遊樂區段災害復建工程-2000M2", "財產編號": "1110102-003A 00-0000082", "保管單位": "曾管中心", "入帳日期(購置日期)": "2010-11-22", "清查日期": "2013/02/04", "地籍": "台南市東山區下南勢段948-9號", "座標X(1)": 199212.23, "座標Y(1)": 2570031.85, "座標X(2)": null, "座標Y(2)": null, "有無貼牌": "--", "有無QRCode": "無", "說明": "位於曾庫公路溪畔遊樂區附近", "保管人": "陳乙震" }, "geometry": { "type": "Point", "coordinates": [ 120.503721979709198, 23.231743036092372 ] } },
{ "type": "Feature", "properties": { "工程（財產）名稱": "護坡", "工程（財產）別名": "大坑內火燒寮水土保持", "財產編號": "1110102-003A 91-0000030", "保管單位": "曾管中心", "入帳日期(購置日期)": "2001-12-31", "清查日期": "2013/02/04", "地籍": null, "座標X(1)": 205951.86, "座標Y(1)": 2570771.46, "座標X(2)": null, "座標Y(2)": null, "有無貼牌": "--", "有無QRCode": "無", "說明": "位於台3線第4莊路口", "保管人": "陳乙震" }, "geometry": { "type": "Point", "coordinates": [ 120.569556013472763, 23.238616014734731 ] } },
{ "type": "Feature", "properties": { "工程（財產）名稱": "護岸", "工程（財產）別名": "105年度曾文水庫周邊零星工程(樂野村)", "財產編號": "1110102-008E 00-0000486", "保管單位": "養護科", "入帳日期(購置日期)": "2017-06-05", "清查日期": "--", "地籍": "新美段106號", "座標X(1)": 221540.0, "座標Y(1)": 2598708.0, "座標X(2)": null, "座標Y(2)": null, "有無貼牌": "--", "有無QRCode": "無", "說明": "F工區", "保管人": "吳宗翰" }, "geometry": { "type": "Point", "coordinates": [ 120.72135697969118, 23.491232301903516 ] } },
{ "type": "Feature", "properties": { "工程（財產）名稱": "護岸", "工程（財產）別名": "旭海路口野溪護岸工程", "財產編號": "1110102-008E 94-0000005", "保管單位": "牡管中心", "入帳日期(購置日期)": "2005-12-30", "清查日期": "2014/04/02", "地籍": "屏東縣牡丹鄉(無地籍資料)", "座標X(1)": 233641.95, "座標Y(1)": 2453153.97, "座標X(2)": null, "座標Y(2)": null, "有無貼牌": "--", "有無QRCode": "無", "說明": null, "保管人": "周百欽" }, "geometry": { "type": "Point", "coordinates": [ 120.841373959190179, 22.17691704182409 ] } },
{ "type": "Feature", "properties": { "工程（財產）名稱": "護岸", "工程（財產）別名": "曾文水庫集水區主流達邦壩下游至達邦橋下游", "財產編號": "1110102-008E 00-0000020", "保管單位": "曾管中心", "入帳日期(購置日期)": "2011-12-31", "清查日期": "2023/12/29", "地籍": "嘉義縣阿里山鄉達邦段244及部份在河川地", "座標X(1)": 223469.84, "座標Y(1)": 2594429.99, "座標X(2)": "223396", "座標Y(2)": "2594306", "有無貼牌": "是", "有無QRCode": "無", "說明": null, "保管人": "連偉成" }, "geometry": { "type": "Point", "coordinates": [ 120.740326895935951, 23.452634073928497 ] } },
{ "type": "Feature", "properties": { "工程（財產）名稱": "護坡", "工程（財產）別名": "105年曾文水庫週邊零星工程", "財產編號": "1110102-003E 00-0000401", "保管單位": "養護科", "入帳日期(購置日期)": "2017-02-20", "清查日期": "--", "地籍": "嘉義縣大埔鄉大埔段1425號(公)", "座標X(1)": 207091.0, "座標Y(1)": 2572311.0, "座標X(2)": null, "座標Y(2)": null, "有無貼牌": "--", "有無QRCode": "無", "說明": null, "保管人": "吳宗翰" }, "geometry": { "type": "Point", "coordinates": [ 120.580644140993741, 23.252548486758073 ] } },
{ "type": "Feature", "properties": { "工程（財產）名稱": "圍牆", "工程（財產）別名": "潮州湖-護岸-29M", "財產編號": "1110102-002A 00-0000010", "保管單位": "曾管中心", "入帳日期(購置日期)": "2009-12-31", "清查日期": "2014/11/05", "地籍": "嘉義縣番路鄉公田段250、289號", "座標X(1)": 215984.73, "座標Y(1)": 2592384.63, "座標X(2)": "215976.26", "座標Y(2)": "2592384.63", "有無貼牌": "--", "有無QRCode": "無", "說明": "位於阿里山公路隙頂部落右轉潮州湖", "保管人": "陳乙震" }, "geometry": { "type": "Point", "coordinates": [ 120.667110924629867, 23.434025202649224 ] } },
{ "type": "Feature", "properties": { "工程（財產）名稱": "圍牆", "工程（財產）別名": "高屏堰圍牆及環境美化", "財產編號": "1110102-002A 91-0000007", "保管單位": "高屏溪攔河堰", "入帳日期(購置日期)": "2002-12-31", "清查日期": "2022/08/16", "地籍": "位河川公地上,無地籍資料", "座標X(1)": 191969.0, "座標Y(1)": 2509673.0, "座標X(2)": "191962", "座標Y(2)": "2509674", "有無貼牌": "是", "有無QRCode": "無", "說明": null, "保管人": "蔡易龍" }, "geometry": { "type": "Point", "coordinates": [ 120.43521432437457, 22.686442656496844 ] } },
{ "type": "Feature", "properties": { "工程（財產）名稱": "圍牆", "工程（財產）別名": "圍牆(造型牆)", "財產編號": "1110102-002A 00-0000009", "保管單位": "阿管中心", "入帳日期(購置日期)": "2006-11-24", "清查日期": "2014/08/26", "地籍": "高雄市燕巢區瓊東段250號", "座標X(1)": 184022.2, "座標Y(1)": 2522438.67, "座標X(2)": null, "座標Y(2)": null, "有無貼牌": "--", "有無QRCode": "無", "說明": null, "保管人": "林堉介" }, "geometry": { "type": "Point", "coordinates": [ 120.357336983049493, 22.80143096552581 ] } },
{ "type": "Feature", "properties": { "工程（財產）名稱": "圍牆", "工程（財產）別名": "牡丹水庫阻絕圍牆工程", "財產編號": "1110102-002A 94-0000008", "保管單位": "牡管中心", "入帳日期(購置日期)": "2005-06-30", "清查日期": "2021/05/11", "地籍": "屏東縣牡丹鄉牡丹段928號", "座標X(1)": 227763.1, "座標Y(1)": 2447781.6, "座標X(2)": null, "座標Y(2)": null, "有無貼牌": "是", "有無QRCode": "無", "說明": null, "保管人": "莊慶隆" }, "geometry": { "type": "Point", "coordinates": [ 120.784440195338206, 22.12833035586462 ] } },
{ "type": "Feature", "properties": { "工程（財產）名稱": "圍牆", "工程（財產）別名": "曾文庫區圍籬工程", "財產編號": "1110102-002A 91-0000005", "保管單位": "曾管中心", "入帳日期(購置日期)": "2000-12-31", "清查日期": "2012/11/16", "地籍": null, "座標X(1)": 209309.28, "座標Y(1)": 2585831.26, "座標X(2)": null, "座標Y(2)": null, "有無貼牌": "--", "有無QRCode": "無", "說明": "位於大埔鄉淹沒區及大埔鄉都市計畫界線", "保管人": "周駿宏" }, "geometry": { "type": "Point", "coordinates": [ 120.601960001993035, 23.374694967215234 ] } },
{ "type": "Feature", "properties": { "工程（財產）名稱": "汽（機）車棚", "工程（財產）別名": "燕巢辦公廳B棟大廳裝修工作", "財產編號": "2010204-003G 00-0000001", "保管單位": "秘書室", "入帳日期(購置日期)": "2014-03-24", "清查日期": "2025/01/21", "地籍": "高雄市燕巢區瓊東段308-1號", "座標X(1)": 183794.0, "座標Y(1)": 2522711.0, "座標X(2)": null, "座標Y(2)": null, "有無貼牌": "是", "有無QRCode": "有", "說明": null, "保管人": "周育伶" }, "geometry": { "type": "Point", "coordinates": [ 120.355102716214674, 22.803881237014387 ] } },
{ "type": "Feature", "properties": { "工程（財產）名稱": "圍牆", "工程（財產）別名": "甲仙堰週邊環境及邊坡", "財產編號": "1110102-002A 91-0000006", "保管單位": "甲仙(堰區)", "入帳日期(購置日期)": "2002-03-15", "清查日期": "2024/07/15", "地籍": "東大邱園1407之7", "座標X(1)": 207209.0, "座標Y(1)": 2553683.0, "座標X(2)": "207234", "座標Y(2)": "2553672", "有無貼牌": "是", "有無QRCode": "無", "說明": null, "保管人": "洪瑞隆" }, "geometry": { "type": "Point", "coordinates": [ 120.582319497370676, 23.08433507831997 ] } },
{ "type": "Feature", "properties": { "工程（財產）名稱": "工寮", "工程（財產）別名": "碼頭管理房", "財產編號": "2010601-005D 91-0000103", "保管單位": "曾管中心", "入帳日期(購置日期)": "1989-07-01", "清查日期": "2022/10/13", "地籍": "嘉義縣大埔鄉柳藤潭段14-6及14-5號", "座標X(1)": 202759.78, "座標Y(1)": 2572230.85, "座標X(2)": "202761", "座標Y(2)": "2572235", "有無貼牌": "是", "有無QRCode": "無", "說明": "工作碼頭", "保管人": "李勝雄" }, "geometry": { "type": "Point", "coordinates": [ 120.538318008270181, 23.251706001594137 ] } },
{ "type": "Feature", "properties": { "工程（財產）名稱": "堤防", "工程（財產）別名": "牡丹水庫溢洪道戽斗取水管線", "財產編號": "2020403-001D 00-0000002", "保管單位": "牡管中心", "入帳日期(購置日期)": "2011-11-30", "清查日期": "2023/02/18", "地籍": "屏東縣牡丹鄉牡丹段839,915號", "座標X(1)": 227707.28, "座標Y(1)": 2448163.95, "座標X(2)": "227721", "座標Y(2)": "2448196", "有無貼牌": "是", "有無QRCode": "無", "說明": null, "保管人": "薛智揚" }, "geometry": { "type": "Point", "coordinates": [ 120.783893824696193, 22.131782891549875 ] } },
{ "type": "Feature", "properties": { "工程（財產）名稱": "堤防", "工程（財產）別名": "支撐構架底座-曾文南化烏山頭水庫治理及穩", "財產編號": "2020403-001D 00-0000003", "保管單位": "曾管中心", "入帳日期(購置日期)": "2013-07-31", "清查日期": "--", "地籍": "嘉義縣大埔鄉柳藤潭段44-3", "座標X(1)": 202563.28, "座標Y(1)": 2571643.11, "座標X(2)": null, "座標Y(2)": null, "有無貼牌": "--", "有無QRCode": "無", "說明": null, "保管人": "黃政達" }, "geometry": { "type": "Point", "coordinates": [ 120.53641599355872, 23.246392962034115 ] } },
{ "type": "Feature", "properties": { "工程（財產）名稱": "堤防", "工程（財產）別名": "閘門出水口周邊改善", "財產編號": "2020403-001D 00-0000001", "保管單位": "牡管中心", "入帳日期(購置日期)": "2008-12-31", "清查日期": "2018/06/29", "地籍": "屏東縣牡丹鄉石門段167號", "座標X(1)": 227617.7, "座標Y(1)": 2448008.5, "座標X(2)": null, "座標Y(2)": null, "有無貼牌": "--", "有無QRCode": "無", "說明": null, "保管人": "梁漢銘" }, "geometry": { "type": "Point", "coordinates": [ 120.783027588551263, 22.130377769993459 ] } },
{ "type": "Feature", "properties": { "工程（財產）名稱": "護坡", "工程（財產）別名": "101年度大埔鄉轄內曾文水庫集水區週邊零星", "財產編號": "1110102-003A 00-0000469", "保管單位": "養護科", "入帳日期(購置日期)": "2012-12-31", "清查日期": "2017/09/20", "地籍": "大埔段1216地號", "座標X(1)": 208900.0, "座標Y(1)": 2574817.0, "座標X(2)": null, "座標Y(2)": null, "有無貼牌": "--", "有無QRCode": "無", "說明": "護坡、駁坎 2m(H)×40m(L) 3.5m(H)×13m(L)", "保管人": "吳宗翰" }, "geometry": { "type": "Point", "coordinates": [ 120.598255588889415, 23.275224405017525 ] } },
{ "type": "Feature", "properties": { "工程（財產）名稱": "護坡", "工程（財產）別名": "護案", "財產編號": "1110102-003A 00-0000437", "保管單位": "阿管中心", "入帳日期(購置日期)": "2016-01-08", "清查日期": "2019/08/02", "地籍": "高雄市燕巢尖山段524-5號,同段537-1號(公)", "座標X(1)": 186917.42, "座標Y(1)": 2522401.0, "座標X(2)": "186546", "座標Y(2)": "2522401", "有無貼牌": "--", "有無QRCode": "無", "說明": null, "保管人": "呂元鈞" }, "geometry": { "type": "Point", "coordinates": [ 120.385538395508192, 22.801201949004948 ] } },
{ "type": "Feature", "properties": { "工程（財產）名稱": "護坡", "工程（財產）別名": "101年度大埔鄉轄內曾文水庫集水區週邊零星", "財產編號": "1110102-003A 00-0000468", "保管單位": "養護科", "入帳日期(購置日期)": "2012-12-31", "清查日期": "2017/09/20", "地籍": "大埔段867-1地號", "座標X(1)": 208998.0, "座標Y(1)": 2577835.0, "座標X(2)": null, "座標Y(2)": null, "有無貼牌": "--", "有無QRCode": "無", "說明": "駁坎 2.25m(H)×6.5m(L) +3.5m(H)×13.5m(L)", "保管人": "吳宗翰" }, "geometry": { "type": "Point", "coordinates": [ 120.599131898593797, 23.302479949628651 ] } },
{ "type": "Feature", "properties": { "工程（財產）名稱": "護坡", "工程（財產）別名": "101年度大埔鄉轄內曾文水庫集水區週邊零星", "財產編號": "1110102-003A 00-0000470", "保管單位": "養護科", "入帳日期(購置日期)": "2012-12-31", "清查日期": "2017/09/20", "地籍": "大埔段1432地號", "座標X(1)": 207209.0, "座標Y(1)": 2571974.0, "座標X(2)": null, "座標Y(2)": null, "有無貼牌": "--", "有無QRCode": "無", "說明": "護坡 1m(H)×30m(L)+1.5m(H)×8m(L)", "保管人": "吳宗翰" }, "geometry": { "type": "Point", "coordinates": [ 120.581806837913419, 23.249508381445906 ] } },
{ "type": "Feature", "properties": { "工程（財產）名稱": "護坡", "工程（財產）別名": "護坡", "財產編號": "1110102-003A 00-0000438", "保管單位": "阿管中心", "入帳日期(購置日期)": "2016-01-08", "清查日期": "2016/07/05", "地籍": "高雄市燕巢尖山段524-5號(公)", "座標X(1)": 186917.42, "座標Y(1)": 2522710.85, "座標X(2)": null, "座標Y(2)": null, "有無貼牌": "--", "有無QRCode": "無", "說明": null, "保管人": "呂元鈞" }, "geometry": { "type": "Point", "coordinates": [ 120.385525851061146, 22.804000030609977 ] } },
{ "type": "Feature", "properties": { "工程（財產）名稱": "護坡", "工程（財產）別名": "101年度大埔鄉轄內曾文水庫集水區週邊零星", "財產編號": "1110102-003A 00-0000466", "保管單位": "養護科", "入帳日期(購置日期)": "2012-12-31", "清查日期": "2017/09/20", "地籍": "大埔段1409-8地號", "座標X(1)": 206646.0, "座標Y(1)": 2572374.0, "座標X(2)": null, "座標Y(2)": null, "有無貼牌": "--", "有無QRCode": "無", "說明": "駁坎 2m(H)×12m(L)+1.5m(H)×32m(L)", "保管人": "吳宗翰" }, "geometry": { "type": "Point", "coordinates": [ 120.576293385665267, 23.253105717683173 ] } },
{ "type": "Feature", "properties": { "工程（財產）名稱": "護坡", "工程（財產）別名": "101年度大埔鄉轄內曾文水庫集水區週邊零星", "財產編號": "1110102-003A 00-0000467", "保管單位": "養護科", "入帳日期(購置日期)": "2012-12-31", "清查日期": "2017/09/20", "地籍": "大埔段800-4地號", "座標X(1)": 211094.0, "座標Y(1)": 2578031.0, "座標X(2)": null, "座標Y(2)": null, "有無貼牌": "--", "有無QRCode": "無", "說明": "駁坎 1.5m(H)×14m(L)+2m(H)×21m(L)", "保管人": "吳宗翰" }, "geometry": { "type": "Point", "coordinates": [ 120.619618666724918, 23.304300913644862 ] } },
{ "type": "Feature", "properties": { "工程（財產）名稱": "圍牆", "工程（財產）別名": "曾文庫區圍籬工程二期", "財產編號": "1110102-002A 91-0000004", "保管單位": "曾管中心", "入帳日期(購置日期)": "2000-12-31", "清查日期": "2012/11/14", "地籍": null, "座標X(1)": 209309.28, "座標Y(1)": 2585831.26, "座標X(2)": null, "座標Y(2)": null, "有無貼牌": "--", "有無QRCode": "無", "說明": "位於大埔鄉淹沒區及大埔鄉都市計畫界線", "保管人": "周駿宏" }, "geometry": { "type": "Point", "coordinates": [ 120.601960001993035, 23.374694967215234 ] } },
{ "type": "Feature", "properties": { "工程（財產）名稱": "護坡", "工程（財產）別名": "101年度大埔鄉轄內曾文水庫集水區週邊零星", "財產編號": "1110102-003A 00-0000465", "保管單位": "養護科", "入帳日期(購置日期)": "2012-12-31", "清查日期": "2017/09/20", "地籍": "大埔段1458-4地號", "座標X(1)": 204979.0, "座標Y(1)": 2569706.0, "座標X(2)": null, "座標Y(2)": null, "有無貼牌": "--", "有無QRCode": "無", "說明": "護岸、固床工 2m(H)×12.5m(L)+3m(H)×33.5m(L)，5.2m(H)×1m(L)+5.2m(H)×1m(L)", "保管人": "吳宗翰" }, "geometry": { "type": "Point", "coordinates": [ 120.560080853003228, 23.228968366777387 ] } },
{ "type": "Feature", "properties": { "工程（財產）名稱": "護岸", "工程（財產）別名": "濁水溪治理工程-163M", "財產編號": "1110102-008E 95-0000009", "保管單位": "阿管中心", "入帳日期(購置日期)": "2006-12-29", "清查日期": "2015/04/23", "地籍": "高雄市燕巢區千秋寮段一小段315號", "座標X(1)": 185517.0, "座標Y(1)": 2522466.0, "座標X(2)": null, "座標Y(2)": null, "有無貼牌": "--", "有無QRCode": "無", "說明": null, "保管人": "呂元鈞" }, "geometry": { "type": "Point", "coordinates": [ 120.371895411708564, 22.801735781377783 ] } },
{ "type": "Feature", "properties": { "工程（財產）名稱": "觀測臺", "工程（財產）別名": "玉峰橋水位站房", "財產編號": "2020202-002D 91-0000018", "保管單位": "曾管中心", "入帳日期(購置日期)": "1984-02-01", "清查日期": "2012/12/14", "地籍": "台南市大內區大匏崙41號", "座標X(1)": 185408.82, "座標Y(1)": 2555140.79, "座標X(2)": null, "座標Y(2)": null, "有無貼牌": "--", "有無QRCode": "無", "說明": null, "保管人": "蘇芫德" }, "geometry": { "type": "Point", "coordinates": [ 120.369476048090931, 23.096793027561585 ] } },
{ "type": "Feature", "properties": { "工程（財產）名稱": "護坡", "工程（財產）別名": "達邦及里佳村道路及排水改善工程-30M3", "財產編號": "1110102-003E 00-0000015", "保管單位": "養護科", "入帳日期(購置日期)": "2010-12-31", "清查日期": "2012/11/23", "地籍": "嘉義縣阿里山鄉達邦段361號", "座標X(1)": 223491.0, "座標Y(1)": 2593451.0, "座標X(2)": null, "座標Y(2)": null, "有無貼牌": "--", "有無QRCode": "無", "說明": null, "保管人": "吳宗翰" }, "geometry": { "type": "Point", "coordinates": [ 120.740551271013473, 23.443794012237213 ] } },
{ "type": "Feature", "properties": { "工程（財產）名稱": "護坡", "工程（財產）別名": "牡丹溪路口2號橋下游護岸工程-62M", "財產編號": "1110102-003E 00-0000017", "保管單位": "牡管中心", "入帳日期(購置日期)": "2011-01-28", "清查日期": "2019/10/07", "地籍": "屏東縣牡丹鄉東源段9500-1401號", "座標X(1)": 234073.0, "座標Y(1)": 2453658.0, "座標X(2)": null, "座標Y(2)": null, "有無貼牌": "--", "有無QRCode": "無", "說明": null, "保管人": "周百欽" }, "geometry": { "type": "Point", "coordinates": [ 120.845548918940537, 22.181473267265282 ] } },
{ "type": "Feature", "properties": { "工程（財產）名稱": "護坡", "工程（財產）別名": "石籠護坡/108甲仙堰聯外道路B護坡工程", "財產編號": "1110102-003E 00-0000403", "保管單位": "甲仙攔河堰管理中心", "入帳日期(購置日期)": "2019-11-26", "清查日期": "2024/07/15", "地籍": "高雄市甲仙區公館段(3705)1-1地號,", "座標X(1)": 207328.0, "座標Y(1)": 2553487.0, "座標X(2)": null, "座標Y(2)": null, "有無貼牌": "是", "有無QRCode": "無", "說明": "PVC箱型石龍護坡128M", "保管人": "洪瑞隆" }, "geometry": { "type": "Point", "coordinates": [ 120.583486478608819, 23.082568186874731 ] } },
{ "type": "Feature", "properties": { "工程（財產）名稱": "護坡", "工程（財產）別名": "石籠護坡/108甲仙堰道A上邊坡整治工程", "財產編號": "1110102-003E 00-0000402", "保管單位": "甲仙攔河堰管理中心", "入帳日期(購置日期)": "2019-09-20", "清查日期": "2024/07/15", "地籍": "高雄市甲仙區公館段2-1、18-1地號", "座標X(1)": 207276.0, "座標Y(1)": 2553491.0, "座標X(2)": "207431", "座標Y(2)": "2553534", "有無貼牌": "是", "有無QRCode": "無", "說明": null, "保管人": "籃駿鞍" }, "geometry": { "type": "Point", "coordinates": [ 120.582978815165689, 23.082602969304713 ] } },
{ "type": "Feature", "properties": { "工程（財產）名稱": "護坡", "工程（財產）別名": "壩區崩塌一期-2033M2", "財產編號": "1110102-003E 00-0000007", "保管單位": "曾管中心", "入帳日期(購置日期)": "2009-12-31", "清查日期": "2012/11/02", "地籍": "嘉義縣大埔鄉大埔段1484-20", "座標X(1)": 203269.63, "座標Y(1)": 2570918.3, "座標X(2)": null, "座標Y(2)": null, "有無貼牌": "--", "有無QRCode": "無", "說明": "嘉義縣大埔鄉大埔段1484-20", "保管人": "黃政達" }, "geometry": { "type": "Point", "coordinates": [ 120.543341036195415, 23.239868022140261 ] } },
{ "type": "Feature", "properties": { "工程（財產）名稱": "護坡", "工程（財產）別名": "105年曾文水庫週邊零星工程", "財產編號": "1110102-003E 00-0000400", "保管單位": "養護科", "入帳日期(購置日期)": "2017-02-20", "清查日期": "--", "地籍": "嘉義縣大埔鄉大埔段1425號(公)", "座標X(1)": 207375.0, "座標Y(1)": 2572233.0, "座標X(2)": null, "座標Y(2)": null, "有無貼牌": "--", "有無QRCode": "無", "說明": null, "保管人": "吳宗翰" }, "geometry": { "type": "Point", "coordinates": [ 120.583421845131255, 23.251851516422974 ] } },
{ "type": "Feature", "properties": { "工程（財產）名稱": "護坡", "工程（財產）別名": "護坡/108曾文水庫週邊零星(延續)工程", "財產編號": "1110102-003A 00-0000476", "保管單位": "養護科", "入帳日期(購置日期)": "2020-02-12", "清查日期": "--", "地籍": "嘉義縣石面桶段14地號", "座標X(1)": 203998.0, "座標Y(1)": 2580589.0, "座標X(2)": null, "座標Y(2)": null, "有無貼牌": "--", "有無QRCode": "無", "說明": "護坡41公尺", "保管人": "吳宗翰" }, "geometry": { "type": "Point", "coordinates": [ 120.550165366752452, 23.327216250967243 ] } },
{ "type": "Feature", "properties": { "工程（財產）名稱": "觀測臺", "工程（財產）別名": "西港橋水位站房", "財產編號": "2020202-002D 91-0000017", "保管單位": "曾管中心", "入帳日期(購置日期)": "1984-01-30", "清查日期": "2022/08/01", "地籍": "河川公地上無地籍資料", "座標X(1)": 168403.61, "座標Y(1)": 2556723.69, "座標X(2)": "168397", "座標Y(2)": "2556720", "有無貼牌": "是", "有無QRCode": "無", "說明": null, "保管人": "蘇芫德" }, "geometry": { "type": "Point", "coordinates": [ 120.203401980324571, 23.110336022839213 ] } },
{ "type": "Feature", "properties": { "工程（財產）名稱": "沈砂池", "工程（財產）別名": "沉砂池 (滯洪沉砂池)曾文水庫防淤隧道工程-", "財產編號": "2020404-0008 00-0000003", "保管單位": "警察隊", "入帳日期(購置日期)": "2016-07-15", "清查日期": "2025/02/13", "地籍": "嘉義縣大埔鄉柳藤潭段11-12號", "座標X(1)": 202641.57, "座標Y(1)": 2572106.9, "座標X(2)": "202610", "座標Y(2)": "2572100", "有無貼牌": "是", "有無QRCode": "有", "說明": "面朝操作控制室右手邊方向,位操作控制室之右側後方", "保管人": "洪瑞隆" }, "geometry": { "type": "Point", "coordinates": [ 120.537166625660163, 23.250583314164295 ] } },
{ "type": "Feature", "properties": { "工程（財產）名稱": "護坡", "工程（財產）別名": "103曾文水庫週邊零星工程(大埔茄苳西興)", "財產編號": "1110102-003A 00-0000092", "保管單位": "養護科", "入帳日期(購置日期)": "2015-01-06", "清查日期": "--", "地籍": "嘉義縣大埔鄉大埔段1064", "座標X(1)": 208907.0, "座標Y(1)": 2576005.0, "座標X(2)": null, "座標Y(2)": null, "有無貼牌": "--", "有無QRCode": "無", "說明": null, "保管人": "吳宗翰" }, "geometry": { "type": "Point", "coordinates": [ 120.598291832688162, 23.285952448987477 ] } },
{ "type": "Feature", "properties": { "工程（財產）名稱": "護坡", "工程（財產）別名": "賀伯颱風處理工程大埔", "財產編號": "1110102-003A 91-0000003", "保管單位": "曾管中心", "入帳日期(購置日期)": "1999-02-20", "清查日期": "2014/07/18", "地籍": "嘉義縣大埔鄉大埔段1639-8號", "座標X(1)": 207010.8, "座標Y(1)": 2576138.34, "座標X(2)": null, "座標Y(2)": null, "有無貼牌": "--", "有無QRCode": "無", "說明": "位於鞠月半島", "保管人": "陳乙震" }, "geometry": { "type": "Point", "coordinates": [ 120.579751963821593, 23.287107976522279 ] } },
{ "type": "Feature", "properties": { "工程（財產）名稱": "護坡", "工程（財產）別名": "101年度大埔鄉轄內曾文水庫集水區週邊零星", "財產編號": "1110102-003A 00-0000462", "保管單位": "養護科", "入帳日期(購置日期)": "2012-12-31", "清查日期": "2017/09/20", "地籍": "大埔段1460-8地號", "座標X(1)": 204637.0, "座標Y(1)": 2570661.0, "座標X(2)": null, "座標Y(2)": null, "有無貼牌": "--", "有無QRCode": "無", "說明": "護坡 0.5m(H)×185m(L)", "保管人": "吳宗翰" }, "geometry": { "type": "Point", "coordinates": [ 120.556710623775345, 23.23758281830354 ] } },
{ "type": "Feature", "properties": { "工程（財產）名稱": "護坡", "工程（財產）別名": "曾文水庫壩區災害復建(第一期)治理工程", "財產編號": "1110102-003A 00-0000089", "保管單位": "曾管中心", "入帳日期(購置日期)": "2012-07-30", "清查日期": "2012/11/16", "地籍": "台南市東山區下南勢段948-9號", "座標X(1)": 199045.49, "座標Y(1)": 2569814.15, "座標X(2)": null, "座標Y(2)": null, "有無貼牌": "--", "有無QRCode": "無", "說明": "四號橋附近", "保管人": "陳乙震" }, "geometry": { "type": "Point", "coordinates": [ 120.502100001346207, 23.229772023816633 ] } },
{ "type": "Feature", "properties": { "工程（財產）名稱": "觀測臺", "工程（財產）別名": "水山雨量站", "財產編號": "2020202-002D 91-0000003", "保管單位": "曾管中心", "入帳日期(購置日期)": "1969-06-01", "清查日期": "2012/12/13", "地籍": null, "座標X(1)": 232568.408, "座標Y(1)": 2596281.03, "座標X(2)": null, "座標Y(2)": null, "有無貼牌": "--", "有無QRCode": "無", "說明": "由阿里山公路約96公里處,特富野古道走入至2.7公里處縱切至山頂,全程走路預計2-2.5小時路程", "保管人": "蘇芫德" }, "geometry": { "type": "Point", "coordinates": [ 120.82936040426695, 23.469472061961987 ] } },
{ "type": "Feature", "properties": { "工程（財產）名稱": "觀測臺", "工程（財產）別名": "玉井橋水位站房", "財產編號": "2020202-002D 91-0000015", "保管單位": "曾管中心", "入帳日期(購置日期)": "1983-12-30", "清查日期": "2012/12/13", "地籍": "台南市玉井區南段565", "座標X(1)": 194449.49, "座標Y(1)": 2557529.46, "座標X(2)": null, "座標Y(2)": null, "有無貼牌": "--", "有無QRCode": "無", "說明": "玉井紀念公園", "保管人": "吳章正" }, "geometry": { "type": "Point", "coordinates": [ 120.457639020156719, 23.118690996165984 ] } },
{ "type": "Feature", "properties": { "工程（財產）名稱": "觀測臺", "工程（財產）別名": "國聖橋水位站房", "財產編號": "2020202-002D 91-0000019", "保管單位": "曾管中心", "入帳日期(購置日期)": "1984-02-01", "清查日期": "2022/08/08", "地籍": "位台南市河川用地上,目前無地籍資料", "座標X(1)": 161010.83, "座標Y(1)": 2554862.23, "座標X(2)": "161043", "座標Y(2)": "2554848", "有無貼牌": "是", "有無QRCode": "無", "說明": null, "保管人": "蘇芫德" }, "geometry": { "type": "Point", "coordinates": [ 120.13134300795889, 23.093147016758465 ] } },
{ "type": "Feature", "properties": { "工程（財產）名稱": "護岸", "工程（財產）別名": "護岸/109曾文水庫蓄水範圍護岸上游段第一期", "財產編號": "1110102-008E 00-0000491", "保管單位": "曾管中心", "入帳日期(購置日期)": "2022-11-01", "清查日期": "--", "地籍": null, "座標X(1)": 211512.32, "座標Y(1)": 2578247.19, "座標X(2)": null, "座標Y(2)": null, "有無貼牌": "--", "有無QRCode": "無", "說明": null, "保管人": "李勝雄" }, "geometry": { "type": "Point", "coordinates": [ 120.62370299238566, 23.30626301898792 ] } },
{ "type": "Feature", "properties": { "工程（財產）名稱": "護岸", "工程（財產）別名": "護岸/曾文水庫達德安壩下游右岸崩塌地整治", "財產編號": "1110102-008E 00-0000490", "保管單位": "曾管中心", "入帳日期(購置日期)": "2018-11-06", "清查日期": "2024/02/19", "地籍": "嘉義縣阿里山鄉達邦段(0947)9017-90地號", "座標X(1)": 223435.629, "座標Y(1)": 2594545.878, "座標X(2)": "223480", "座標Y(2)": "2594445", "有無貼牌": "是", "有無QRCode": "無", "說明": null, "保管人": "周駿宏" }, "geometry": { "type": "Point", "coordinates": [ 120.739989997946722, 23.453679999239824 ] } },
{ "type": "Feature", "properties": { "工程（財產）名稱": "護岸", "工程（財產）別名": "護岸,106曾文水庫大埔壩右岸主流河道治理工", "財產編號": "1110102-008E 00-0000489", "保管單位": "曾管中心", "入帳日期(購置日期)": "2018-06-08", "清查日期": "--", "地籍": "嘉義縣大埔鄉射免潭段76地號、埔東段1地號。高雄市那瑪夏區達梧芒段8及12地號。", "座標X(1)": 213953.226, "座標Y(1)": 2577264.368, "座標X(2)": null, "座標Y(2)": null, "有無貼牌": "--", "有無QRCode": "無", "說明": "混凝土護岸、砌塊石坡面護岸。 砌塊石坡面護岸於107年8月24日因豪雨影響損壞約30M，損壞修復作業於108年8月28日驗收合格。 損壞部分財產減損由審計部109年12月23日台審部四字第1090059728號函備查在案（收文號1095007003）", "保管人": "周駿宏" }, "geometry": { "type": "Point", "coordinates": [ 120.64759093633468, 23.297443380043248 ] } },
{ "type": "Feature", "properties": { "工程（財產）名稱": "護岸", "工程（財產）別名": "西燕村水土保持工程", "財產編號": "1110102-008E 95-0000007", "保管單位": "阿管中心", "入帳日期(購置日期)": "2006-02-20", "清查日期": "2015/04/23", "地籍": "高雄市燕巢區尖山段743-5號", "座標X(1)": 184436.0, "座標Y(1)": 2522998.0, "座標X(2)": null, "座標Y(2)": null, "有無貼牌": "--", "有無QRCode": "無", "說明": null, "保管人": "呂元鈞" }, "geometry": { "type": "Point", "coordinates": [ 120.361343910486355, 22.806498129832111 ] } },
{ "type": "Feature", "properties": { "工程（財產）名稱": "護岸", "工程（財產）別名": "茶山區處理工程-468M2", "財產編號": "1110102-008E 95-0000008", "保管單位": "曾管中心", "入帳日期(購置日期)": "2006-12-29", "清查日期": "2023/12/15", "地籍": "嘉義縣阿里山鄉茶西段37號", "座標X(1)": 216100.0, "座標Y(1)": 2579025.0, "座標X(2)": "215837", "座標Y(2)": "2578631", "有無貼牌": "是", "有無QRCode": "無", "說明": "此係本分署自建工程,須更正座標為 X216100 Y2579025", "保管人": "連偉成" }, "geometry": { "type": "Point", "coordinates": [ 120.668539063691142, 23.313388056096777 ] } },
{ "type": "Feature", "properties": { "工程（財產）名稱": "護岸", "工程（財產）別名": "達邦及里佳村道路及排水改善工程-98.5M", "財產編號": "1110102-008E 00-0000019", "保管單位": "養護科", "入帳日期(購置日期)": "2010-12-31", "清查日期": "2012/11/23", "地籍": "嘉義縣阿里山鄉達邦村", "座標X(1)": 227733.0, "座標Y(1)": 2595771.0, "座標X(2)": null, "座標Y(2)": null, "有無貼牌": "--", "有無QRCode": "無", "說明": null, "保管人": "吳宗翰" }, "geometry": { "type": "Point", "coordinates": [ 120.782033912679978, 23.464807448265329 ] } },
{ "type": "Feature", "properties": { "工程（財產）名稱": "護坡", "工程（財產）別名": "蓬萊橋尖山端-1758m2", "財產編號": "1110102-003A 00-0000060", "保管單位": "阿管中心", "入帳日期(購置日期)": "2007-12-31", "清查日期": "2012/05/22", "地籍": "高雄市燕巢區尖山段739-11號", "座標X(1)": 184554.0, "座標Y(1)": 2522722.0, "座標X(2)": null, "座標Y(2)": null, "有無貼牌": "--", "有無QRCode": "無", "說明": null, "保管人": "呂元鈞" }, "geometry": { "type": "Point", "coordinates": [ 120.362504882893816, 22.804010340520666 ] } },
{ "type": "Feature", "properties": { "工程（財產）名稱": "護岸", "工程（財產）別名": "達邦潮州湖-111M", "財產編號": "1110102-008E 00-0000010", "保管單位": "曾管中心", "入帳日期(購置日期)": "2007-12-31", "清查日期": "2023/12/15", "地籍": null, "座標X(1)": 215905.72, "座標Y(1)": 2592372.39, "座標X(2)": "215772", "座標Y(2)": "2592396", "有無貼牌": "是", "有無QRCode": "無", "說明": null, "保管人": "連偉成" }, "geometry": { "type": "Point", "coordinates": [ 120.666337984007228, 23.433913023940356 ] } },
{ "type": "Feature", "properties": { "工程（財產）名稱": "護岸", "工程（財產）別名": "金山村二號橋邊坡擋土", "財產編號": "1110102-008E 00-0000014", "保管單位": "阿管中心", "入帳日期(購置日期)": "2002-03-19", "清查日期": "2014/08/27", "地籍": "高雄市燕巢區援巢中段34-4號", "座標X(1)": 186316.38, "座標Y(1)": 2522111.95, "座標X(2)": null, "座標Y(2)": null, "有無貼牌": "--", "有無QRCode": "無", "說明": "二號橋之兩側護岸", "保管人": "李冠緯" }, "geometry": { "type": "Point", "coordinates": [ 120.379695985750033, 22.798569036476312 ] } },
{ "type": "Feature", "properties": { "工程（財產）名稱": "明渠", "工程（財產）別名": "委辦零星工程-30M", "財產編號": "1110101-029C 00-0000036", "保管單位": "高屏溪攔河堰", "入帳日期(購置日期)": "2008-12-25", "清查日期": "2024/05/27", "地籍": "龍目段281號", "座標X(1)": 190764.0, "座標Y(1)": 2510471.0, "座標X(2)": "190733", "座標Y(2)": "2510598", "有無貼牌": "是", "有無QRCode": "無", "說明": null, "保管人": "沈文忠" }, "geometry": { "type": "Point", "coordinates": [ 120.423456988981386, 22.693607295869707 ] } },
{ "type": "Feature", "properties": { "工程（財產）名稱": "明渠", "工程（財產）別名": "明渠-1545M", "財產編號": "1110101-029C 00-0000069", "保管單位": "高屏溪攔河堰", "入帳日期(購置日期)": "2010-05-04", "清查日期": "2012/04/18", "地籍": "高雄市大樹區三和段84號", "座標X(1)": 191959.0, "座標Y(1)": 2512767.0, "座標X(2)": "191997", "座標Y(2)": "2512758", "有無貼牌": "是", "有無QRCode": "無", "說明": null, "保管人": "沈文忠" }, "geometry": { "type": "Point", "coordinates": [ 120.435002411009648, 22.714383099257319 ] } },
{ "type": "Feature", "properties": { "工程（財產）名稱": "明渠", "工程（財產）別名": "尖山村-排水溝-44.9M", "財產編號": "1110101-029C 00-0000062", "保管單位": "阿管中心", "入帳日期(購置日期)": "2009-12-22", "清查日期": "--", "地籍": "高雄市燕巢區尖山段746-1", "座標X(1)": 184197.78, "座標Y(1)": 2522934.25, "座標X(2)": null, "座標Y(2)": null, "有無貼牌": "--", "有無QRCode": "無", "說明": null, "保管人": "林堉介" }, "geometry": { "type": "Point", "coordinates": [ 120.35902622414477, 22.805913130542269 ] } },
{ "type": "Feature", "properties": { "工程（財產）名稱": "明渠", "工程（財產）別名": "尖山後荷野溝整流工程", "財產編號": "1110101-029C 00-0000031", "保管單位": "阿管中心", "入帳日期(購置日期)": "2001-12-17", "清查日期": "2015/01/16", "地籍": "高雄市燕巢區尖山段981-13號", "座標X(1)": 185619.79, "座標Y(1)": 2524563.77, "座標X(2)": null, "座標Y(2)": null, "有無貼牌": "--", "有無QRCode": "無", "說明": null, "保管人": "李冠緯" }, "geometry": { "type": "Point", "coordinates": [ 120.372809885963136, 22.820683440429857 ] } },
{ "type": "Feature", "properties": { "工程（財產）名稱": "明渠", "工程（財產）別名": "東源村入口邊坡排水改善工程", "財產編號": "1110101-029C 00-0000088", "保管單位": "牡管中心", "入帳日期(購置日期)": "2011-01-28", "清查日期": "2019/10/07", "地籍": "屏東縣牡丹鄉東源段1706-4號", "座標X(1)": 234266.0, "座標Y(1)": 2455180.0, "座標X(2)": null, "座標Y(2)": null, "有無貼牌": "--", "有無QRCode": "無", "說明": null, "保管人": "周百欽" }, "geometry": { "type": "Point", "coordinates": [ 120.847405674217683, 22.195221151572433 ] } },
{ "type": "Feature", "properties": { "工程（財產）名稱": "明渠", "工程（財產）別名": "102高屏溪攔河堰上游環境委辦工程-中區", "財產編號": "1110101-029C 00-0000348", "保管單位": "高屏溪攔河堰", "入帳日期(購置日期)": "2014-03-17", "清查日期": "2014/07/16", "地籍": "高雄市大樹區段小坪133號", "座標X(1)": 188726.0, "座標Y(1)": 2510176.0, "座標X(2)": "188728", "座標Y(2)": "2510176", "有無貼牌": "--", "有無QRCode": "無", "說明": "X:188685.69;Y:2510182.19", "保管人": "沈文忠" }, "geometry": { "type": "Point", "coordinates": [ 120.403633510444678, 22.690870590073661 ] } },
{ "type": "Feature", "properties": { "工程（財產）名稱": "明渠", "工程（財產）別名": "曾文水庫電廠增設冷卻水暨開關場排水改善工", "財產編號": "1110101-029C 00-0000350", "保管單位": "曾管中心", "入帳日期(購置日期)": "2014-04-21", "清查日期": "2024/01/29", "地籍": "嘉義縣大埔鄉柳藤潭段61號", "座標X(1)": 202288.8, "座標Y(1)": 2571769.0, "座標X(2)": "202296", "座標Y(2)": "2571809", "有無貼牌": "是", "有無QRCode": "無", "說明": null, "保管人": "連偉成" }, "geometry": { "type": "Point", "coordinates": [ 120.533729704507138, 23.247521829796558 ] } },
{ "type": "Feature", "properties": { "工程（財產）名稱": "溢流道", "工程（財產）別名": "溢流道/108阿公店水庫邊緣設施崩塌地處工程", "財產編號": "2020404-0007 00-0000004", "保管單位": "阿管中心", "入帳日期(購置日期)": "2020-12-24", "清查日期": "2021/05/12", "地籍": "高雄市燕巢區尖山段1040-13及1064-19地號(本局)", "座標X(1)": 184706.0, "座標Y(1)": 2524148.0, "座標X(2)": "184713", "座標Y(2)": "2524148", "有無貼牌": "是", "有無QRCode": "無", "說明": null, "保管人": "陳煌祥" }, "geometry": { "type": "Point", "coordinates": [ 120.363925628740873, 22.816893593665775 ] } },
{ "type": "Feature", "properties": { "工程（財產）名稱": "明渠", "工程（財產）別名": "埔頂大埔區工程-41.2M", "財產編號": "1110101-029C 00-0000063", "保管單位": "曾管中心", "入帳日期(購置日期)": "2009-12-31", "清查日期": "2013/04/02", "地籍": "嘉義縣大埔鄉大埔段1755號", "座標X(1)": 206715.41, "座標Y(1)": 2579126.53, "座標X(2)": null, "座標Y(2)": null, "有無貼牌": "--", "有無QRCode": "無", "說明": "位於埔頂產業道路", "保管人": "陳乙震" }, "geometry": { "type": "Point", "coordinates": [ 120.576779040522425, 23.314084004435539 ] } },
{ "type": "Feature", "properties": { "工程（財產）名稱": "明渠", "工程（財產）別名": "高屏堰上游週邊環境委辦零星工程-76M", "財產編號": "1110101-029C 00-0000090", "保管單位": "高屏溪攔河堰", "入帳日期(購置日期)": "2011-04-25", "清查日期": "2024/12/04", "地籍": "溪埔段310-378號", "座標X(1)": 192884.0, "座標Y(1)": 2517645.0, "座標X(2)": "192887", "座標Y(2)": "2517655", "有無貼牌": "是", "有無QRCode": "無", "說明": null, "保管人": "沈文忠" }, "geometry": { "type": "Point", "coordinates": [ 120.443828307102009, 22.75846596245875 ] } },
{ "type": "Feature", "properties": { "工程（財產）名稱": "明渠", "工程（財產）別名": "截水溝(I工區)-4M", "財產編號": "1110101-029C 00-0000048", "保管單位": "養護科", "入帳日期(購置日期)": "2009-05-26", "清查日期": "2014/03/05", "地籍": "嘉義縣大埔鄉沙米箕段56號", "座標X(1)": 210415.0, "座標Y(1)": 2580779.08, "座標X(2)": "210406.98", "座標Y(2)": "2580779.08", "有無貼牌": "--", "有無QRCode": "無", "說明": "水溝有淤積現象，地主須自行清理", "保管人": "吳宗翰" }, "geometry": { "type": "Point", "coordinates": [ 120.612908398272083, 23.329100290230947 ] } },
{ "type": "Feature", "properties": { "工程（財產）名稱": "明渠", "工程（財產）別名": "102年阿公水庫集水區水土保持零星工程-", "財產編號": "1110101-029C 00-0000337", "保管單位": "阿管中心", "入帳日期(購置日期)": "2014-01-09", "清查日期": "2019/06/21", "地籍": "高雄市燕巢區千秋寮段207-17、183-1號", "座標X(1)": 188273.53, "座標Y(1)": 2523745.67, "座標X(2)": "188675.45", "座標Y(2)": "2523745.67", "有無貼牌": "--", "有無QRCode": "無", "說明": null, "保管人": "陳煌祥" }, "geometry": { "type": "Point", "coordinates": [ 120.398693858442002, 22.813395283735296 ] } },
{ "type": "Feature", "properties": { "工程（財產）名稱": "明渠", "工程（財產）別名": "排水溝(O工區)-28M", "財產編號": "1110101-029C 00-0000050", "保管單位": "養護科", "入帳日期(購置日期)": "2009-05-26", "清查日期": "2014/03/05", "地籍": "嘉義縣大埔鄉大埔段668-1號", "座標X(1)": 206631.8, "座標Y(1)": 2579217.03, "座標X(2)": null, "座標Y(2)": null, "有無貼牌": "--", "有無QRCode": "無", "說明": null, "保管人": "吳宗翰" }, "geometry": { "type": "Point", "coordinates": [ 120.575958957808396, 23.314899021660448 ] } },
{ "type": "Feature", "properties": { "工程（財產）名稱": "明渠", "工程（財產）別名": "截水溝(G工區)-4M", "財產編號": "1110101-029C 00-0000046", "保管單位": "養護科", "入帳日期(購置日期)": "2009-05-26", "清查日期": "2014/04/10", "地籍": "嘉義縣大埔鄉水寮段9號", "座標X(1)": 213117.46, "座標Y(1)": 2579655.92, "座標X(2)": null, "座標Y(2)": null, "有無貼牌": "--", "有無QRCode": "無", "說明": null, "保管人": "吳宗翰" }, "geometry": { "type": "Point", "coordinates": [ 120.639362015042934, 23.319021010244018 ] } },
{ "type": "Feature", "properties": { "工程（財產）名稱": "明渠", "工程（財產）別名": "101年高屏溪攔河堰上游週邊環境委辦零星工", "財產編號": "1110101-029C 00-0000323", "保管單位": "高屏溪攔河堰", "入帳日期(購置日期)": "2013-12-30", "清查日期": "2024/06/25", "地籍": "高雄市大樹區檨子腳段739-3號~739-14號", "座標X(1)": 190177.0, "座標Y(1)": 2511276.0, "座標X(2)": "190187", "座標Y(2)": "2511273", "有無貼牌": "是", "有無QRCode": "無", "說明": null, "保管人": "沈文忠" }, "geometry": { "type": "Point", "coordinates": [ 120.417713228935057, 22.700856256233973 ] } },
{ "type": "Feature", "properties": { "工程（財產）名稱": "明渠", "工程（財產）別名": "102高屏溪攔河上游週邊環境委辦工程-中區", "財產編號": "1110101-029C 00-0000346", "保管單位": "高屏溪攔河堰", "入帳日期(購置日期)": "2014-03-17", "清查日期": "2024/12/04", "地籍": "高雄市大樹區姑山段787號~794號", "座標X(1)": 190172.0, "座標Y(1)": 2511786.0, "座標X(2)": "190195", "座標Y(2)": "2511786", "有無貼牌": "是", "有無QRCode": "無", "說明": "X:190177 ;Y:2511817", "保管人": "沈文忠" }, "geometry": { "type": "Point", "coordinates": [ 120.417645090048211, 22.705461687561318 ] } },
{ "type": "Feature", "properties": { "工程（財產）名稱": "明渠", "工程（財產）別名": "103年高屏溪堰攔河堰上游週邊環境零星工程", "財產編號": "1110101-029C 00-0000406", "保管單位": "高屏溪攔河堰", "入帳日期(購置日期)": "2015-05-26", "清查日期": "2024/12/04", "地籍": "大樹區大庄段279", "座標X(1)": 192597.0, "座標Y(1)": 2511004.0, "座標X(2)": "192640", "座標Y(2)": "2511048", "有無貼牌": "是", "有無QRCode": "無", "說明": "大樹區大庄段279", "保管人": "沈文忠" }, "geometry": { "type": "Point", "coordinates": [ 120.441277366017019, 22.698483902514131 ] } },
{ "type": "Feature", "properties": { "工程（財產）名稱": "明渠", "工程（財產）別名": "鞍平巷邊坡-明渠-36M", "財產編號": "1110101-029C 00-0000065", "保管單位": "阿管中心", "入帳日期(購置日期)": "2009-12-30", "清查日期": "2014/08/22", "地籍": "高雄市田寮區擾巢中段73-4號", "座標X(1)": 186241.3, "座標Y(1)": 2521640.52, "座標X(2)": null, "座標Y(2)": null, "有無貼牌": "--", "有無QRCode": "無", "說明": null, "保管人": "林堉介" }, "geometry": { "type": "Point", "coordinates": [ 120.378983993464672, 22.79430897237857 ] } },
{ "type": "Feature", "properties": { "工程（財產）名稱": "明渠", "工程（財產）別名": "103年甲仙攔河水土保持工程", "財產編號": "1110101-029C 00-0000407", "保管單位": "甲仙攔河堰管理中心", "入帳日期(購置日期)": "2015-06-01", "清查日期": "2021/09/25", "地籍": "台南市南化區西大丘園段242-2地號(自來水公司A:36281平方公尺),311號(林務局A37,585.69平方公尺)", "座標X(1)": 204584.0, "座標Y(1)": 2553841.0, "座標X(2)": "204574", "座標Y(2)": "2553833", "有無貼牌": "是", "有無QRCode": "無", "說明": "長86米", "保管人": "洪瑞隆" }, "geometry": { "type": "Point", "coordinates": [ 120.556692919129858, 23.085692042655229 ] } },
{ "type": "Feature", "properties": { "工程（財產）名稱": "明渠", "工程（財產）別名": "新興橋上游崩坍地11.5", "財產編號": "1110101-029C 00-0000039", "保管單位": "阿管中心", "入帳日期(購置日期)": "2008-12-31", "清查日期": "2025/02/26", "地籍": "高雄市田寮區牛稠埔段476-40號", "座標X(1)": 185669.7038, "座標Y(1)": 2525123.2048, "座標X(2)": null, "座標Y(2)": null, "有無貼牌": "--", "有無QRCode": "無", "說明": null, "保管人": "黃?原" }, "geometry": { "type": "Point", "coordinates": [ 120.373272998634434, 22.825737270602851 ] } },
{ "type": "Feature", "properties": { "工程（財產）名稱": "明渠", "工程（財產）別名": "排水溝(K工區)-39M", "財產編號": "1110101-029C 00-0000053", "保管單位": "養護科", "入帳日期(購置日期)": "2009-05-26", "清查日期": "2014/03/03", "地籍": "嘉義縣大埔鄉大埔段892-51號", "座標X(1)": 208834.0, "座標Y(1)": 2577296.92, "座標X(2)": "208838.08", "座標Y(2)": "2577296.92", "有無貼牌": "--", "有無QRCode": "無", "說明": null, "保管人": "吳宗翰" }, "geometry": { "type": "Point", "coordinates": [ 120.597543151224372, 23.297616889005365 ] } },
{ "type": "Feature", "properties": { "工程（財產）名稱": "明渠", "工程（財產）別名": "旺萊溪護岸排水-143M", "財產編號": "1110101-029C 95-0000020", "保管單位": "阿管中心", "入帳日期(購置日期)": "2006-12-29", "清查日期": "2015/03/09", "地籍": "高雄市田寮區水蛙潭段381-1號", "座標X(1)": 186681.0, "座標Y(1)": 2524667.0, "座標X(2)": null, "座標Y(2)": null, "有無貼牌": "--", "有無QRCode": "無", "說明": null, "保管人": "呂元鈞" }, "geometry": { "type": "Point", "coordinates": [ 120.383143497909046, 22.821656002614297 ] } },
{ "type": "Feature", "properties": { "工程（財產）名稱": "明渠", "工程（財產）別名": "明渠-排水溝-36M", "財產編號": "1110101-029C 00-0000081", "保管單位": "阿管中心", "入帳日期(購置日期)": "2010-12-21", "清查日期": "2014/08/26", "地籍": "高雄市田寮區牛稠埔段245-4號", "座標X(1)": 184456.13, "座標Y(1)": 2526180.93, "座標X(2)": null, "座標Y(2)": null, "有無貼牌": "--", "有無QRCode": "無", "說明": null, "保管人": "林堉介" }, "geometry": { "type": "Point", "coordinates": [ 120.36140595913011, 22.835241972731971 ] } },
{ "type": "Feature", "properties": { "工程（財產）名稱": "明渠", "工程（財產）別名": "明渠-排水溝-6M", "財產編號": "1110101-029C 00-0000080", "保管單位": "阿管中心", "入帳日期(購置日期)": "2010-12-21", "清查日期": "2014/08/26", "地籍": "高雄市田寮區牛埔段240號", "座標X(1)": 184472.51, "座標Y(1)": 2526145.32, "座標X(2)": null, "座標Y(2)": null, "有無貼牌": "--", "有無QRCode": "無", "說明": null, "保管人": "林堉介" }, "geometry": { "type": "Point", "coordinates": [ 120.361567042159223, 22.834921041326261 ] } },
{ "type": "Feature", "properties": { "工程（財產）名稱": "明渠", "工程（財產）別名": "102年阿公店集水區水土保持零星工程岡山區", "財產編號": "1110101-029C 00-0000339", "保管單位": "阿管中心", "入帳日期(購置日期)": "2014-02-12", "清查日期": "2019/06/21", "地籍": "高雄市岡山區陀子段2701號", "座標X(1)": 182227.285, "座標Y(1)": 2524401.66, "座標X(2)": "182225.75", "座標Y(2)": "2524401.66", "有無貼牌": "--", "有無QRCode": "無", "說明": null, "保管人": "陳煌祥" }, "geometry": { "type": "Point", "coordinates": [ 120.339768907523109, 22.819086033879277 ] } },
{ "type": "Feature", "properties": { "工程（財產）名稱": "明渠", "工程（財產）別名": "明渠-排水溝-9M", "財產編號": "1110101-029C 00-0000077", "保管單位": "阿管中心", "入帳日期(購置日期)": "2010-12-21", "清查日期": "2014/08/26", "地籍": "高雄市田寮區牛稠埔段240號", "座標X(1)": 184478.97, "座標Y(1)": 2526144.18, "座標X(2)": null, "座標Y(2)": null, "有無貼牌": "--", "有無QRCode": "無", "說明": null, "保管人": "林堉介" }, "geometry": { "type": "Point", "coordinates": [ 120.36163002681846, 22.83491099897271 ] } },
{ "type": "Feature", "properties": { "工程（財產）名稱": "明渠", "工程（財產）別名": "高屏溪河堰上游週邊環境委辦工程-北區", "財產編號": "1110101-029C 00-0000341", "保管單位": "高屏溪攔河堰", "入帳日期(購置日期)": "2014-03-17", "清查日期": "2024/12/04", "地籍": "高雄市大樹區洲仔段890號~913號", "座標X(1)": 192343.0, "座標Y(1)": 2512336.0, "座標X(2)": "192333", "座標Y(2)": "2512387", "有無貼牌": "是", "有無QRCode": "無", "說明": null, "保管人": "沈文忠" }, "geometry": { "type": "Point", "coordinates": [ 120.438756171902398, 22.71050405979269 ] } },
{ "type": "Feature", "properties": { "工程（財產）名稱": "明渠", "工程（財產）別名": "阿公店水庫牛路彎橋下游河道保護及石門仔箱", "財產編號": "1110101-029C 00-0000314", "保管單位": "阿管中心", "入帳日期(購置日期)": "2012-03-30", "清查日期": "2012/05/25", "地籍": "高雄市燕巢區尖山段537-6號、千秋寮段119-3號", "座標X(1)": 186680.0, "座標Y(1)": 2522364.0, "座標X(2)": "186735", "座標Y(2)": "2522364", "有無貼牌": "--", "有無QRCode": "無", "說明": null, "保管人": "呂元鈞" }, "geometry": { "type": "Point", "coordinates": [ 120.383227390872619, 22.800858895072423 ] } },
{ "type": "Feature", "properties": { "工程（財產）名稱": "明渠", "工程（財產）別名": "山隙路96巷明渠-52.5M", "財產編號": "1110101-029C 00-0000067", "保管單位": "阿管中心", "入帳日期(購置日期)": "2009-12-31", "清查日期": "--", "地籍": "岡山區 子段6-1地號", "座標X(1)": 182579.295, "座標Y(1)": 2525224.891, "座標X(2)": null, "座標Y(2)": null, "有無貼牌": "--", "有無QRCode": "無", "說明": null, "保管人": "林堉介" }, "geometry": { "type": "Point", "coordinates": [ 120.343162298187082, 22.826534260864001 ] } },
{ "type": "Feature", "properties": { "工程（財產）名稱": "明渠", "工程（財產）別名": "紅山區崩塌地-10.4M", "財產編號": "1110101-029C 95-0000021", "保管單位": "阿管中心", "入帳日期(購置日期)": "2006-12-29", "清查日期": "--", "地籍": "燕巢區尖山段716-3地號", "座標X(1)": 185323.311, "座標Y(1)": 2522572.853, "座標X(2)": null, "座標Y(2)": null, "有無貼牌": "--", "有無QRCode": "無", "說明": null, "保管人": "李冠緯" }, "geometry": { "type": "Point", "coordinates": [ 120.370004412666958, 22.802693265717711 ] } },
{ "type": "Feature", "properties": { "工程（財產）名稱": "明渠", "工程（財產）別名": "排水溝-大埔村-13M", "財產編號": "1110101-029C 00-0000071", "保管單位": "養護科", "入帳日期(購置日期)": "2010-09-09", "清查日期": "2012/12/05", "地籍": "大埔鄉大埔村埔北段408號", "座標X(1)": 208762.0, "座標Y(1)": 2577426.0, "座標X(2)": null, "座標Y(2)": null, "有無貼牌": "--", "有無QRCode": "無", "說明": null, "保管人": "吳宗翰" }, "geometry": { "type": "Point", "coordinates": [ 120.596835749097281, 23.298780695575957 ] } },
{ "type": "Feature", "properties": { "工程（財產）名稱": "明渠", "工程（財產）別名": "101年度曾文水庫壩區水土保持工程", "財產編號": "1110101-029C 00-0000317", "保管單位": "曾管中心", "入帳日期(購置日期)": "2012-12-18", "清查日期": "2024/01/26", "地籍": "台南市東山區下南勢段946-11號", "座標X(1)": 201681.22, "座標Y(1)": 2571835.99, "座標X(2)": "201683", "座標Y(2)": "2571851", "有無貼牌": "是", "有無QRCode": "無", "說明": "電廠明渠(大壩左岸)", "保管人": "周駿宏" }, "geometry": { "type": "Point", "coordinates": [ 120.527789993948218, 23.248109023399188 ] } },
{ "type": "Feature", "properties": { "工程（財產）名稱": "明渠", "工程（財產）別名": "高屏溪攔河堰上游週邊環境委辦工程-北區", "財產編號": "1110101-029C 00-0000340", "保管單位": "高屏溪攔河堰", "入帳日期(購置日期)": "2014-03-17", "清查日期": "2024/12/04", "地籍": "高雄市大樹區溪埔段310-429-201號", "座標X(1)": 192640.0, "座標Y(1)": 2516412.0, "座標X(2)": "192721", "座標Y(2)": "2516412", "有無貼牌": "是", "有無QRCode": "無", "說明": "X:192698;Y:2516401", "保管人": "沈文忠" }, "geometry": { "type": "Point", "coordinates": [ 120.441497688011609, 22.747322957458803 ] } },
{ "type": "Feature", "properties": { "工程（財產）名稱": "明渠", "工程（財產）別名": "牡丹水庫落水池尾檻游護坦工程", "財產編號": "1110101-029C 00-0000434", "保管單位": "牡管中心", "入帳日期(購置日期)": "2015-11-09", "清查日期": "2022/05/04", "地籍": "屏東縣牡丹鄉石門段160-1號", "座標X(1)": 227635.0, "座標Y(1)": 2447844.0, "座標X(2)": "227641", "座標Y(2)": "2447848", "有無貼牌": "是", "有無QRCode": "無", "說明": null, "保管人": "蔡國山" }, "geometry": { "type": "Point", "coordinates": [ 120.783197565629777, 22.128892286518113 ] } },
{ "type": "Feature", "properties": { "工程（財產）名稱": "明渠", "工程（財產）別名": "截水溝(G工區)-20M", "財產編號": "1110101-029C 00-0000047", "保管單位": "養護科", "入帳日期(購置日期)": "2009-05-26", "清查日期": "2014/04/10", "地籍": "嘉義縣大埔鄉水寮段37號", "座標X(1)": 212826.63, "座標Y(1)": 2577795.0, "座標X(2)": null, "座標Y(2)": null, "有無貼牌": "--", "有無QRCode": "無", "說明": null, "保管人": "吳宗翰" }, "geometry": { "type": "Point", "coordinates": [ 120.636563993100637, 23.302209963769503 ] } },
{ "type": "Feature", "properties": { "工程（財產）名稱": "明渠", "工程（財產）別名": "103年高屏溪堰攔河堰上游週邊環境零星工程", "財產編號": "1110101-029C 00-0000405", "保管單位": "高屏溪攔河堰", "入帳日期(購置日期)": "2015-05-26", "清查日期": "2024/12/19", "地籍": "大樹區埔尾段231", "座標X(1)": 191743.0, "座標Y(1)": 2510456.0, "座標X(2)": "191744", "座標Y(2)": "2510464", "有無貼牌": "是", "有無QRCode": "無", "說明": "1.大樹區埔尾段2312.位舊公所旁(公所已遷移),現改為失智長照中心", "保管人": "沈文忠" }, "geometry": { "type": "Point", "coordinates": [ 120.432985775341351, 22.693505876071178 ] } },
{ "type": "Feature", "properties": { "工程（財產）名稱": "混凝土井管塔", "工程（財產）別名": "防洪牆加高工程-100馬力抽泥機出水口井管塔", "財產編號": "2020407-0004 00-0000002", "保管單位": "高屏溪攔河堰", "入帳日期(購置日期)": "2010-12-31", "清查日期": "2022/08/16", "地籍": "位河川公地上,無地籍資料", "座標X(1)": 192063.0, "座標Y(1)": 2509810.0, "座標X(2)": "191972", "座標Y(2)": "2509682", "有無貼牌": "是", "有無QRCode": "無", "說明": null, "保管人": "沈文忠" }, "geometry": { "type": "Point", "coordinates": [ 120.436124082439548, 22.687683080672105 ] } },
{ "type": "Feature", "properties": { "工程（財產）名稱": "下承橋樑", "工程（財產）別名": "曾文永興大埔區處理工", "財產編號": "1110101-014B 95-0000001", "保管單位": "曾管中心", "入帳日期(購置日期)": "2006-03-30", "清查日期": "--", "地籍": "曾文溪上游河道/高雄市那瑪夏區達悟芒段2號", "座標X(1)": 213698.0, "座標Y(1)": 2577137.0, "座標X(2)": null, "座標Y(2)": null, "有無貼牌": "--", "有無QRCode": "無", "說明": null, "保管人": "黃政達" }, "geometry": { "type": "Point", "coordinates": [ 120.645098822473912, 23.29628759210576 ] } },
{ "type": "Feature", "properties": { "工程（財產）名稱": "下承橋樑", "工程（財產）別名": "102年曾文水庫公共設施整建工程", "財產編號": "1110101-014B 00-0000002", "保管單位": "曾管中心", "入帳日期(購置日期)": "2014-06-24", "清查日期": "--", "地籍": "嘉義縣大埔鄉草嶺段25號", "座標X(1)": 206147.0, "座標Y(1)": 2569471.0, "座標X(2)": null, "座標Y(2)": null, "有無貼牌": "--", "有無QRCode": "無", "說明": null, "保管人": "陳乙震" }, "geometry": { "type": "Point", "coordinates": [ 120.571500395545186, 23.226877790869338 ] } },
{ "type": "Feature", "properties": { "工程（財產）名稱": "護岸", "工程（財產）別名": "平實三號橋上下游治理", "財產編號": "1110102-008E 00-0000011", "保管單位": "牡管中心", "入帳日期(購置日期)": "2005-12-30", "清查日期": "2022/05/04", "地籍": "屏東縣牡丹鄉牡丹段259號", "座標X(1)": 230926.03, "座標Y(1)": 2449976.22, "座標X(2)": "230936", "座標Y(2)": "2449972", "有無貼牌": "是", "有無QRCode": "無", "說明": null, "保管人": "周百欽" }, "geometry": { "type": "Point", "coordinates": [ 120.815074962114124, 22.148189016182329 ] } },
{ "type": "Feature", "properties": { "工程（財產）名稱": "護岸", "工程（財產）別名": "石籠護岸", "財產編號": "1110102-008E 93-0000001", "保管單位": "牡管中心", "入帳日期(購置日期)": "2004-12-31", "清查日期": "2014/04/01", "地籍": "屏東縣牡丹鄉牡丹段85號", "座標X(1)": 232988.73, "座標Y(1)": 2452361.12, "座標X(2)": null, "座標Y(2)": null, "有無貼牌": "--", "有無QRCode": "無", "說明": null, "保管人": "周百欽" }, "geometry": { "type": "Point", "coordinates": [ 120.835047977244614, 22.169750026961623 ] } },
{ "type": "Feature", "properties": { "工程（財產）名稱": "護岸", "工程（財產）別名": "里佳防砂壩上游-550M", "財產編號": "1110102-008E 00-0000016", "保管單位": "曾管中心", "入帳日期(購置日期)": "2008-06-17", "清查日期": "2013/06/14", "地籍": "嘉義縣阿里山鄉樂野段521.467號", "座標X(1)": 219922.12, "座標Y(1)": 2594334.67, "座標X(2)": "219829.6", "座標Y(2)": "2594334.67", "有無貼牌": "是", "有無QRCode": "無", "說明": null, "保管人": "連偉成" }, "geometry": { "type": "Point", "coordinates": [ 120.70560460344737, 23.45171167533017 ] } },
{ "type": "Feature", "properties": { "工程（財產）名稱": "護岸", "工程（財產）別名": "106阿公店水庫既設人工濕地更新工程", "財產編號": "1110102-008E 00-0000487", "保管單位": "阿管中心", "入帳日期(購置日期)": "2018-05-08", "清查日期": "2019/06/21", "地籍": "高雄市田寮區牛稠埔段198-6及198-4號", "座標X(1)": 184761.82, "座標Y(1)": 2524119.64, "座標X(2)": null, "座標Y(2)": null, "有無貼牌": "--", "有無QRCode": "無", "說明": "長25米(工區2)", "保管人": "陳煌祥" }, "geometry": { "type": "Point", "coordinates": [ 120.364470572844823, 22.816639661134829 ] } },
{ "type": "Feature", "properties": { "工程（財產）名稱": "護岸", "工程（財產）別名": "上牡丹野溪護岸工 程", "財產編號": "1110102-008E 00-0000013", "保管單位": "牡管中心", "入帳日期(購置日期)": "2005-12-30", "清查日期": "2019/10/07", "地籍": "屏東縣牡丹鄉東源段1314號", "座標X(1)": 233597.87, "座標Y(1)": 2453404.02, "座標X(2)": null, "座標Y(2)": null, "有無貼牌": "--", "有無QRCode": "無", "說明": null, "保管人": "周百欽" }, "geometry": { "type": "Point", "coordinates": [ 120.840943970257214, 22.179174983201204 ] } },
{ "type": "Feature", "properties": { "工程（財產）名稱": "護岸", "工程（財產）別名": "曾文集水區崩坍地南寮區生態土石籠-", "財產編號": "1110102-008E 94-0000006", "保管單位": "曾管中心", "入帳日期(購置日期)": "2005-12-30", "清查日期": "2012/11/19", "地籍": "嘉義縣大埔鄉南寮段16號", "座標X(1)": 207004.81, "座標Y(1)": 2583652.65, "座標X(2)": null, "座標Y(2)": null, "有無貼牌": "--", "有無QRCode": "無", "說明": "位於謝文科住處前方產業道路下方", "保管人": "陳乙震" }, "geometry": { "type": "Point", "coordinates": [ 120.579479974213655, 23.354962976701248 ] } },
{ "type": "Feature", "properties": { "工程（財產）名稱": "護岸", "工程（財產）別名": "牡丹16號地附近野溪工", "財產編號": "1110102-008E 94-0000004", "保管單位": "牡管中心", "入帳日期(購置日期)": "2005-12-30", "清查日期": "2014/04/01", "地籍": "屏東縣牡丹鄉牡丹段937-7號", "座標X(1)": 231912.78, "座標Y(1)": 2451550.51, "座標X(2)": null, "座標Y(2)": null, "有無貼牌": "--", "有無QRCode": "無", "說明": null, "保管人": "周百欽" }, "geometry": { "type": "Point", "coordinates": [ 120.824623999799712, 22.16241800543343 ] } },
{ "type": "Feature", "properties": { "工程（財產）名稱": "護岸", "工程（財產）別名": "石籠護岸", "財產編號": "1110102-008E 93-0000003", "保管單位": "牡管中心", "入帳日期(購置日期)": "2004-12-31", "清查日期": "2014/04/01", "地籍": "屏東縣牡丹鄉(無地籍資料)", "座標X(1)": 232493.99, "座標Y(1)": 2452238.21, "座標X(2)": null, "座標Y(2)": null, "有無貼牌": "--", "有無QRCode": "無", "說明": "現況已長滿草，僅隱約可見到石籠", "保管人": "周百欽" }, "geometry": { "type": "Point", "coordinates": [ 120.830252013845964, 22.168635024368744 ] } },
{ "type": "Feature", "properties": { "工程（財產）名稱": "護岸", "工程（財產）別名": "環湖道路水保-60M", "財產編號": "1110102-008E 00-0000017", "保管單位": "曾管中心", "入帳日期(購置日期)": "2008-11-18", "清查日期": "2014/04/03", "地籍": "嘉義縣大埔鄉大埔段2110號", "座標X(1)": 204817.8, "座標Y(1)": 2572085.69, "座標X(2)": "204817.8", "座標Y(2)": "2572085.69", "有無貼牌": "--", "有無QRCode": "無", "說明": "位於嘉義農場碼頭", "保管人": "陳乙震" }, "geometry": { "type": "Point", "coordinates": [ 120.558435025758087, 23.250453011090219 ] } },
{ "type": "Feature", "properties": { "工程（財產）名稱": "護岸", "工程（財產）別名": "東源段野溪整治工程", "財產編號": "1110102-008E 00-0000012", "保管單位": "牡管中心", "入帳日期(購置日期)": "2005-12-30", "清查日期": "2019/10/07", "地籍": "屏東縣牡丹鄉東源段632號", "座標X(1)": 234015.79, "座標Y(1)": 2455689.67, "座標X(2)": null, "座標Y(2)": null, "有無貼牌": "--", "有無QRCode": "無", "說明": null, "保管人": "周百欽" }, "geometry": { "type": "Point", "coordinates": [ 120.844973996255376, 22.199821998450286 ] } },
{ "type": "Feature", "properties": { "工程（財產）名稱": "護岸", "工程（財產）別名": "石籠護岸", "財產編號": "1110102-008E 93-0000002", "保管單位": "牡管中心", "入帳日期(購置日期)": "2004-12-31", "清查日期": "2014/04/01", "地籍": "屏東縣牡丹鄉東源段120", "座標X(1)": 233365.29, "座標Y(1)": 2452779.8, "座標X(2)": null, "座標Y(2)": null, "有無貼牌": "--", "有無QRCode": "無", "說明": null, "保管人": "周百欽" }, "geometry": { "type": "Point", "coordinates": [ 120.838695016444177, 22.173535044363462 ] } },
{ "type": "Feature", "properties": { "工程（財產）名稱": "護岸", "工程（財產）別名": "樂野防砂壩護岸-275M", "財產編號": "1110102-008E 00-0000018", "保管單位": "曾管中心", "入帳日期(購置日期)": "2009-12-31", "清查日期": "2023/12/07", "地籍": "河川地無地籍資料", "座標X(1)": 220261.41, "座標Y(1)": 2593901.8, "座標X(2)": "220048", "座標Y(2)": "2593931", "有無貼牌": "是", "有無QRCode": "無", "說明": null, "保管人": "連偉成" }, "geometry": { "type": "Point", "coordinates": [ 120.70893402789342, 23.447809044310667 ] } },
{ "type": "Feature", "properties": { "工程（財產）名稱": "護坡", "工程（財產）別名": "101年度大埔鄉轄內曾文水庫集水區週邊零星", "財產編號": "1110102-003A 00-0000464", "保管單位": "養護科", "入帳日期(購置日期)": "2012-12-31", "清查日期": "2017/09/20", "地籍": "大埔段1265-87地號", "座標X(1)": 208053.0, "座標Y(1)": 2574699.0, "座標X(2)": null, "座標Y(2)": null, "有無貼牌": "--", "有無QRCode": "無", "說明": "護坡 0.5m(H)×230m(L)", "保管人": "吳宗翰" }, "geometry": { "type": "Point", "coordinates": [ 120.589979754543194, 23.274137432073889 ] } },
{ "type": "Feature", "properties": { "工程（財產）名稱": "護坡", "工程（財產）別名": "山美村樹亞沙及達邦公", "財產編號": "1110102-003A 91-0000035", "保管單位": "曾管中心", "入帳日期(購置日期)": "2001-12-31", "清查日期": "2023/11/16", "地籍": "嘉義縣 阿里山鄉樂野段530號", "座標X(1)": 220258.73, "座標Y(1)": 2594497.14, "座標X(2)": null, "座標Y(2)": null, "有無貼牌": "找不到", "有無QRCode": "無", "說明": null, "保管人": "連偉成" }, "geometry": { "type": "Point", "coordinates": [ 120.708896016302077, 23.453184976618942 ] } },
{ "type": "Feature", "properties": { "工程（財產）名稱": "護坡", "工程（財產）別名": "水土保持大埔區處理工", "財產編號": "1110102-003A 91-0000014", "保管單位": "曾管中心", "入帳日期(購置日期)": "2000-12-31", "清查日期": "2014/07/18", "地籍": "嘉義縣大埔鄉水寮段20號", "座標X(1)": 211534.79, "座標Y(1)": 2578669.05, "座標X(2)": null, "座標Y(2)": null, "有無貼牌": "--", "有無QRCode": "無", "說明": "位於台三線330k右轉產業道路", "保管人": "陳乙震" }, "geometry": { "type": "Point", "coordinates": [ 120.62391196731889, 23.310073021374599 ] } },
{ "type": "Feature", "properties": { "工程（財產）名稱": "護坡", "工程（財產）別名": "尾水道崩坍地整治工程", "財產編號": "1110102-003A 00-0000068", "保管單位": "曾管中心", "入帳日期(購置日期)": "2008-12-31", "清查日期": "2015/07/17", "地籍": "嘉義縣大埔鄉柳籐潭段44-6號", "座標X(1)": 201857.75, "座標Y(1)": 2571744.72, "座標X(2)": null, "座標Y(2)": null, "有無貼牌": "--", "有無QRCode": "無", "說明": "2號導水隧道出口處", "保管人": "周駿宏" }, "geometry": { "type": "Point", "coordinates": [ 120.529518033050294, 23.247290018187019 ] } },
{ "type": "Feature", "properties": { "工程（財產）名稱": "護坡", "工程（財產）別名": "水土保持南寮區處理工", "財產編號": "1110102-003A 91-0000039", "保管單位": "曾管中心", "入帳日期(購置日期)": "2001-12-31", "清查日期": "2014/05/28", "地籍": "嘉義縣大埔鄉大埔段600號", "座標X(1)": 206298.02, "座標Y(1)": 2580514.23, "座標X(2)": null, "座標Y(2)": null, "有無貼牌": "--", "有無QRCode": "無", "說明": "位於南寮產業道路(南寮至石面桶道路)", "保管人": "陳乙震" }, "geometry": { "type": "Point", "coordinates": [ 120.572657978292497, 23.326604026619332 ] } },
{ "type": "Feature", "properties": { "工程（財產）名稱": "明渠", "工程（財產）別名": "甲仙攔河崩塌地整體治理工程", "財產編號": "1110101-029C 00-0000319", "保管單位": "甲仙(堰區)", "入帳日期(購置日期)": "2013-03-18", "清查日期": "2024/07/15", "地籍": "高雄市甲仙區東大邱園段一小段1549號(林務局,A228753.4平方公尺)", "座標X(1)": 207179.0, "座標Y(1)": 2553608.0, "座標X(2)": "207207", "座標Y(2)": "2553780", "有無貼牌": "是", "有無QRCode": "無", "說明": null, "保管人": "洪瑞隆" }, "geometry": { "type": "Point", "coordinates": [ 120.582028768977239, 23.083657023726694 ] } },
{ "type": "Feature", "properties": { "工程（財產）名稱": "明渠", "工程（財產）別名": "102高屏溪攔河堰上游週邊環境委辦工程-中區", "財產編號": "1110101-029C 00-0000344", "保管單位": "高屏溪攔河堰", "入帳日期(購置日期)": "2014-03-17", "清查日期": "2014/07/16", "地籍": "高雄市大樹區龍目段561號", "座標X(1)": 190001.0, "座標Y(1)": 2510662.0, "座標X(2)": "190018", "座標Y(2)": "2510662", "有無貼牌": "是", "有無QRCode": "無", "說明": "X:189993.1;Y:2510710.29", "保管人": "沈文忠" }, "geometry": { "type": "Point", "coordinates": [ 120.416023707137626, 22.69530521999587 ] } },
{ "type": "Feature", "properties": { "工程（財產）名稱": "明渠", "工程（財產）別名": "101高屏溪攔河堰上游週邊環境委辦零星工程", "財產編號": "1110101-029C 00-0000332", "保管單位": "高屏溪攔河堰", "入帳日期(購置日期)": "2013-12-30", "清查日期": "2024/11/22", "地籍": "高雄市大樹區曹公段453號", "座標X(1)": 189561.0, "座標Y(1)": 2505140.0, "座標X(2)": "189561", "座標Y(2)": "2505185", "有無貼牌": "是", "有無QRCode": "無", "說明": "113年11月22日盤點現地貼牌97座標X189594 Y2505148", "保管人": "沈文忠" }, "geometry": { "type": "Point", "coordinates": [ 120.411953923196506, 22.645422384617483 ] } },
{ "type": "Feature", "properties": { "工程（財產）名稱": "明渠", "工程（財產）別名": "103牡丹四號橋上游護岸新建工程", "財產編號": "1110101-029C 00-0000396", "保管單位": "牡管中心", "入帳日期(購置日期)": "2015-01-23", "清查日期": "2019/06/12", "地籍": "牡丹鄉牡丹段9500-803號,旭海段145號", "座標X(1)": 235131.9, "座標Y(1)": 2454858.0, "座標X(2)": "237262", "座標Y(2)": "2454858", "有無貼牌": "--", "有無QRCode": "無", "說明": "集水井+截水溝2M(L)*2M(H)、5M(L)*0.8M(頂寬W)*0.6M(H)3.X237262 Y2454858", "保管人": "莊慶隆" }, "geometry": { "type": "Point", "coordinates": [ 120.855806450072123, 22.192320623327767 ] } },
{ "type": "Feature", "properties": { "工程（財產）名稱": "護坡", "工程（財產）別名": "護坡/109阿公店水庫集水區水保持暨邊坡治理", "財產編號": "1110102-003A 00-0000478", "保管單位": "阿管中心", "入帳日期(購置日期)": "2021-03-05", "清查日期": "--", "地籍": null, "座標X(1)": 184342.623, "座標Y(1)": 2526921.105, "座標X(2)": "184348.862", "座標Y(2)": "2526921.105", "有無貼牌": "--", "有無QRCode": "無", "說明": null, "保管人": "邱柏翰" }, "geometry": { "type": "Point", "coordinates": [ 120.360268860859165, 22.841921577955382 ] } },
{ "type": "Feature", "properties": { "工程（財產）名稱": "護坡", "工程（財產）別名": "護坡/110牡丹水庫週邊零星工程", "財產編號": "1110102-003A 00-0000480", "保管單位": "牡管中心", "入帳日期(購置日期)": "2022-05-27", "清查日期": "--", "地籍": "屏東縣牡丹鄉牡丹段537號", "座標X(1)": 229013.0, "座標Y(1)": 2448520.0, "座標X(2)": null, "座標Y(2)": null, "有無貼牌": "--", "有無QRCode": "無", "說明": null, "保管人": "賴冠吾" }, "geometry": { "type": "Point", "coordinates": [ 120.796546825830006, 22.135014878046661 ] } },
{ "type": "Feature", "properties": { "工程（財產）名稱": "護坡", "工程（財產）別名": "護坡109年曾文水庫週邊零星工程(增辦)", "財產編號": "1110102-003A 00-0000479", "保管單位": "養護科", "入帳日期(購置日期)": "2021-09-07", "清查日期": "--", "地籍": null, "座標X(1)": 211334.0, "座標Y(1)": 2577742.0, "座標X(2)": null, "座標Y(2)": null, "有無貼牌": "--", "有無QRCode": "無", "說明": null, "保管人": "吳宗翰" }, "geometry": { "type": "Point", "coordinates": [ 120.621972465634371, 23.301696862745189 ] } },
{ "type": "Feature", "properties": { "工程（財產）名稱": "試驗室", "工程（財產）別名": "試驗工作廠房", "財產編號": "2010102-0006 00-0000001", "保管單位": "品管課", "入帳日期(購置日期)": "2011-12-31", "清查日期": "2022/12/01", "地籍": "高雄市燕巢區瓊東段234號", "座標X(1)": 183944.59, "座標Y(1)": 2522723.72, "座標X(2)": "183948", "座標Y(2)": "2522721", "有無貼牌": "是", "有無QRCode": "無", "說明": null, "保管人": "侯政仁" }, "geometry": { "type": "Point", "coordinates": [ 120.356568967870885, 22.804002029437196 ] } },
{ "type": "Feature", "properties": { "工程（財產）名稱": "材料倉庫", "工程（財產）別名": "本局材料倉庫", "財產編號": "2010203-001C 91-0000001", "保管單位": "秘書室", "入帳日期(購置日期)": "1969-11-10", "清查日期": "2021/06/16", "地籍": "台南市楠西區密枝段102-44號", "座標X(1)": 198766.46, "座標Y(1)": 2568731.62, "座標X(2)": "198646", "座標Y(2)": "2568431", "有無貼牌": "是", "有無QRCode": "無", "說明": "秘書室使用,面積815.88平方公尺,114年8月登載:目前放岩心", "保管人": "陳奕瑋" }, "geometry": { "type": "Point", "coordinates": [ 120.499409995185772, 23.21998797353822 ] } },
{ "type": "Feature", "properties": { "工程（財產）名稱": "材料倉庫", "工程（財產）別名": "本局材料倉庫-育樂館", "財產編號": "2010203-001C 91-0000003", "保管單位": "秘書室", "入帳日期(購置日期)": "1969-11-10", "清查日期": "2025/02/26", "地籍": "台南市楠西區密枝102-41、102-66號", "座標X(1)": 198688.66, "座標Y(1)": 2568727.56, "座標X(2)": null, "座標Y(2)": null, "有無貼牌": "是", "有無QRCode": "有", "說明": null, "保管人": "陳奕瑋" }, "geometry": { "type": "Point", "coordinates": [ 120.498649990343324, 23.219948889257854 ] } },
{ "type": "Feature", "properties": { "工程（財產）名稱": "噴泉", "工程（財產）別名": "牡丹水庫蓄水區-親水設施", "財產編號": "2020202-0022 00-0000001", "保管單位": "牡管中心", "入帳日期(購置日期)": "2015-05-20", "清查日期": "2025/01/24", "地籍": "牡丹鄉牡丹段926", "座標X(1)": 227809.5, "座標Y(1)": 2447884.7, "座標X(2)": "227816", "座標Y(2)": "24477913", "有無貼牌": "是", "有無QRCode": "有", "說明": null, "保管人": "莊慶隆" }, "geometry": { "type": "Point", "coordinates": [ 120.784888571258719, 22.129262112367108 ] } },
{ "type": "Feature", "properties": { "工程（財產）名稱": "其他什項建築及設備", "工程（財產）別名": "蔣公銅像", "財產編號": "2020202-099C 00-0000006", "保管單位": "秘書室", "入帳日期(購置日期)": "1983-10-01", "清查日期": "2021/06/16", "地籍": "台南市楠西區楠西段102-45段", "座標X(1)": 198644.57, "座標Y(1)": 2568881.65, "座標X(2)": "198835", "座標Y(2)": "2568703", "有無貼牌": "是", "有無QRCode": "無", "說明": null, "保管人": "陳奕瑋" }, "geometry": { "type": "Point", "coordinates": [ 120.498214012292465, 23.221338968843305 ] } },
{ "type": "Feature", "properties": { "工程（財產）名稱": "其他什項建築及設備", "工程（財產）別名": "森林教室週邊", "財產編號": "2020202-099G 00-0000008", "保管單位": "阿管中心", "入帳日期(購置日期)": "2005-12-07", "清查日期": "--", "地籍": "燕巢區尖山段1294-2地號", "座標X(1)": 183877.33, "座標Y(1)": 2523442.35, "座標X(2)": null, "座標Y(2)": null, "有無貼牌": "--", "有無QRCode": "無", "說明": null, "保管人": "林堉介" }, "geometry": { "type": "Point", "coordinates": [ 120.355883330969462, 22.810488888073142 ] } },
{ "type": "Feature", "properties": { "工程（財產）名稱": "物品倉庫", "工程（財產）別名": "物品倉庫", "財產編號": "2010203-004H 00-0000001", "保管單位": "曾管中心", "入帳日期(購置日期)": "2014-10-24", "清查日期": "2022/07/26", "地籍": "台南市東山區下南勢段948-1", "座標X(1)": 199663.0, "座標Y(1)": 2570188.0, "座標X(2)": "199627", "座標Y(2)": "2570178", "有無貼牌": "是", "有無QRCode": "無", "說明": "位於溪畔遊樂區內", "保管人": "黃冠璋" }, "geometry": { "type": "Point", "coordinates": [ 120.508121432798006, 23.233166937916874 ] } },
{ "type": "Feature", "properties": { "工程（財產）名稱": "觀測臺", "工程（財產）別名": "洩洪口週邊", "財產編號": "2020202-002H 00-0000026", "保管單位": "阿管中心", "入帳日期(購置日期)": "2005-12-07", "清查日期": "--", "地籍": "岡山區 子段55-33地號", "座標X(1)": 182666.714, "座標Y(1)": 2523491.662, "座標X(2)": null, "座標Y(2)": null, "有無貼牌": "--", "有無QRCode": "無", "說明": null, "保管人": "林堉介" }, "geometry": { "type": "Point", "coordinates": [ 120.344088890167157, 22.810886108246624 ] } },
{ "type": "Feature", "properties": { "工程（財產）名稱": "觀測臺", "工程（財產）別名": "觀測台-曾文南化烏山頭水庫治理及穩定南部", "財產編號": "2020202-002C 00-0000001", "保管單位": "曾管中心", "入帳日期(購置日期)": "2013-07-31", "清查日期": "--", "地籍": "嘉義縣大埔鄉柳藤潭段44-3", "座標X(1)": 202563.28, "座標Y(1)": 2571643.11, "座標X(2)": null, "座標Y(2)": null, "有無貼牌": "--", "有無QRCode": "無", "說明": null, "保管人": "黃政達" }, "geometry": { "type": "Point", "coordinates": [ 120.53641599355872, 23.246392962034115 ] } },
{ "type": "Feature", "properties": { "工程（財產）名稱": "觀測臺", "工程（財產）別名": "後崛雨量站房", "財產編號": "2020202-002D 91-0000021", "保管單位": "曾管中心", "入帳日期(購置日期)": "1984-02-08", "清查日期": "2012/12/13", "地籍": null, "座標X(1)": 206629.74, "座標Y(1)": 2559246.12, "座標X(2)": null, "座標Y(2)": null, "有無貼牌": "--", "有無QRCode": "無", "說明": null, "保管人": "蘇芫德" }, "geometry": { "type": "Point", "coordinates": [ 120.576507963747389, 23.134557024974384 ] } },
{ "type": "Feature", "properties": { "工程（財產）名稱": "觀測臺", "工程（財產）別名": "里佳雨量站", "財產編號": "2020202-002D 91-0000004", "保管單位": "曾管中心", "入帳日期(購置日期)": "1969-06-01", "清查日期": "2012/12/13", "地籍": null, "座標X(1)": 220900.498, "座標Y(1)": 2586810.065, "座標X(2)": null, "座標Y(2)": null, "有無貼牌": "--", "有無QRCode": "無", "說明": "開車路程約4-4.5小時才可到達", "保管人": "蘇芫德" }, "geometry": { "type": "Point", "coordinates": [ 120.715326080229559, 23.383781170425426 ] } },
{ "type": "Feature", "properties": { "工程（財產）名稱": "觀測臺", "工程（財產）別名": "樂野雨量站", "財產編號": "2020202-002D 91-0000011", "保管單位": "曾管中心", "入帳日期(購置日期)": "1974-05-01", "清查日期": "2012/12/13", "地籍": null, "座標X(1)": 221868.99, "座標Y(1)": 2595557.64, "座標X(2)": null, "座標Y(2)": null, "有無貼牌": "--", "有無QRCode": "無", "說明": "車停好後要登山,約走30-40分鐘,需穿越劍竹林,易迷路", "保管人": "蘇芫德" }, "geometry": { "type": "Point", "coordinates": [ 120.724637044281224, 23.462790011839825 ] } },
{ "type": "Feature", "properties": { "工程（財產）名稱": "明渠", "工程（財產）別名": "103年曾文水庫週邊零星工程", "財產編號": "1110101-029C 00-0000351", "保管單位": "養護科", "入帳日期(購置日期)": "2014-12-26", "清查日期": "2019/10/01", "地籍": "嘉義縣大埔鄉大埔段1439號", "座標X(1)": 207112.0, "座標Y(1)": 2571269.0, "座標X(2)": null, "座標Y(2)": null, "有無貼牌": "--", "有無QRCode": "無", "說明": null, "保管人": "吳宗翰" }, "geometry": { "type": "Point", "coordinates": [ 120.580878776024676, 23.243139555252174 ] } },
{ "type": "Feature", "properties": { "工程（財產）名稱": "觀測臺", "工程（財產）別名": "南化雨量站房", "財產編號": "2020202-002D 91-0000016", "保管單位": "曾管中心", "入帳日期(購置日期)": "1984-01-06", "清查日期": "2012/12/14", "地籍": "台南市南化區南化段2175號", "座標X(1)": 195152.4, "座標Y(1)": 2549350.46, "座標X(2)": "195151", "座標Y(2)": "2549348", "有無貼牌": "是", "有無QRCode": "無", "說明": null, "保管人": "蘇芫德" }, "geometry": { "type": "Point", "coordinates": [ 120.464794004916698, 23.044856045096115 ] } },
{ "type": "Feature", "properties": { "工程（財產）名稱": "圍牆", "工程（財產）別名": "圍牆107甲仙攔河堰蓄水範圍週邊排水零星工", "財產編號": "1110102-002H 00-0000002", "保管單位": "甲仙攔河堰管理中心", "入帳日期(購置日期)": "2018-11-23", "清查日期": "2021/06/25", "地籍": "高雄市甲仙區甲仙段800地號", "座標X(1)": 207651.0, "座標Y(1)": 2553396.0, "座標X(2)": null, "座標Y(2)": null, "有無貼牌": "是", "有無QRCode": "無", "說明": "107年度甲仙攔河堰蓄水範圍週 邊排水零星工程─排水改善工程 圍牆長度117公尺", "保管人": "洪瑞隆" }, "geometry": { "type": "Point", "coordinates": [ 120.586641670728554, 23.081754701676726 ] } },
{ "type": "Feature", "properties": { "工程（財產）名稱": "圍牆", "工程（財產）別名": "甲仙攔河堰管理中心遷建工程", "財產編號": "1110102-002H 00-0000001", "保管單位": "甲仙攔河堰管理中心", "入帳日期(購置日期)": "2014-02-06", "清查日期": "2021/06/18", "地籍": "高雄市甲仙區公館段179、18、0259地號", "座標X(1)": 207262.0, "座標Y(1)": 2553105.0, "座標X(2)": null, "座標Y(2)": null, "有無貼牌": "是", "有無QRCode": "無", "說明": "長46.47米", "保管人": "洪瑞隆" }, "geometry": { "type": "Point", "coordinates": [ 120.582852920215927, 23.079116872484612 ] } },
{ "type": "Feature", "properties": { "工程（財產）名稱": "汽（機）車棚", "工程（財產）別名": "機車棚/原車棚旁68米平方", "財產編號": "2010204-003H 00-0000009", "保管單位": "屏東縣牡丹鄉", "入帳日期(購置日期)": "2022-11-30", "清查日期": "2025/02/06", "地籍": "屏東縣牡丹鄉石門段161號", "座標X(1)": 227587.0, "座標Y(1)": 2447926.0, "座標X(2)": null, "座標Y(2)": null, "有無貼牌": "是", "有無QRCode": "有", "說明": null, "保管人": "周百欽" }, "geometry": { "type": "Point", "coordinates": [ 120.782731129031035, 22.129632263170659 ] } },
{ "type": "Feature", "properties": { "工程（財產）名稱": "汽（機）車棚", "工程（財產）別名": null, "財產編號": "2010204-003H 00-0000008", "保管單位": "阿管中心", "入帳日期(購置日期)": "2003-09-15", "清查日期": "2022/07/08", "地籍": "燕巢區瓊東段233,234號", "座標X(1)": 183925.03, "座標Y(1)": 2522687.4, "座標X(2)": "183945", "座標Y(2)": "2522688", "有無貼牌": "是", "有無QRCode": "無", "說明": null, "保管人": "李坤清" }, "geometry": { "type": "Point", "coordinates": [ 120.35637998781317, 22.803673276824114 ] } },
{ "type": "Feature", "properties": { "工程（財產）名稱": "人行步道", "工程（財產）別名": "人行步道/109曾文水庫公共設施工程第三期", "財產編號": "1110101-012B 00-0000002", "保管單位": "曾管中心", "入帳日期(購置日期)": "2021-05-27", "清查日期": "--", "地籍": null, "座標X(1)": 207767.244, "座標Y(1)": 2577414.661, "座標X(2)": null, "座標Y(2)": null, "有無貼牌": "--", "有無QRCode": "無", "說明": null, "保管人": "李勝雄" }, "geometry": { "type": "Point", "coordinates": [ 120.587111003448413, 23.298653000272616 ] } },
{ "type": "Feature", "properties": { "工程（財產）名稱": "圍牆", "工程（財產）別名": "圍牆(阿公店水庫邊緣水土保持暨崩坍地處理", "財產編號": "1110102-002C 00-0000006", "保管單位": "阿管中心", "入帳日期(購置日期)": "2023-05-29", "清查日期": "--", "地籍": null, "座標X(1)": 183993.0, "座標Y(1)": 2522507.0, "座標X(2)": "184040", "座標Y(2)": "2522642", "有無貼牌": "--", "有無QRCode": "無", "說明": null, "保管人": "陳煌祥" }, "geometry": { "type": "Point", "coordinates": [ 120.35704967699354, 22.802046865610258 ] } },
{ "type": "Feature", "properties": { "工程（財產）名稱": "圍牆", "工程（財產）別名": "圍牆/110阿公店水庫大壩下公廁及週邊環境改", "財產編號": "1110102-002C 00-0000005", "保管單位": "阿管中心", "入帳日期(購置日期)": "2022-03-15", "清查日期": "2022/08/31", "地籍": "共築四處圍牆:位高市燕巢區瓊東段223,205,231及250號地上", "座標X(1)": 183870.0, "座標Y(1)": 2522840.0, "座標X(2)": "183737", "座標Y(2)": "2522721", "有無貼牌": "是", "有無QRCode": "無", "說明": "共築四處圍牆,如下:一.在庫區內有3座:1.X183870 Y2522840 位高市燕巢區瓊東段223號地上 相片檔687210.JPG及687211.JPG2..X183737 Y2522721 位高市燕巢區瓊東段205號地上 相片檔687213.JPG及687214>JPG3.在入庫區大門口警衛室後面的男女廁中間處: X183949 Y2522554 位高市燕巢區瓊東段231號地上 相片檔687217.JPG及687218.JPG二.在庫區外位清淤便道內: X184023 Y2522456 位高市燕巢區瓊東段250號地上 相片檔687220.JPG及687221.JPG", "保管人": "陳煌祥" }, "geometry": { "type": "Point", "coordinates": [ 120.355837503042807, 22.805049149119935 ] } },
{ "type": "Feature", "properties": { "工程（財產）名稱": "圍牆", "工程（財產）別名": "圍牆/107曾文水庫公共設施第三期工程", "財產編號": "1110102-002C 00-0000003", "保管單位": "曾管中心", "入帳日期(購置日期)": "2019-03-15", "清查日期": "--", "地籍": "臺南市東山區下南勢段948-1地號", "座標X(1)": 199721.423, "座標Y(1)": 2570257.908, "座標X(2)": null, "座標Y(2)": null, "有無貼牌": "--", "有無QRCode": "無", "說明": null, "保管人": "周駿宏" }, "geometry": { "type": "Point", "coordinates": [ 120.508689998416912, 23.233800002302118 ] } },
{ "type": "Feature", "properties": { "工程（財產）名稱": "圍牆", "工程（財產）別名": "108年阿公店水庫綠籬及綠美工作(木格柵圍牆", "財產編號": "1110102-002C 00-0000002", "保管單位": "阿管中心", "入帳日期(購置日期)": "2019-12-05", "清查日期": "2020/01/20", "地籍": "高雄市燕巢區瓊東段227號", "座標X(1)": 183836.278, "座標Y(1)": 2522628.955, "座標X(2)": null, "座標Y(2)": null, "有無貼牌": "--", "有無QRCode": "無", "說明": "長12m，寬4m", "保管人": "邱柏翰" }, "geometry": { "type": "Point", "coordinates": [ 120.355518000376222, 22.80314200404672 ] } },
{ "type": "Feature", "properties": { "工程（財產）名稱": "護坡", "工程（財產）別名": "護坡", "財產編號": "1110102-003A 00-0000443", "保管單位": "高屏溪攔河堰", "入帳日期(購置日期)": "2016-05-24", "清查日期": "--", "地籍": "姑婆寮段904地號等", "座標X(1)": 191288.0, "座標Y(1)": 2514189.0, "座標X(2)": "191266", "座標Y(2)": "2514189", "有無貼牌": "--", "有無QRCode": "無", "說明": "零星工程", "保管人": "沈文忠" }, "geometry": { "type": "Point", "coordinates": [ 120.428417502925228, 22.727201408208373 ] } },
{ "type": "Feature", "properties": { "工程（財產）名稱": "材料倉庫", "工程（財產）別名": "本局材料倉庫", "財產編號": "2010203-001C 91-0000002", "保管單位": "秘書室", "入帳日期(購置日期)": "1969-11-10", "清查日期": "2021/06/12", "地籍": "台南市楠西區密枝段104-16號", "座標X(1)": 198780.96, "座標Y(1)": 2568692.7, "座標X(2)": "198587", "座標Y(2)": "2568434", "有無貼牌": "是", "有無QRCode": "無", "說明": "電廠使用,114车8月登載:電廠倉庫", "保管人": "陳奕瑋" }, "geometry": { "type": "Point", "coordinates": [ 120.499552976384336, 23.219636971494889 ] } },
{ "type": "Feature", "properties": { "工程（財產）名稱": "混凝土井管塔", "工程（財產）別名": "防洪牆加高工程-75馬力抽泥機出水口-井管塔", "財產編號": "2020407-0004 00-0000001", "保管單位": "高屏溪攔河堰", "入帳日期(購置日期)": "2010-12-31", "清查日期": "2022/08/16", "地籍": "位河川公地上,無地籍資料", "座標X(1)": 191982.0, "座標Y(1)": 2509697.0, "座標X(2)": null, "座標Y(2)": null, "有無貼牌": "是", "有無QRCode": "無", "說明": null, "保管人": "沈文忠" }, "geometry": { "type": "Point", "coordinates": [ 120.435339954076511, 22.686659838431758 ] } },
{ "type": "Feature", "properties": { "工程（財產）名稱": "明渠", "工程（財產）別名": "排水溝-21M", "財產編號": "1110101-029C 00-0000064", "保管單位": "阿管中心", "入帳日期(購置日期)": "2009-12-31", "清查日期": "2012/05/21", "地籍": "高雄市燕巢區尖山段954-52號", "座標X(1)": 185229.52, "座標Y(1)": 2525067.47, "座標X(2)": null, "座標Y(2)": null, "有無貼牌": "--", "有無QRCode": "無", "說明": null, "保管人": "呂元鈞" }, "geometry": { "type": "Point", "coordinates": [ 120.368987102050212, 22.825217038076151 ] } },
{ "type": "Feature", "properties": { "工程（財產）名稱": "明渠", "工程（財產）別名": "排水溝-大埔村-13M", "財產編號": "1110101-029C 00-0000072", "保管單位": "養護科", "入帳日期(購置日期)": "2010-09-09", "清查日期": "2012/11/23", "地籍": "大埔鄉大埔村大埔段1141號", "座標X(1)": 211363.0, "座標Y(1)": 2571472.0, "座標X(2)": null, "座標Y(2)": null, "有無貼牌": "--", "有無QRCode": "無", "說明": null, "保管人": "吳宗翰" }, "geometry": { "type": "Point", "coordinates": [ 120.622415603705193, 23.245078024025876 ] } },
{ "type": "Feature", "properties": { "工程（財產）名稱": "明渠", "工程（財產）別名": "排水溝(I工區)-70M", "財產編號": "1110101-029C 00-0000052", "保管單位": "養護科", "入帳日期(購置日期)": "2009-05-26", "清查日期": "2014/03/03", "地籍": "嘉義縣大埔鄉大埔段1051-41號", "座標X(1)": 208175.0, "座標Y(1)": 2575730.96, "座標X(2)": "208160.6", "座標Y(2)": "2575730.96", "有無貼牌": "--", "有無QRCode": "無", "說明": null, "保管人": "吳宗翰" }, "geometry": { "type": "Point", "coordinates": [ 120.591143799990562, 23.283459334201734 ] } },
{ "type": "Feature", "properties": { "工程（財產）名稱": "明渠", "工程（財產）別名": "101年度曾文水庫週邊零星工程-永樂村", "財產編號": "1110101-029C 00-0000316", "保管單位": "養護科", "入帳日期(購置日期)": "2012-11-16", "清查日期": "2019/10/01", "地籍": "嘉義縣大埔鄉南寮段31地號", "座標X(1)": 205395.0, "座標Y(1)": 2583312.0, "座標X(2)": null, "座標Y(2)": null, "有無貼牌": "--", "有無QRCode": "無", "說明": "A工區固床工、排水溝L=34.78m", "保管人": "吳宗翰" }, "geometry": { "type": "Point", "coordinates": [ 120.563745422147875, 23.351843795863306 ] } },
{ "type": "Feature", "properties": { "工程（財產）名稱": "明渠", "工程（財產）別名": "B式排水溝", "財產編號": "1110101-029C 94-0000008", "保管單位": "甲仙(堰區)", "入帳日期(購置日期)": "2005-10-31", "清查日期": "2021/09/27", "地籍": "東大邱園1407之7", "座標X(1)": 207241.63, "座標Y(1)": 2553789.76, "座標X(2)": "207245", "座標Y(2)": "2553620", "有無貼牌": "是", "有無QRCode": "無", "說明": "道路改善已埋沒喪失功能,長27.3米", "保管人": "洪瑞隆" }, "geometry": { "type": "Point", "coordinates": [ 120.582635014067534, 23.085300005671471 ] } },
{ "type": "Feature", "properties": { "工程（財產）名稱": "明渠", "工程（財產）別名": "排水溝", "財產編號": "1110101-029C 93-0000004", "保管單位": "甲仙(堰區)", "入帳日期(購置日期)": "2004-11-16", "清查日期": "2021/06/18", "地籍": "東大邱園1407之7", "座標X(1)": 207227.64, "座標Y(1)": 2553700.21, "座標X(2)": "207227", "座標Y(2)": "2553697", "有無貼牌": "是", "有無QRCode": "無", "說明": null, "保管人": "洪瑞隆" }, "geometry": { "type": "Point", "coordinates": [ 120.582500957672849, 23.084490972524229 ] } },
{ "type": "Feature", "properties": { "工程（財產）名稱": "明渠", "工程（財產）別名": "莫拉克風災堤防搶修工程G段-矩型溝L=50M", "財產編號": "1110101-029C 00-0000089", "保管單位": "甲仙(堰區)", "入帳日期(購置日期)": "2011-04-15", "清查日期": "2021/09/27", "地籍": "甲仙區東阿里關段421-227", "座標X(1)": 207762.1, "座標Y(1)": 2554161.8, "座標X(2)": "207676", "座標Y(2)": "2554133", "有無貼牌": "是", "有無QRCode": "無", "說明": "長50米", "保管人": "洪瑞隆" }, "geometry": { "type": "Point", "coordinates": [ 120.5877049790424, 23.088673019606784 ] } },
{ "type": "Feature", "properties": { "工程（財產）名稱": "明渠", "工程（財產）別名": "曾文集水區水土保持工程-永興村明渠-50M", "財產編號": "1110101-029C 00-0000066", "保管單位": "曾管中心", "入帳日期(購置日期)": "2009-12-31", "清查日期": "2015/06/26", "地籍": "嘉義縣番路鄉永興段100號", "座標X(1)": 208339.87, "座標Y(1)": 2584975.06, "座標X(2)": null, "座標Y(2)": null, "有無貼牌": "--", "有無QRCode": "無", "說明": "台三公路313.5公里處右轉阿全產業道路", "保管人": "周駿宏" }, "geometry": { "type": "Point", "coordinates": [ 120.592500965892114, 23.366938995563416 ] } },
{ "type": "Feature", "properties": { "工程（財產）名稱": "明渠", "工程（財產）別名": "大樹鄉溪埔村排水改善", "財產編號": "1110101-029C 94-0000009", "保管單位": "高屏溪攔河堰", "入帳日期(購置日期)": "2005-11-30", "清查日期": "2024/05/27", "地籍": "溪埔段746-4號", "座標X(1)": 192191.0, "座標Y(1)": 2514655.0, "座標X(2)": "191980", "座標Y(2)": "2514703", "有無貼牌": "是", "有無QRCode": "無", "說明": null, "保管人": "沈文忠" }, "geometry": { "type": "Point", "coordinates": [ 120.437190986586714, 22.731440859360674 ] } },
{ "type": "Feature", "properties": { "工程（財產）名稱": "明渠", "工程（財產）別名": "明渠-排水溝-5M", "財產編號": "1110101-029C 00-0000085", "保管單位": "阿管中心", "入帳日期(購置日期)": "2010-12-21", "清查日期": "2023/01/12", "地籍": "高雄市田寮區牛稠埔段476-4號", "座標X(1)": 186622.95, "座標Y(1)": 2525625.67, "座標X(2)": "186628", "座標Y(2)": "2525625", "有無貼牌": "是", "有無QRCode": "無", "說明": null, "保管人": "林堉介" }, "geometry": { "type": "Point", "coordinates": [ 120.382538952899068, 22.830310993469421 ] } },
{ "type": "Feature", "properties": { "工程（財產）名稱": "明渠", "工程（財產）別名": "明渠-排水溝-5M", "財產編號": "1110101-029C 00-0000078", "保管單位": "阿管中心", "入帳日期(購置日期)": "2010-12-21", "清查日期": "2023/01/12", "地籍": "高雄市田寮區牛稠埔段241號", "座標X(1)": 184505.85, "座標Y(1)": 2526118.71, "座標X(2)": "184475", "座標Y(2)": "2526145", "有無貼牌": "是", "有無QRCode": "無", "說明": null, "保管人": "林堉介" }, "geometry": { "type": "Point", "coordinates": [ 120.361892978080576, 22.834682045032785 ] } },
{ "type": "Feature", "properties": { "工程（財產）名稱": "明渠", "工程（財產）別名": "明渠-排水溝-19M", "財產編號": "1110101-029C 00-0000076", "保管單位": "阿管中心", "入帳日期(購置日期)": "2010-12-21", "清查日期": "2023/01/12", "地籍": "高雄市田寮區牛稠埔段500-6號", "座標X(1)": 185088.33, "座標Y(1)": 2525608.901, "座標X(2)": "185089", "座標Y(2)": "2525612", "有無貼牌": "是", "有無QRCode": "無", "說明": null, "保管人": "林堉介" }, "geometry": { "type": "Point", "coordinates": [ 120.367589064986802, 22.830100912431224 ] } },
{ "type": "Feature", "properties": { "工程（財產）名稱": "明渠", "工程（財產）別名": "阿公店右副壩下游側填方..等保護工程-95.3.", "財產編號": "1110101-029C 00-0000091", "保管單位": "阿管中心", "入帳日期(購置日期)": "2011-12-15", "清查日期": "2014/09/10", "地籍": "高雄市岡山區 子段47-1", "座標X(1)": 182484.284, "座標Y(1)": 2523819.868, "座標X(2)": null, "座標Y(2)": null, "有無貼牌": "--", "有無QRCode": "無", "說明": "阿公水庫大壩斜坡處靠公廁之上方斜坡", "保管人": "林堉介" }, "geometry": { "type": "Point", "coordinates": [ 120.342297652864161, 22.813842602253153 ] } },
{ "type": "Feature", "properties": { "工程（財產）名稱": "明渠", "工程（財產）別名": "94年0612災修-L型溝", "財產編號": "1110101-029C 95-0000018", "保管單位": "養護科", "入帳日期(購置日期)": "2006-04-20", "清查日期": "2019/10/01", "地籍": "嘉義縣大埔鄉大埔段1445-691號", "座標X(1)": 206671.6, "座標Y(1)": 2570252.19, "座標X(2)": null, "座標Y(2)": null, "有無貼牌": "--", "有無QRCode": "無", "說明": null, "保管人": "吳宗翰" }, "geometry": { "type": "Point", "coordinates": [ 120.57660404759595, 23.233946001573671 ] } },
{ "type": "Feature", "properties": { "工程（財產）名稱": "明渠", "工程（財產）別名": "壩區崩坍地水保-34M", "財產編號": "1110101-029C 00-0000040", "保管單位": "曾管中心", "入帳日期(購置日期)": "2008-12-31", "清查日期": "2024/01/29", "地籍": "台南市東山區下南勢段1134號", "座標X(1)": 198633.29, "座標Y(1)": 2569439.49, "座標X(2)": "198569", "座標Y(2)": "2569355", "有無貼牌": "是", "有無QRCode": "無", "說明": "東口露營區", "保管人": "周駿宏" }, "geometry": { "type": "Point", "coordinates": [ 120.498084972533746, 23.22637598628129 ] } },
{ "type": "Feature", "properties": { "工程（財產）名稱": "明渠", "工程（財產）別名": "達邦及里佳村道路及排水改善工程-43M", "財產編號": "1110101-029C 00-0000086", "保管單位": "養護科", "入帳日期(購置日期)": "2010-12-31", "清查日期": "2012/12/06", "地籍": "嘉義縣阿里山鄉里佳段101號", "座標X(1)": 221349.0, "座標Y(1)": 2589105.0, "座標X(2)": null, "座標Y(2)": null, "有無貼牌": "--", "有無QRCode": "無", "說明": "F工區", "保管人": "吳宗翰" }, "geometry": { "type": "Point", "coordinates": [ 120.719670019700189, 23.40451276271633 ] } },
{ "type": "Feature", "properties": { "工程（財產）名稱": "明渠", "工程（財產）別名": "A式排水溝", "財產編號": "1110101-029C 94-0000007", "保管單位": "甲仙(堰區)", "入帳日期(購置日期)": "2005-10-31", "清查日期": "2024/07/15", "地籍": "東大邱園1407之7", "座標X(1)": 207226.58, "座標Y(1)": 2553684.6, "座標X(2)": "207223", "座標Y(2)": "2553684", "有無貼牌": "是", "有無QRCode": "無", "說明": null, "保管人": "洪瑞隆" }, "geometry": { "type": "Point", "coordinates": [ 120.582491046604758, 23.084349980636702 ] } },
{ "type": "Feature", "properties": { "工程（財產）名稱": "明渠", "工程（財產）別名": "105高屏溪攔河堰上游週邊環境委辦零星工程", "財產編號": "1110101-029C 00-0000454", "保管單位": "高屏溪攔河堰", "入帳日期(購置日期)": "2017-04-17", "清查日期": "2024/05/16", "地籍": "高雄市大樹區洲仔1248地號", "座標X(1)": 191982.0, "座標Y(1)": 2511188.0, "座標X(2)": "192015", "座標Y(2)": "2511194", "有無貼牌": "是", "有無QRCode": "無", "說明": null, "保管人": "沈文忠" }, "geometry": { "type": "Point", "coordinates": [ 120.43528477573021, 22.700124528308574 ] } },
{ "type": "Feature", "properties": { "工程（財產）名稱": "明渠", "工程（財產）別名": "木梓山等零星工程-8M", "財產編號": "1110101-029C 00-0000055", "保管單位": "阿管中心", "入帳日期(購置日期)": "2009-12-02", "清查日期": "2014/08/19", "地籍": "高雄市田寮區牛稠埔段476-22號", "座標X(1)": 185669.58, "座標Y(1)": 2525118.08, "座標X(2)": null, "座標Y(2)": null, "有無貼牌": "--", "有無QRCode": "無", "說明": null, "保管人": "林堉介" }, "geometry": { "type": "Point", "coordinates": [ 120.373272004448225, 22.825690986905546 ] } },
{ "type": "Feature", "properties": { "工程（財產）名稱": "明渠", "工程（財產）別名": "105高屏溪攔河堰上游週邊環境委辦零星工程", "財產編號": "1110101-029C 00-0000453", "保管單位": "高屏溪攔河堰", "入帳日期(購置日期)": "2017-04-17", "清查日期": "2024/05/16", "地籍": "高雄市大樹區姑山段1185號及洲仔段1217號", "座標X(1)": 191837.0, "座標Y(1)": 2511473.0, "座標X(2)": "191866", "座標Y(2)": "2511473", "有無貼牌": "是", "有無QRCode": "無", "說明": "113年5月16日盤點定位座標值為X191832 Y2511488 姑山段1183號", "保管人": "沈文忠" }, "geometry": { "type": "Point", "coordinates": [ 120.433862900308739, 22.702693271632953 ] } },
{ "type": "Feature", "properties": { "工程（財產）名稱": "明渠", "工程（財產）別名": "截水溝-和平村-4.5 M", "財產編號": "1110101-029C 00-0000070", "保管單位": "養護科", "入帳日期(購置日期)": "2010-09-09", "清查日期": "2012/12/03", "地籍": "嘉義縣大埔鄉和平村南寮段44號", "座標X(1)": 203986.0, "座標Y(1)": 2581589.0, "座標X(2)": null, "座標Y(2)": null, "有無貼牌": "--", "有無QRCode": "無", "說明": null, "保管人": "吳宗翰" }, "geometry": { "type": "Point", "coordinates": [ 120.550017610480879, 23.33624599096413 ] } },
{ "type": "Feature", "properties": { "工程（財產）名稱": "擋土牆", "工程（財產）別名": "山美區處理工程-622M2", "財產編號": "1110102-0004 95-0000157", "保管單位": "曾管中心", "入帳日期(購置日期)": "2006-12-29", "清查日期": "2015/06/03", "地籍": "嘉義縣阿里山鄉山美段163.173號", "座標X(1)": 215623.68, "座標Y(1)": 2586792.02, "座標X(2)": "215735.73", "座標Y(2)": "2586792.02", "有無貼牌": "--", "有無QRCode": "無", "說明": "山美國小山美溪產業道路", "保管人": "周駿宏" }, "geometry": { "type": "Point", "coordinates": [ 120.663705197289133, 23.383515737409638 ] } },
{ "type": "Feature", "properties": { "工程（財產）名稱": "擋土牆", "工程（財產）別名": "A工區-31.5M", "財產編號": "1110102-0004 00-0000209", "保管單位": "養護科", "入帳日期(購置日期)": "2009-05-26", "清查日期": "2019/10/01", "地籍": "嘉義縣大埔鄉大埔段818-18、818-16號", "座標X(1)": 210218.0, "座標Y(1)": 2578406.96, "座標X(2)": "210221.13", "座標Y(2)": "2578406.96", "有無貼牌": "--", "有無QRCode": "無", "說明": null, "保管人": "吳宗翰" }, "geometry": { "type": "Point", "coordinates": [ 120.611044352622713, 23.30767488855248 ] } },
{ "type": "Feature", "properties": { "工程（財產）名稱": "擋土牆", "工程（財產）別名": "曾文公共設施第四期", "財產編號": "1110102-0004 94-0000127", "保管單位": "曾管中心", "入帳日期(購置日期)": "2005-12-30", "清查日期": "2015/07/24", "地籍": "嘉義縣大埔鄉大埔段1484-21號", "座標X(1)": 203176.19, "座標Y(1)": 2568911.08, "座標X(2)": null, "座標Y(2)": null, "有無貼牌": "--", "有無QRCode": "無", "說明": "曾庫公路14.5公里處", "保管人": "周駿宏" }, "geometry": { "type": "Point", "coordinates": [ 120.542489722484646, 23.22173980084489 ] } },
{ "type": "Feature", "properties": { "工程（財產）名稱": "擋土牆", "工程（財產）別名": "和平村水土保持工程", "財產編號": "1110102-0004 91-0000030", "保管單位": "曾管中心", "入帳日期(購置日期)": "2000-12-31", "清查日期": "2015/07/22", "地籍": "嘉義縣大埔鄉埔東段5號", "座標X(1)": 213300.82, "座標Y(1)": 2577005.78, "座標X(2)": null, "座標Y(2)": null, "有無貼牌": "--", "有無QRCode": "無", "說明": null, "保管人": "陳乙震" }, "geometry": { "type": "Point", "coordinates": [ 120.641219085983735, 23.295093812200083 ] } },
{ "type": "Feature", "properties": { "工程（財產）名稱": "擋土牆", "工程（財產）別名": "溪畔遊樂區段災害復建工程-4500M2", "財產編號": "1110102-0004 00-0000279", "保管單位": "曾管中心", "入帳日期(購置日期)": "2010-11-22", "清查日期": "2012/11/12", "地籍": "嘉義縣大埔鄉柳藤潭段61號", "座標X(1)": 202249.57, "座標Y(1)": 2571786.75, "座標X(2)": null, "座標Y(2)": null, "有無貼牌": "--", "有無QRCode": "無", "說明": "位於水上樂園", "保管人": "陳乙震" }, "geometry": { "type": "Point", "coordinates": [ 120.533345771164193, 23.247680976622107 ] } },
{ "type": "Feature", "properties": { "工程（財產）名稱": "擋土牆", "工程（財產）別名": "阿公店紅山部落二期工", "財產編號": "1110102-0004 93-0000081", "保管單位": "阿管中心", "入帳日期(購置日期)": "2004-07-25", "清查日期": "2012/05/22", "地籍": "高雄市燕巢區尖山段739-11號", "座標X(1)": 184554.0, "座標Y(1)": 2522722.0, "座標X(2)": null, "座標Y(2)": null, "有無貼牌": "--", "有無QRCode": "無", "說明": null, "保管人": "呂元鈞" }, "geometry": { "type": "Point", "coordinates": [ 120.362504882893816, 22.804010340520666 ] } },
{ "type": "Feature", "properties": { "工程（財產）名稱": "擋土牆", "工程（財產）別名": "和平村暨永樂村工程", "財產編號": "1110102-0004 93-0000106", "保管單位": "養護科", "入帳日期(購置日期)": "2004-12-31", "清查日期": "2014/03/05", "地籍": "嘉義縣大埔鄉大埔段793-2號", "座標X(1)": 211353.42, "座標Y(1)": 2577951.71, "座標X(2)": null, "座標Y(2)": null, "有無貼牌": "--", "有無QRCode": "無", "說明": null, "保管人": "吳宗翰" }, "geometry": { "type": "Point", "coordinates": [ 120.622156978131429, 23.30359104209143 ] } },
{ "type": "Feature", "properties": { "工程（財產）名稱": "擋土牆", "工程（財產）別名": "西興茄苳水土保持零星", "財產編號": "1110102-0004 94-0000113", "保管單位": "養護科", "入帳日期(購置日期)": "2005-12-30", "清查日期": "2014/05/08", "地籍": "嘉義縣大埔鄉大埔段802號", "座標X(1)": 210783.15, "座標Y(1)": 2578169.04, "座標X(2)": null, "座標Y(2)": null, "有無貼牌": "--", "有無QRCode": "無", "說明": null, "保管人": "吳宗翰" }, "geometry": { "type": "Point", "coordinates": [ 120.616575986645188, 23.305540038219192 ] } },
{ "type": "Feature", "properties": { "工程（財產）名稱": "擋土牆", "工程（財產）別名": "阿公店水庫集水區水土", "財產編號": "1110102-0004 00-0000180", "保管單位": "阿管中心", "入帳日期(購置日期)": "2003-12-25", "清查日期": "--", "地籍": "高雄市燕巢區尖山段997-/號", "座標X(1)": 185913.0, "座標Y(1)": 2523564.0, "座標X(2)": null, "座標Y(2)": null, "有無貼牌": "--", "有無QRCode": "無", "說明": null, "保管人": "呂元鈞" }, "geometry": { "type": "Point", "coordinates": [ 120.375707350261266, 22.811666326751521 ] } },
{ "type": "Feature", "properties": { "工程（財產）名稱": "擋土牆", "工程（財產）別名": "甲仙堰景觀美化工程", "財產編號": "1110102-0004 92-0000076", "保管單位": "甲仙(堰區)", "入帳日期(購置日期)": "2003-11-18", "清查日期": "2024/07/15", "地籍": "東大邱園1407之7", "座標X(1)": 207225.51, "座標Y(1)": 2553705.2, "座標X(2)": "207220", "座標Y(2)": "2553691", "有無貼牌": "是", "有無QRCode": "無", "說明": null, "保管人": "洪瑞隆" }, "geometry": { "type": "Point", "coordinates": [ 120.58248002810187, 23.084535979261034 ] } },
{ "type": "Feature", "properties": { "工程（財產）名稱": "擋土牆", "工程（財產）別名": "平和永樂水土保持零星", "財產編號": "1110102-0004 94-0000112", "保管單位": "養護科", "入帳日期(購置日期)": "2005-12-30", "清查日期": "2014/04/18", "地籍": "嘉義縣大埔鄉頂坪林段8號", "座標X(1)": 213420.393, "座標Y(1)": 2575533.315, "座標X(2)": null, "座標Y(2)": null, "有無貼牌": "--", "有無QRCode": "無", "說明": null, "保管人": "吳宗翰" }, "geometry": { "type": "Point", "coordinates": [ 120.642423564332319, 23.281799784388554 ] } },
{ "type": "Feature", "properties": { "工程（財產）名稱": "擋土牆", "工程（財產）別名": "尖山村排水改善工程", "財產編號": "1110102-0004 95-0000131", "保管單位": "阿管中心", "入帳日期(購置日期)": "2006-02-20", "清查日期": "2019/07/10", "地籍": "高雄市燕巢區尖山段743-5(公)", "座標X(1)": 184436.0, "座標Y(1)": 2522998.0, "座標X(2)": null, "座標Y(2)": null, "有無貼牌": "--", "有無QRCode": "無", "說明": null, "保管人": "呂元鈞" }, "geometry": { "type": "Point", "coordinates": [ 120.361343910486355, 22.806498129832111 ] } },
{ "type": "Feature", "properties": { "工程（財產）名稱": "擋土牆", "工程（財產）別名": "莫拉克風災堤防搶修工程G段-245.3M2", "財產編號": "1110102-0004 00-0000293", "保管單位": "甲仙(堰區)", "入帳日期(購置日期)": "2011-04-15", "清查日期": "2024/07/15", "地籍": "東阿里關421-146(自來水公司A:5205平方公尺)", "座標X(1)": 207716.81, "座標Y(1)": 2554157.72, "座標X(2)": "207669", "座標Y(2)": "2554133", "有無貼牌": "是", "有無QRCode": "無", "說明": null, "保管人": "洪瑞隆" }, "geometry": { "type": "Point", "coordinates": [ 120.587263013047703, 23.088635020809679 ] } },
{ "type": "Feature", "properties": { "工程（財產）名稱": "擋土牆", "工程（財產）別名": "西興村暨茄冬村水土保", "財產編號": "1110102-0004 92-0000058", "保管單位": "養護科", "入帳日期(購置日期)": "2003-08-03", "清查日期": "2014/03/11", "地籍": "嘉義縣大埔鄉大埔段1424號", "座標X(1)": 206627.2, "座標Y(1)": 2572116.28, "座標X(2)": null, "座標Y(2)": null, "有無貼牌": "--", "有無QRCode": "無", "說明": null, "保管人": "吳宗翰" }, "geometry": { "type": "Point", "coordinates": [ 120.576117009940319, 23.250777958717947 ] } },
{ "type": "Feature", "properties": { "工程（財產）名稱": "擋土牆", "工程（財產）別名": "埔頂大埔區工程-530M", "財產編號": "1110102-0004 00-0000237", "保管單位": "曾管中心", "入帳日期(購置日期)": "2009-12-31", "清查日期": "2014/04/02", "地籍": "無地籍", "座標X(1)": 206928.63, "座標Y(1)": 2578838.76, "座標X(2)": null, "座標Y(2)": null, "有無貼牌": "--", "有無QRCode": "無", "說明": "位於埔頂產業道路", "保管人": "陳乙震" }, "geometry": { "type": "Point", "coordinates": [ 120.57887196881201, 23.311491017904402 ] } },
{ "type": "Feature", "properties": { "工程（財產）名稱": "擋土牆", "工程（財產）別名": "十字至達邦道路水土保", "財產編號": "1110102-0004 91-0000046", "保管單位": "養護科", "入帳日期(購置日期)": "2002-12-31", "清查日期": "2014/05/05", "地籍": "嘉義縣阿里山鄉----保安林無地籍資料", "座標X(1)": 224917.9, "座標Y(1)": 2595216.8, "座標X(2)": null, "座標Y(2)": null, "有無貼牌": "--", "有無QRCode": "無", "說明": null, "保管人": "吳宗翰" }, "geometry": { "type": "Point", "coordinates": [ 120.754487044095157, 23.459762012963367 ] } },
{ "type": "Feature", "properties": { "工程（財產）名稱": "擋土牆", "工程（財產）別名": "擋土牆-大埔村-120M2", "財產編號": "1110102-0004 00-0000271", "保管單位": "養護科", "入帳日期(購置日期)": "2010-09-09", "清查日期": "2019/10/01", "地籍": "嘉義縣大埔鄉大埔段1146號", "座標X(1)": 211349.0, "座標Y(1)": 2571347.0, "座標X(2)": null, "座標Y(2)": null, "有無貼牌": "--", "有無QRCode": "無", "說明": "TWD97,X:211351.55,Y:2571382.22", "保管人": "吳宗翰" }, "geometry": { "type": "Point", "coordinates": [ 120.622281967657798, 23.243948912658499 ] } },
{ "type": "Feature", "properties": { "工程（財產）名稱": "擋土牆", "工程（財產）別名": "壩區水保第1期-636M2", "財產編號": "1110102-0004 00-0000195", "保管單位": "曾管中心", "入帳日期(購置日期)": "2008-12-31", "清查日期": "2012/11/22", "地籍": "台南市東山區下南勢段1138號", "座標X(1)": 198349.23, "座標Y(1)": 2569258.09, "座標X(2)": null, "座標Y(2)": null, "有無貼牌": "--", "有無QRCode": "無", "說明": "東口露營區", "保管人": "陳乙震" }, "geometry": { "type": "Point", "coordinates": [ 120.495315601981943, 23.224729034980804 ] } },
{ "type": "Feature", "properties": { "工程（財產）名稱": "擋土牆", "工程（財產）別名": "馬頭山至二莊水土保持", "財產編號": "1110102-0004 91-0000040", "保管單位": "養護科", "入帳日期(購置日期)": "2002-12-31", "清查日期": "2014/03/11", "地籍": "嘉義縣大埔鄉大埔段1445-571號", "座標X(1)": 206025.17, "座標Y(1)": 2570716.31, "座標X(2)": null, "座標Y(2)": null, "有無貼牌": "--", "有無QRCode": "無", "說明": null, "保管人": "吳宗翰" }, "geometry": { "type": "Point", "coordinates": [ 120.570273987271904, 23.238119959434151 ] } },
{ "type": "Feature", "properties": { "工程（財產）名稱": "排水開渠", "工程（財產）別名": "排水開渠", "財產編號": "2020405-001A 00-0000013", "保管單位": "甲仙攔河堰管理中心", "入帳日期(購置日期)": "2017-02-20", "清查日期": "2024/07/15", "地籍": "高雄市甲仙區東阿里關段157-2(私地:地主:林憲國,A1626平方公尺、1792(公地,林務局經管,A274平方公尺)號", "座標X(1)": 209665.0, "座標Y(1)": 2557273.0, "座標X(2)": "209848", "座標Y(2)": "2557273", "有無貼牌": "是", "有無QRCode": "無", "說明": "因無法下去,故貼在版橋穚墩上,坐標同2020405-01A-11", "保管人": "洪瑞隆" }, "geometry": { "type": "Point", "coordinates": [ 120.60619742674956, 23.116815816754645 ] } },
{ "type": "Feature", "properties": { "工程（財產）名稱": "擋土牆", "工程（財產）別名": "伊比查那中湖產業道路", "財產編號": "1110102-0004 91-0000026", "保管單位": "曾管中心", "入帳日期(購置日期)": "1999-06-30", "清查日期": "2019/03/29", "地籍": "嘉義縣阿里山鄉達那巴瓦娜段127號", "座標X(1)": 221190.0, "座標Y(1)": 2597900.0, "座標X(2)": null, "座標Y(2)": null, "有無貼牌": "--", "有無QRCode": "無", "說明": "林務局經管,總面積為131,044.68平方公尺", "保管人": "陳乙震" }, "geometry": { "type": "Point", "coordinates": [ 120.717945791326855, 23.483929843482045 ] } },
{ "type": "Feature", "properties": { "工程（財產）名稱": "擋土牆", "工程（財產）別名": "和平村水土保持工程", "財產編號": "1110102-0004 91-0000048", "保管單位": "養護科", "入帳日期(購置日期)": "2002-12-31", "清查日期": "2014/07/01", "地籍": "嘉義縣大埔鄉大埔段848-1號", "座標X(1)": 209047.33, "座標Y(1)": 2577990.79, "座標X(2)": null, "座標Y(2)": null, "有無貼牌": "--", "有無QRCode": "無", "說明": null, "保管人": "吳宗翰" }, "geometry": { "type": "Point", "coordinates": [ 120.599609968072059, 23.303887991685926 ] } },
{ "type": "Feature", "properties": { "工程（財產）名稱": "擋土牆", "工程（財產）別名": "集水區水上保持工程", "財產編號": "1110102-0004 91-0000002", "保管單位": "曾管中心", "入帳日期(購置日期)": "1994-06-30", "清查日期": "2022/02/22", "地籍": "嘉義縣阿里山鄉特富野段248號、235號", "座標X(1)": 225618.88, "座標Y(1)": 2595617.16, "座標X(2)": "225616", "座標Y(2)": "2595644", "有無貼牌": "是", "有無QRCode": "無", "說明": null, "保管人": "連偉成" }, "geometry": { "type": "Point", "coordinates": [ 120.761341952174234, 23.463387962358457 ] } },
{ "type": "Feature", "properties": { "工程（財產）名稱": "擋土牆", "工程（財產）別名": "尖山村濟鳳佛寺擋土牆", "財產編號": "1110102-0004 92-0000077", "保管單位": "阿管中心", "入帳日期(購置日期)": "2003-12-04", "清查日期": "2014/09/02", "地籍": "高雄市燕巢區尖山段1216-36號", "座標X(1)": 184070.12, "座標Y(1)": 2525171.57, "座標X(2)": null, "座標Y(2)": null, "有無貼牌": "--", "有無QRCode": "無", "說明": null, "保管人": "呂元鈞" }, "geometry": { "type": "Point", "coordinates": [ 120.357688020672725, 22.826111966954539 ] } },
{ "type": "Feature", "properties": { "工程（財產）名稱": "擋土牆", "工程（財產）別名": "鞠月半島地滑地治理工", "財產編號": "1110102-0004 91-0000039", "保管單位": "曾管中心", "入帳日期(購置日期)": "2002-10-30", "清查日期": "2014/03/05", "地籍": "嘉義縣大埔鄉大埔段1638-1號", "座標X(1)": 206947.48, "座標Y(1)": 2576136.87, "座標X(2)": null, "座標Y(2)": null, "有無貼牌": "--", "有無QRCode": "無", "說明": "鞠月半島產業道路", "保管人": "陳乙震" }, "geometry": { "type": "Point", "coordinates": [ 120.579133023334165, 23.287093042913618 ] } },
{ "type": "Feature", "properties": { "工程（財產）名稱": "擋土牆", "工程（財產）別名": "草蘭溪區處理工程", "財產編號": "1110102-0004 91-0000053", "保管單位": "曾管中心", "入帳日期(購置日期)": "2002-12-31", "清查日期": "2014/03/05", "地籍": "嘉義縣大埔鄉頂坪林段4號", "座標X(1)": 213304.92, "座標Y(1)": 2576186.43, "座標X(2)": null, "座標Y(2)": null, "有無貼牌": "--", "有無QRCode": "無", "說明": "草蘭溪產業道路", "保管人": "陳乙震" }, "geometry": { "type": "Point", "coordinates": [ 120.641278997971895, 23.287694988745457 ] } },
{ "type": "Feature", "properties": { "工程（財產）名稱": "擋土牆", "工程（財產）別名": "伊斯基安那崩坍二期工", "財產編號": "1110102-0004 91-0000017", "保管單位": "曾管中心", "入帳日期(購置日期)": "1996-06-01", "清查日期": "2023/01/05", "地籍": "嘉義縣阿里山鄉達邦段73-1號", "座標X(1)": 224882.66, "座標Y(1)": 2594068.48, "座標X(2)": "225014.74", "座標Y(2)": "2594068.48", "有無貼牌": "是", "有無QRCode": "無", "說明": "X 224659 Y 2594808", "保管人": "連偉成" }, "geometry": { "type": "Point", "coordinates": [ 120.754161300147203, 23.449391989273813 ] } },
{ "type": "Feature", "properties": { "工程（財產）名稱": "擋土牆", "工程（財產）別名": "馬頭山藤埔處理工程", "財產編號": "1110102-0004 91-0000024", "保管單位": "曾管中心", "入帳日期(購置日期)": "1999-06-30", "清查日期": "2014/05/27", "地籍": "嘉義縣大埔鄉大埔段187-7號", "座標X(1)": 208809.317, "座標Y(1)": 2578182.268, "座標X(2)": null, "座標Y(2)": null, "有無貼牌": "--", "有無QRCode": "無", "說明": "位於藤埔產業道路", "保管人": "陳乙震" }, "geometry": { "type": "Point", "coordinates": [ 120.597277778154762, 23.305611110150441 ] } },
{ "type": "Feature", "properties": { "工程（財產）名稱": "擋土牆", "工程（財產）別名": "牡丹溪路口2號橋下游護岸工程-62M", "財產編號": "1110102-0004 00-0000291", "保管單位": "牡管中心", "入帳日期(購置日期)": "2011-01-28", "清查日期": "2024/05/06", "地籍": "屏東縣牡丹鄉東源段9500-1401號,", "座標X(1)": 234073.0, "座標Y(1)": 2453658.0, "座標X(2)": "234066", "座標Y(2)": "2453655", "有無貼牌": "是", "有無QRCode": "無", "說明": "1.於113年5月6日現地盤點時,石籠上皆已長滿了雜草", "保管人": "周百欽" }, "geometry": { "type": "Point", "coordinates": [ 120.845548918940537, 22.181473267265282 ] } },
{ "type": "Feature", "properties": { "工程（財產）名稱": "擋土牆", "工程（財產）別名": "石硤-大坑內駁坎護坡", "財產編號": "1110102-0004 91-0000031", "保管單位": "曾管中心", "入帳日期(購置日期)": "2000-12-31", "清查日期": "2020/03/05", "地籍": "嘉義縣大埔鄉大埔段924-1號", "座標X(1)": 209263.0, "座標Y(1)": 2577355.0, "座標X(2)": null, "座標Y(2)": null, "有無貼牌": "--", "有無QRCode": "無", "說明": null, "保管人": "陳乙震" }, "geometry": { "type": "Point", "coordinates": [ 120.601735603255264, 23.29815206804772 ] } },
{ "type": "Feature", "properties": { "工程（財產）名稱": "擋土牆", "工程（財產）別名": "曾文(番路大埔區)處理", "財產編號": "1110102-0004 94-0000115", "保管單位": "曾管中心", "入帳日期(購置日期)": "2005-12-30", "清查日期": "2012/11/06", "地籍": "嘉義縣大埔鄉大埔段1458-39號", "座標X(1)": 204995.8, "座標Y(1)": 2571591.59, "座標X(2)": "206895.71", "座標Y(2)": "2571591.59", "有無貼牌": "--", "有無QRCode": "無", "說明": "位於台三線第四莊附近右轉", "保管人": "陳乙震" }, "geometry": { "type": "Point", "coordinates": [ 120.560189208201493, 23.245996076936496 ] } },
{ "type": "Feature", "properties": { "工程（財產）名稱": "擋土牆", "工程（財產）別名": "擋土牆/108曾文水庫週邊零星工程", "財產編號": "1110102-0004 00-0000558", "保管單位": "養護科", "入帳日期(購置日期)": "2020-03-18", "清查日期": "--", "地籍": "嘉義縣大埔段1265-49、1265-103地號", "座標X(1)": 208226.0, "座標Y(1)": 2574656.0, "座標X(2)": null, "座標Y(2)": null, "有無貼牌": "--", "有無QRCode": "無", "說明": "擋土牆182.3公尺", "保管人": "吳宗翰" }, "geometry": { "type": "Point", "coordinates": [ 120.591671931644569, 23.273753542149148 ] } },
{ "type": "Feature", "properties": { "工程（財產）名稱": "擋土牆", "工程（財產）別名": "長谷川溪處理工程188m", "財產編號": "1110102-0004 00-0000163", "保管單位": "曾管中心", "入帳日期(購置日期)": "2007-11-15", "清查日期": "2023/02/16", "地籍": "嘉義縣阿里山鄉特富野段53-1號", "座標X(1)": 225487.31, "座標Y(1)": 2596170.31, "座標X(2)": "225476", "座標Y(2)": "2596171", "有無貼牌": "是", "有無QRCode": "無", "說明": null, "保管人": "連偉成" }, "geometry": { "type": "Point", "coordinates": [ 120.760045039554981, 23.468380998702987 ] } },
{ "type": "Feature", "properties": { "工程（財產）名稱": "擋土牆", "工程（財產）別名": "B型擋土牆-121.75M", "財產編號": "1110102-0004 00-0000245", "保管單位": "曾管中心", "入帳日期(購置日期)": "2009-12-31", "清查日期": "2012/11/06", "地籍": "台南市東山區茄令九湖段46號", "座標X(1)": 198213.65, "座標Y(1)": 2571369.38, "座標X(2)": null, "座標Y(2)": null, "有無貼牌": "--", "有無QRCode": "無", "說明": "曾文之眼對面產業道路50米處", "保管人": "陳乙震" }, "geometry": { "type": "Point", "coordinates": [ 120.493918994638207, 23.243789968113102 ] } },
{ "type": "Feature", "properties": { "工程（財產）名稱": "擋土牆", "工程（財產）別名": "阿里山區處理工程", "財產編號": "1110102-0004 92-0000073", "保管單位": "曾管中心", "入帳日期(購置日期)": "2003-12-24", "清查日期": "2023/03/09", "地籍": "嘉義縣阿里山鄉樂野段340-2號", "座標X(1)": 220002.77, "座標Y(1)": 2595387.58, "座標X(2)": "220001", "座標Y(2)": "2595410", "有無貼牌": "是", "有無QRCode": "無", "說明": null, "保管人": "連偉成" }, "geometry": { "type": "Point", "coordinates": [ 120.706372956445293, 23.461221038401391 ] } },
{ "type": "Feature", "properties": { "工程（財產）名稱": "擋土牆", "工程（財產）別名": "集水區崩坍處理青豐區", "財產編號": "1110102-0004 91-0000015", "保管單位": "曾管中心", "入帳日期(購置日期)": "1996-06-01", "清查日期": "2014/08/13", "地籍": "嘉義縣阿里山鄉茶山段133-2號", "座標X(1)": 216461.36, "座標Y(1)": 2578899.15, "座標X(2)": null, "座標Y(2)": null, "有無貼牌": "--", "有無QRCode": "無", "說明": "位於129線茶山部落北方約1公里右側產業道路", "保管人": "陳乙震" }, "geometry": { "type": "Point", "coordinates": [ 120.672075042479449, 23.312259032959556 ] } },
{ "type": "Feature", "properties": { "工程（財產）名稱": "擋土牆", "工程（財產）別名": "曾文水保(達邦區)", "財產編號": "1110102-0004 93-0000095", "保管單位": "曾管中心", "入帳日期(購置日期)": "2004-12-31", "清查日期": "2023/01/05", "地籍": "嘉義縣阿里山鄉達邦段362號", "座標X(1)": 223383.75, "座標Y(1)": 2593259.17, "座標X(2)": "223384", "座標Y(2)": "2593272", "有無貼牌": "是", "有無QRCode": "無", "說明": "達邦村上方(169線35.5k處左轉)", "保管人": "連偉成" }, "geometry": { "type": "Point", "coordinates": [ 120.739504998735228, 23.442060013202653 ] } },
{ "type": "Feature", "properties": { "工程（財產）名稱": "擋土牆", "工程（財產）別名": "曾文四號橋墩維護工程", "財產編號": "1110102-0004 91-0000050", "保管單位": "曾管中心", "入帳日期(購置日期)": "2002-12-31", "清查日期": "2024/01/26", "地籍": "台南市東山區下南勢段948-9號", "座標X(1)": 199825.26, "座標Y(1)": 2570428.43, "座標X(2)": "199821", "座標Y(2)": "2570415", "有無貼牌": "是", "有無QRCode": "無", "說明": "曾庫公路四號橋下方", "保管人": "周駿宏" }, "geometry": { "type": "Point", "coordinates": [ 120.50969901434739, 23.235343007829204 ] } },
{ "type": "Feature", "properties": { "工程（財產）名稱": "擋土牆", "工程（財產）別名": "曾文番路大埔區處理工", "財產編號": "1110102-0004 94-0000116", "保管單位": "曾管中心", "入帳日期(購置日期)": "2005-12-30", "清查日期": "2012/11/06", "地籍": "嘉義縣大埔鄉大埔段1458-39號", "座標X(1)": 202526.08, "座標Y(1)": 2571304.81, "座標X(2)": null, "座標Y(2)": null, "有無貼牌": "--", "有無QRCode": "無", "說明": "位於大壩遂道環湖道路右轉", "保管人": "陳乙震" }, "geometry": { "type": "Point", "coordinates": [ 120.536063024131522, 23.243336985979557 ] } },
{ "type": "Feature", "properties": { "工程（財產）名稱": "擋土牆", "工程（財產）別名": "95增文公共設施-140M2", "財產編號": "1110102-0004 95-0000155", "保管單位": "曾管中心", "入帳日期(購置日期)": "2006-12-29", "清查日期": "2015/01/28", "地籍": "無", "座標X(1)": 199075.78, "座標Y(1)": 2569605.19, "座標X(2)": null, "座標Y(2)": null, "有無貼牌": "--", "有無QRCode": "無", "說明": "曾庫公路3號橋前小公園", "保管人": "陳乙震" }, "geometry": { "type": "Point", "coordinates": [ 120.502402964132983, 23.227886024486928 ] } },
{ "type": "Feature", "properties": { "工程（財產）名稱": "擋土牆", "工程（財產）別名": "鳳梨坑溪排水整治工程", "財產編號": "1110102-0004 94-0000110", "保管單位": "阿管中心", "入帳日期(購置日期)": "2005-09-10", "清查日期": "2015/03/30", "地籍": "無宗地資料", "座標X(1)": 186256.0, "座標Y(1)": 2524875.0, "座標X(2)": null, "座標Y(2)": null, "有無貼牌": "--", "有無QRCode": "無", "說明": null, "保管人": "呂元鈞" }, "geometry": { "type": "Point", "coordinates": [ 120.37899479694444, 22.82351824609102 ] } },
{ "type": "Feature", "properties": { "工程（財產）名稱": "擋土牆", "工程（財產）別名": "達邦村有伊亞道路水土", "財產編號": "1110102-0004 91-0000047", "保管單位": "養護科", "入帳日期(購置日期)": "2002-12-31", "清查日期": "2014/05/05", "地籍": "嘉義縣阿里山鄉達邦段140-1號", "座標X(1)": 225865.02, "座標Y(1)": 2593021.12, "座標X(2)": null, "座標Y(2)": null, "有無貼牌": "--", "有無QRCode": "無", "說明": null, "保管人": "吳宗翰" }, "geometry": { "type": "Point", "coordinates": [ 120.763793005154255, 23.439949022460375 ] } },
{ "type": "Feature", "properties": { "工程（財產）名稱": "擋土牆", "工程（財產）別名": "曾文集水區水土保持", "財產編號": "1110102-0004 91-0000010", "保管單位": "曾管中心", "入帳日期(購置日期)": "1996-06-01", "清查日期": "2014/05/27", "地籍": "嘉義縣大埔鄉沙米其段50號", "座標X(1)": 210579.903, "座標Y(1)": 2580814.044, "座標X(2)": null, "座標Y(2)": null, "有無貼牌": "--", "有無QRCode": "無", "說明": "位於台三線沙力基溪橋頭右轉入口", "保管人": "陳乙震" }, "geometry": { "type": "Point", "coordinates": [ 120.61452000330965, 23.329419996341059 ] } },
{ "type": "Feature", "properties": { "工程（財產）名稱": "擋土牆", "工程（財產）別名": "甲仙堰上游週邊排水70", "財產編號": "1110102-0004 00-0000168", "保管單位": "甲仙(堰區)", "入帳日期(購置日期)": "2007-12-31", "清查日期": "2022/05/24", "地籍": "甲仙區東阿里關段1925", "座標X(1)": 209457.46, "座標Y(1)": 2556524.56, "座標X(2)": "209442", "座標Y(2)": "2556521", "有無貼牌": "是", "有無QRCode": "無", "說明": null, "保管人": "洪瑞隆" }, "geometry": { "type": "Point", "coordinates": [ 120.604191005298134, 23.110052040589881 ] } },
{ "type": "Feature", "properties": { "工程（財產）名稱": "擋土牆", "工程（財產）別名": "埤底馬頭山處理工程", "財產編號": "1110102-0004 91-0000038", "保管單位": "曾管中心", "入帳日期(購置日期)": "2002-10-31", "清查日期": "2013/03/18", "地籍": "嘉義縣大埔鄉馬頭山段30號", "座標X(1)": 209106.53, "座標Y(1)": 2579644.18, "座標X(2)": "208514.36", "座標Y(2)": "2579644.18", "有無貼牌": "--", "有無QRCode": "無", "說明": "位於馬頭山產業道路", "保管人": "陳乙震" }, "geometry": { "type": "Point", "coordinates": [ 120.600144106547447, 23.318819843584393 ] } },
{ "type": "Feature", "properties": { "工程（財產）名稱": "護坡", "工程（財產）別名": "105年度曾文水庫湖域保護帶治理第一期工程", "財產編號": "1110102-003D 00-0000040", "保管單位": "曾管中心", "入帳日期(購置日期)": "2017-10-02", "清查日期": "--", "地籍": "台南市東山區下南勢段948-11,948-10號地", "座標X(1)": 201229.2, "座標Y(1)": 2570481.468, "座標X(2)": "199892.468", "座標Y(2)": "2570481.468", "有無貼牌": "--", "有無QRCode": "無", "說明": null, "保管人": "李勝雄" }, "geometry": { "type": "Point", "coordinates": [ 120.52341605888634, 23.235864151023058 ] } },
{ "type": "Feature", "properties": { "工程（財產）名稱": "擋土牆", "工程（財產）別名": "102年度曾文水庫週邊零星工程", "財產編號": "1110102-0004 00-0000358", "保管單位": "養護科", "入帳日期(購置日期)": "2014-01-09", "清查日期": "2014/08/21", "地籍": "嘉義縣大埔鄉 大埔段1425", "座標X(1)": 207447.0, "座標Y(1)": 2572283.0, "座標X(2)": null, "座標Y(2)": null, "有無貼牌": "--", "有無QRCode": "無", "說明": null, "保管人": "吳宗翰" }, "geometry": { "type": "Point", "coordinates": [ 120.58412409337042, 23.252304891523732 ] } },
{ "type": "Feature", "properties": { "工程（財產）名稱": "擋土牆", "工程（財產）別名": "茶山村擋土牆-30M2", "財產編號": "1110102-0004 00-0000235", "保管單位": "養護科", "入帳日期(購置日期)": "2009-12-18", "清查日期": "2019/10/01", "地籍": "嘉義縣阿里山鄉茶山段143號", "座標X(1)": 215943.0, "座標Y(1)": 2578721.0, "座標X(2)": null, "座標Y(2)": null, "有無貼牌": "--", "有無QRCode": "無", "說明": "B工區", "保管人": "吳宗翰" }, "geometry": { "type": "Point", "coordinates": [ 120.667010835441161, 23.310639613838145 ] } },
{ "type": "Feature", "properties": { "工程（財產）名稱": "擋土牆", "工程（財產）別名": "擋土牆", "財產編號": "1110102-0004 93-0000088", "保管單位": "甲仙(堰區)", "入帳日期(購置日期)": "2004-12-31", "清查日期": "2021/11/05", "地籍": "甲仙區東阿里關段2184", "座標X(1)": 209270.98, "座標Y(1)": 2556769.35, "座標X(2)": "208896", "座標Y(2)": "2553751", "有無貼牌": "是", "有無QRCode": "無", "說明": null, "保管人": "洪瑞隆" }, "geometry": { "type": "Point", "coordinates": [ 120.602363960731665, 23.112258013501396 ] } },
{ "type": "Feature", "properties": { "工程（財產）名稱": "擋土牆", "工程（財產）別名": "阿公店州仔坑崩地保護", "財產編號": "1110102-0004 93-0000080", "保管單位": "阿管中心", "入帳日期(購置日期)": "2004-07-25", "清查日期": "2015/03/30", "地籍": "高雄市燕巢區尖山段681-124號", "座標X(1)": 185223.0, "座標Y(1)": 2522837.0, "座標X(2)": null, "座標Y(2)": null, "有無貼牌": "--", "有無QRCode": "無", "說明": null, "保管人": "呂元鈞" }, "geometry": { "type": "Point", "coordinates": [ 120.369016377732848, 22.805074757925258 ] } },
{ "type": "Feature", "properties": { "工程（財產）名稱": "擋土牆", "工程（財產）別名": "南寮區處理工程", "財產編號": "1110102-0004 92-0000065", "保管單位": "曾管中心", "入帳日期(購置日期)": "2003-12-18", "清查日期": "2012/11/13", "地籍": "嘉意縣大埔鄉南寮段16號", "座標X(1)": 206275.71, "座標Y(1)": 2583517.25, "座標X(2)": null, "座標Y(2)": null, "有無貼牌": "--", "有無QRCode": "無", "說明": "南寮產業道路", "保管人": "陳乙震" }, "geometry": { "type": "Point", "coordinates": [ 120.572352988101898, 23.353720985356102 ] } },
{ "type": "Feature", "properties": { "工程（財產）名稱": "擋土牆", "工程（財產）別名": "水土保持草蘭溪區施設", "財產編號": "1110102-0004 91-0000029", "保管單位": "曾管中心", "入帳日期(購置日期)": "2000-12-31", "清查日期": "2014/09/11", "地籍": "無", "座標X(1)": 213457.45, "座標Y(1)": 2574942.34, "座標X(2)": null, "座標Y(2)": null, "有無貼牌": "--", "有無QRCode": "無", "說明": "位於草欗溪產業道路上", "保管人": "陳乙震" }, "geometry": { "type": "Point", "coordinates": [ 120.642800035611074, 23.276463962781776 ] } },
{ "type": "Feature", "properties": { "工程（財產）名稱": "擋土牆", "工程（財產）別名": "曾文集水區泰山崩坍處", "財產編號": "1110102-0004 91-0000012", "保管單位": "曾管中心", "入帳日期(購置日期)": "1996-06-01", "清查日期": "2014/09/11", "地籍": "嘉義縣大埔鄉大埔段1316-6號", "座標X(1)": 207617.24, "座標Y(1)": 2575317.9, "座標X(2)": null, "座標Y(2)": null, "有無貼牌": "--", "有無QRCode": "無", "說明": "位於大埔鄉泰山產業道路", "保管人": "陳乙震" }, "geometry": { "type": "Point", "coordinates": [ 120.585703121278385, 23.279715027388836 ] } },
{ "type": "Feature", "properties": { "工程（財產）名稱": "擋土牆", "工程（財產）別名": "伊斯基安那崩坍三期工", "財產編號": "1110102-0004 91-0000014", "保管單位": "曾管中心", "入帳日期(購置日期)": "1996-06-01", "清查日期": "2023/01/12", "地籍": "嘉義縣阿里山鄉達邦段125號", "座標X(1)": 225041.35, "座標Y(1)": 2593612.57, "座標X(2)": "225268.99", "座標Y(2)": "2593612.57", "有無貼牌": "找不到", "有無QRCode": "無", "說明": "112年1月12日找不到此筆財產", "保管人": "連偉成" }, "geometry": { "type": "Point", "coordinates": [ 120.755722054844952, 23.445277496804675 ] } },
{ "type": "Feature", "properties": { "工程（財產）名稱": "擋土牆", "工程（財產）別名": "西興茄苳水保-279.68", "財產編號": "1110102-0004 00-0000167", "保管單位": "養護科", "入帳日期(購置日期)": "2007-12-20", "清查日期": "2019/10/01", "地籍": "嘉義縣大埔鄉大埔段1373號", "座標X(1)": 206444.47, "座標Y(1)": 2573135.62, "座標X(2)": null, "座標Y(2)": null, "有無貼牌": "--", "有無QRCode": "無", "說明": null, "保管人": "吳宗翰" }, "geometry": { "type": "Point", "coordinates": [ 120.57430200138559, 23.259977967589503 ] } },
{ "type": "Feature", "properties": { "工程（財產）名稱": "擋土牆", "工程（財產）別名": "阿里山鄉集水區工程", "財產編號": "1110102-0004 92-0000059", "保管單位": "養護科", "入帳日期(購置日期)": "2003-08-07", "清查日期": "2014/05/05", "地籍": "嘉義縣阿里山鄉特富野段220-8號", "座標X(1)": 225569.84, "座標Y(1)": 2595917.13, "座標X(2)": null, "座標Y(2)": null, "有無貼牌": "--", "有無QRCode": "無", "說明": null, "保管人": "吳宗翰" }, "geometry": { "type": "Point", "coordinates": [ 120.760857040430011, 23.466095993499334 ] } },
{ "type": "Feature", "properties": { "工程（財產）名稱": "擋土牆", "工程（財產）別名": "擋土牆/106田寮區阿公店水庫邊緣零星工程", "財產編號": "1110102-0004 00-0000554", "保管單位": "阿管中心", "入帳日期(購置日期)": "2018-03-01", "清查日期": "2023/06/07", "地籍": "高市田寮區南安老段一小段1013號", "座標X(1)": 187421.0, "座標Y(1)": 2529107.0, "座標X(2)": "187422", "座標Y(2)": "2529098", "有無貼牌": "是", "有無QRCode": "無", "說明": null, "保管人": "陳煌祥" }, "geometry": { "type": "Point", "coordinates": [ 120.390173581778598, 22.861778734619833 ] } },
{ "type": "Feature", "properties": { "工程（財產）名稱": "擋土牆", "工程（財產）別名": "里佳區處理工程", "財產編號": "1110102-0004 92-0000067", "保管單位": "曾管中心", "入帳日期(購置日期)": "2003-12-30", "清查日期": "2023/01/13", "地籍": "嘉義縣阿里山鄉里佳段152-1號", "座標X(1)": 221698.6, "座標Y(1)": 2589610.86, "座標X(2)": "221688", "座標Y(2)": "2589621", "有無貼牌": "是", "有無QRCode": "無", "說明": null, "保管人": "連偉成" }, "geometry": { "type": "Point", "coordinates": [ 120.723081076832244, 23.409086859608959 ] } },
{ "type": "Feature", "properties": { "工程（財產）名稱": "擋土牆", "工程（財產）別名": "曾文集水區保育崩坍處", "財產編號": "1110102-0004 91-0000013", "保管單位": "曾管中心", "入帳日期(購置日期)": "1996-06-01", "清查日期": "2023/03/09", "地籍": "嘉義縣阿里山鄉鹿窟段105號", "座標X(1)": 211367.5, "座標Y(1)": 2587936.6, "座標X(2)": "211431", "座標Y(2)": "2587894", "有無貼牌": "是", "有無QRCode": "無", "說明": "X:211439.29 Y:2587928.18", "保管人": "連偉成" }, "geometry": { "type": "Point", "coordinates": [ 120.622039411977553, 23.393756327434392 ] } },
{ "type": "Feature", "properties": { "工程（財產）名稱": "擋土牆", "工程（財產）別名": "二莊至材樹湖水土保持", "財產編號": "1110102-0004 91-0000045", "保管單位": "養護科", "入帳日期(購置日期)": "2002-12-31", "清查日期": "2014/05/08", "地籍": "嘉義縣大埔鄉大埔段1051-3號", "座標X(1)": 208196.04, "座標Y(1)": 2575711.71, "座標X(2)": null, "座標Y(2)": null, "有無貼牌": "--", "有無QRCode": "無", "說明": null, "保管人": "吳宗翰" }, "geometry": { "type": "Point", "coordinates": [ 120.591350000918169, 23.283286038994071 ] } },
{ "type": "Feature", "properties": { "工程（財產）名稱": "擋土牆", "工程（財產）別名": "E工區-28M", "財產編號": "1110102-0004 00-0000222", "保管單位": "養護科", "入帳日期(購置日期)": "2009-05-26", "清查日期": "2019/10/01", "地籍": "嘉義縣大埔鄉豬稠湖段21號", "座標X(1)": 211363.0, "座標Y(1)": 2569707.72, "座標X(2)": "211359.68", "座標Y(2)": "2569707.72", "有無貼牌": "--", "有無QRCode": "無", "說明": null, "保管人": "吳宗翰" }, "geometry": { "type": "Point", "coordinates": [ 120.622460427127507, 23.229146101755472 ] } },
{ "type": "Feature", "properties": { "工程（財產）名稱": "擋土牆", "工程（財產）別名": "G工區-39M", "財產編號": "1110102-0004 00-0000224", "保管單位": "養護科", "入帳日期(購置日期)": "2009-05-26", "清查日期": "2019/10/01", "地籍": "嘉義縣大埔鄉草嶺段5號", "座標X(1)": 208555.25, "座標Y(1)": 2572942.21, "座標X(2)": null, "座標Y(2)": null, "有無貼牌": "--", "有無QRCode": "無", "說明": null, "保管人": "吳宗翰" }, "geometry": { "type": "Point", "coordinates": [ 120.594936966878521, 23.258286005534135 ] } },
{ "type": "Feature", "properties": { "工程（財產）名稱": "擋土牆", "工程（財產）別名": "曾文公共設施整建五期", "財產編號": "1110102-0004 94-0000125", "保管單位": "曾管中心", "入帳日期(購置日期)": "2005-12-30", "清查日期": "2015/02/06", "地籍": "台南市楠西區汪萊宅段5-188號", "座標X(1)": 198469.2, "座標Y(1)": 2567480.4, "座標X(2)": null, "座標Y(2)": null, "有無貼牌": "--", "有無QRCode": "無", "說明": "曾庫公路龍之嶺路口下方", "保管人": "陳乙震" }, "geometry": { "type": "Point", "coordinates": [ 120.496547972066082, 23.208680006434218 ] } },
{ "type": "Feature", "properties": { "工程（財產）名稱": "擋土牆", "工程（財產）別名": "南寮-擋土牆-120M2", "財產編號": "1110102-0004 00-0000249", "保管單位": "曾管中心", "入帳日期(購置日期)": "2009-12-31", "清查日期": "2015/03/13", "地籍": "嘉義縣大埔鄉南寮段31號", "座標X(1)": 204525.93, "座標Y(1)": 2582447.24, "座標X(2)": null, "座標Y(2)": null, "有無貼牌": "--", "有無QRCode": "無", "說明": "南寮產業道路", "保管人": "陳乙震" }, "geometry": { "type": "Point", "coordinates": [ 120.555271786835021, 23.344011041025919 ] } },
{ "type": "Feature", "properties": { "工程（財產）名稱": "擋土牆", "工程（財產）別名": "達邦及里佳村道路及排水改善工程-22.5M2", "財產編號": "1110102-0004 00-0000289", "保管單位": "養護科", "入帳日期(購置日期)": "2010-12-31", "清查日期": "2012/12/19", "地籍": "嘉義縣阿里山鄉里佳段261號", "座標X(1)": 221271.0, "座標Y(1)": 2588267.0, "座標X(2)": null, "座標Y(2)": null, "有無貼牌": "--", "有無QRCode": "無", "說明": "(1工區)", "保管人": "吳宗翰" }, "geometry": { "type": "Point", "coordinates": [ 120.718922826418563, 23.396944111204135 ] } },
{ "type": "Feature", "properties": { "工程（財產）名稱": "擋土牆", "工程（財產）別名": "新興七星工程-18M2", "財產編號": "1110102-0004 00-0000190", "保管單位": "阿管中心", "入帳日期(購置日期)": "2008-12-31", "清查日期": "2024/10/18", "地籍": "高雄市田寮區牛稠埔段512號", "座標X(1)": 185589.61, "座標Y(1)": 2525935.93, "座標X(2)": "185587", "座標Y(2)": "2525941", "有無貼牌": "是", "有無QRCode": "無", "說明": null, "保管人": "林堉介" }, "geometry": { "type": "Point", "coordinates": [ 120.372459087689819, 22.833073422116286 ] } },
{ "type": "Feature", "properties": { "工程（財產）名稱": "擋土牆", "工程（財產）別名": "101年度曾文水庫週邊零星工程-和平村", "財產編號": "1110102-0004 00-0000333", "保管單位": "養護科", "入帳日期(購置日期)": "2012-11-29", "清查日期": "2014/08/21", "地籍": "嘉義縣大埔鄉沙米箕段84地號", "座標X(1)": 210028.0, "座標Y(1)": 2579319.0, "座標X(2)": null, "座標Y(2)": null, "有無貼牌": "--", "有無QRCode": "無", "說明": "H工區L溝擋土牆0.8m(H)×20m(L)", "保管人": "吳宗翰" }, "geometry": { "type": "Point", "coordinates": [ 120.609162650883817, 23.315906143975617 ] } },
{ "type": "Feature", "properties": { "工程（財產）名稱": "擋土牆", "工程（財產）別名": "茄苳西興大埔地區水土保持工程-18M2", "財產編號": "1110102-0004 00-0000312", "保管單位": "養護科", "入帳日期(購置日期)": "2011-12-31", "清查日期": "2012/11/13", "地籍": "嘉義縣大埔鄉水寮段25號", "座標X(1)": 213529.0, "座標Y(1)": 2578701.0, "座標X(2)": null, "座標Y(2)": null, "有無貼牌": "--", "有無QRCode": "無", "說明": null, "保管人": "吳宗翰" }, "geometry": { "type": "Point", "coordinates": [ 120.643408997733019, 23.31040709908584 ] } },
{ "type": "Feature", "properties": { "工程（財產）名稱": "擋土牆", "工程（財產）別名": "茶山區處理工程-242m2", "財產編號": "1110102-0004 95-0000159", "保管單位": "曾管中心", "入帳日期(購置日期)": "2006-12-29", "清查日期": "2022/12/08", "地籍": "嘉義縣阿里山鄉茶山段102-4號", "座標X(1)": 216389.37, "座標Y(1)": 2578997.65, "座標X(2)": "216372", "座標Y(2)": "2578954", "有無貼牌": "是", "有無QRCode": "無", "說明": null, "保管人": "連偉成" }, "geometry": { "type": "Point", "coordinates": [ 120.671368981165102, 23.313147036528715 ] } },
{ "type": "Feature", "properties": { "工程（財產）名稱": "擋土牆", "工程（財產）別名": "大埔鄉轄區內集水區水保零星工程-36m2", "財產編號": "1110102-0004 00-0000302", "保管單位": "養護科", "入帳日期(購置日期)": "2011-12-23", "清查日期": "2012/12/04", "地籍": "嘉義縣大埔鄉大埔段1218號", "座標X(1)": 208564.93, "座標Y(1)": 2574941.916, "座標X(2)": null, "座標Y(2)": null, "有無貼牌": "--", "有無QRCode": "無", "說明": "(5工區)", "保管人": "吳宗翰" }, "geometry": { "type": "Point", "coordinates": [ 120.594976997896723, 23.27634400307663 ] } },
{ "type": "Feature", "properties": { "工程（財產）名稱": "擋土牆", "工程（財產）別名": "擋土牆", "財產編號": "1110102-0004 00-0000201", "保管單位": "曾管中心", "入帳日期(購置日期)": "2007-07-25", "清查日期": "2015/04/20", "地籍": "台南市東山區下南勢段948-9號", "座標X(1)": 200523.16, "座標Y(1)": 2570937.6, "座標X(2)": null, "座標Y(2)": null, "有無貼牌": "--", "有無QRCode": "無", "說明": "曾庫公路4號橋瀉槽兩側檔土牆", "保管人": "陳乙震" }, "geometry": { "type": "Point", "coordinates": [ 120.516502046886416, 23.23996201347887 ] } },
{ "type": "Feature", "properties": { "工程（財產）名稱": "擋土牆", "工程（財產）別名": "三和里菜寮路旁保護", "財產編號": "1110102-0004 94-0000109", "保管單位": "阿管中心", "入帳日期(購置日期)": "2005-06-30", "清查日期": "2015/01/16", "地籍": "高雄市岡山區陀子段2552號", "座標X(1)": 182360.32, "座標Y(1)": 2524709.44, "座標X(2)": null, "座標Y(2)": null, "有無貼牌": "--", "有無QRCode": "無", "說明": null, "保管人": "李冠緯" }, "geometry": { "type": "Point", "coordinates": [ 120.341051473276181, 22.821870755916041 ] } },
{ "type": "Feature", "properties": { "工程（財產）名稱": "擋土牆", "工程（財產）別名": "103曾文水庫週邊零星工程(永樂)", "財產編號": "1110102-0004 00-0000413", "保管單位": "養護科", "入帳日期(購置日期)": "2015-01-16", "清查日期": "--", "地籍": "嘉義縣大埔鄉南寮段13", "座標X(1)": 207516.0, "座標Y(1)": 2580199.0, "座標X(2)": null, "座標Y(2)": null, "有無貼牌": "--", "有無QRCode": "無", "說明": null, "保管人": "吳宗翰" }, "geometry": { "type": "Point", "coordinates": [ 120.584576660719378, 23.323789490657443 ] } },
{ "type": "Feature", "properties": { "工程（財產）名稱": "擋土牆", "工程（財產）別名": "103年曾文水庫週邊零星工程(山美村)", "財產編號": "1110102-0004 00-0000438", "保管單位": "養護科", "入帳日期(購置日期)": "2015-09-01", "清查日期": "--", "地籍": "山美段144號(公 原民會)", "座標X(1)": 215917.0, "座標Y(1)": 2586987.0, "座標X(2)": null, "座標Y(2)": null, "有無貼牌": "--", "有無QRCode": "無", "說明": "97坐標", "保管人": "吳宗翰" }, "geometry": { "type": "Point", "coordinates": [ 120.666570228839888, 23.385282578485207 ] } },
{ "type": "Feature", "properties": { "工程（財產）名稱": "擋土牆", "工程（財產）別名": "風吹嶺處理工程", "財產編號": "1110102-0004 91-0000022", "保管單位": "曾管中心", "入帳日期(購置日期)": "1999-06-30", "清查日期": "2014/10/30", "地籍": "嘉義縣大埔鄉大埔段1480號", "座標X(1)": 203488.13, "座標Y(1)": 2569354.41, "座標X(2)": null, "座標Y(2)": null, "有無貼牌": "--", "有無QRCode": "無", "說明": "位於風吹嶺路口", "保管人": "陳乙震" }, "geometry": { "type": "Point", "coordinates": [ 120.545524030587799, 23.225751996827089 ] } },
{ "type": "Feature", "properties": { "工程（財產）名稱": "擋土牆", "工程（財產）別名": "95阿管集水零星-755.8", "財產編號": "1110102-0004 95-0000150", "保管單位": "阿管中心", "入帳日期(購置日期)": "2006-11-28", "清查日期": "2019/06/21", "地籍": "高雄市岡山區 子段一小段3674號", "座標X(1)": 182601.0, "座標Y(1)": 2526439.0, "座標X(2)": "183634", "座標Y(2)": "2526439", "有無貼牌": "--", "有無QRCode": "無", "說明": null, "保管人": "陳煌祥" }, "geometry": { "type": "Point", "coordinates": [ 120.343321142016364, 22.837498939613852 ] } },
{ "type": "Feature", "properties": { "工程（財產）名稱": "擋土牆", "工程（財產）別名": "東口野溪擋土牆-25M", "財產編號": "1110102-0004 00-0000238", "保管單位": "曾管中心", "入帳日期(購置日期)": "2009-12-31", "清查日期": "2022/12/05", "地籍": "東山區下南勢段1132號", "座標X(1)": 198937.88, "座標Y(1)": 2569920.38, "座標X(2)": "198933", "座標Y(2)": "2569918", "有無貼牌": "是", "有無QRCode": "無", "說明": "東山區下南勢段1132號", "保管人": "黃政達" }, "geometry": { "type": "Point", "coordinates": [ 120.501044959837884, 23.230727960248267 ] } },
{ "type": "Feature", "properties": { "工程（財產）名稱": "擋土牆", "工程（財產）別名": "擋土牆-新興村", "財產編號": "1110102-0004 93-0000107", "保管單位": "阿管中心", "入帳日期(購置日期)": "2004-12-31", "清查日期": "--", "地籍": "高雄市田寮區牛稠埔段229-6號", "座標X(1)": 184223.0, "座標Y(1)": 2526194.0, "座標X(2)": null, "座標Y(2)": null, "有無貼牌": "--", "有無QRCode": "無", "說明": null, "保管人": "李冠緯" }, "geometry": { "type": "Point", "coordinates": [ 120.359134129627662, 22.835350876875342 ] } },
{ "type": "Feature", "properties": { "工程（財產）名稱": "擋土牆", "工程（財產）別名": "曾文之-擋土牆-116M2", "財產編號": "1110102-0004 00-0000254", "保管單位": "曾管中心", "入帳日期(購置日期)": "2009-12-31", "清查日期": "2015/04/02", "地籍": "嘉義縣大埔鄉柳籐潭段14-5號", "座標X(1)": 202516.48, "座標Y(1)": 2572302.72, "座標X(2)": null, "座標Y(2)": null, "有無貼牌": "--", "有無QRCode": "無", "說明": "大壩竹崙產業道路", "保管人": "陳乙震" }, "geometry": { "type": "Point", "coordinates": [ 120.535938034600335, 23.252347991579398 ] } },
{ "type": "Feature", "properties": { "工程（財產）名稱": "擋土牆", "工程（財產）別名": "第1號橋旁-83.3m2", "財產編號": "1110102-0004 00-0000202", "保管單位": "甲仙(堰區)", "入帳日期(購置日期)": "2009-02-20", "清查日期": "2021/11/03", "地籍": "東阿里關418-13地號", "座標X(1)": 207783.22, "座標Y(1)": 2553913.58, "座標X(2)": "207778", "座標Y(2)": "2553899", "有無貼牌": "是", "有無QRCode": "無", "說明": null, "保管人": "洪瑞隆" }, "geometry": { "type": "Point", "coordinates": [ 120.587917966142427, 23.08643203122767 ] } },
{ "type": "Feature", "properties": { "工程（財產）名稱": "擋土牆", "工程（財產）別名": "壩區水保第一期-285M2", "財產編號": "1110102-0004 00-0000196", "保管單位": "曾管中心", "入帳日期(購置日期)": "2008-12-31", "清查日期": "2012/11/26", "地籍": null, "座標X(1)": 201342.99, "座標Y(1)": 2571105.21, "座標X(2)": null, "座標Y(2)": null, "有無貼牌": "--", "有無QRCode": "無", "說明": "五號橋往三腳石曾文溪左側", "保管人": "陳乙震" }, "geometry": { "type": "Point", "coordinates": [ 120.524508016933936, 23.241500003785763 ] } },
{ "type": "Feature", "properties": { "工程（財產）名稱": "擋土牆", "工程（財產）別名": "曾文風景區四期工程", "財產編號": "1110102-0004 93-0000084", "保管單位": "曾管中心", "入帳日期(購置日期)": "2004-09-30", "清查日期": "2015/01/28", "地籍": null, "座標X(1)": 200711.44, "座標Y(1)": 2571157.26, "座標X(2)": null, "座標Y(2)": null, "有無貼牌": "--", "有無QRCode": "無", "說明": "曾庫公路曾文之眼對面產業道路", "保管人": "陳乙震" }, "geometry": { "type": "Point", "coordinates": [ 120.518334787076071, 23.241951224724559 ] } },
{ "type": "Feature", "properties": { "工程（財產）名稱": "擋土牆", "工程（財產）別名": "加卡里斯擋土牆-10m2", "財產編號": "1110102-0004 00-0000260", "保管單位": "牡管中心", "入帳日期(購置日期)": "2010-04-27", "清查日期": "2019/10/07", "地籍": "屏東縣牡丹鄉牡丹村", "座標X(1)": 232204.0, "座標Y(1)": 2451515.0, "座標X(2)": null, "座標Y(2)": null, "有無貼牌": "--", "有無QRCode": "無", "說明": null, "保管人": "周百欽" }, "geometry": { "type": "Point", "coordinates": [ 120.827448087479354, 22.162100304571155 ] } },
{ "type": "Feature", "properties": { "工程（財產）名稱": "擋土牆", "工程（財產）別名": "大壩防砂壩靜池護岸工", "財產編號": "1110102-0004 91-0000004", "保管單位": "曾管中心", "入帳日期(購置日期)": "1995-07-01", "清查日期": "2014/09/03", "地籍": "高雄市納瑪夏區達悟芒段2號", "座標X(1)": 213608.7, "座標Y(1)": 2577087.54, "座標X(2)": null, "座標Y(2)": null, "有無貼牌": "--", "有無QRCode": "無", "說明": "位於大埔壩左岸", "保管人": "陳乙震" }, "geometry": { "type": "Point", "coordinates": [ 120.644226994566466, 23.295838979377024 ] } },
{ "type": "Feature", "properties": { "工程（財產）名稱": "擋土牆", "工程（財產）別名": "重力防砂壩", "財產編號": "1110102-0004 91-0000001", "保管單位": "曾管中心", "入帳日期(購置日期)": "1993-06-01", "清查日期": "2023/11/08", "地籍": "河川用地無籍資料、嘉義縣阿里山鄉樂野段672號", "座標X(1)": 222090.49, "座標Y(1)": 2594267.11, "座標X(2)": "222092", "座標Y(2)": "2594341", "有無貼牌": "是", "有無QRCode": "無", "說明": "1.功能如常運作112/11/08", "保管人": "連偉成" }, "geometry": { "type": "Point", "coordinates": [ 120.726829172460313, 23.451140197598331 ] } },
{ "type": "Feature", "properties": { "工程（財產）名稱": "擋土牆", "工程（財產）別名": "甲仙上游道路邊178.5", "財產編號": "1110102-0004 00-0000169", "保管單位": "甲仙(堰區)", "入帳日期(購置日期)": "2007-12-31", "清查日期": "2021/10/28", "地籍": "東阿里關418之2", "座標X(1)": 207738.48, "座標Y(1)": 2553884.0, "座標X(2)": "207741", "座標Y(2)": "2553884", "有無貼牌": "是", "有無QRCode": "無", "說明": "現場貼牌座標X:207730 Y:2553883", "保管人": "洪瑞隆" }, "geometry": { "type": "Point", "coordinates": [ 120.587482078593411, 23.086163771860409 ] } },
{ "type": "Feature", "properties": { "工程（財產）名稱": "擋土牆", "工程（財產）別名": "C工區-13M", "財產編號": "1110102-0004 00-0000210", "保管單位": "養護科", "入帳日期(購置日期)": "2009-05-26", "清查日期": "2019/10/01", "地籍": "嘉義縣大埔鄉大埔段792號", "座標X(1)": 211369.0, "座標Y(1)": 2577953.89, "座標X(2)": "211365.4", "座標Y(2)": "2577953.89", "有無貼牌": "--", "有無QRCode": "無", "說明": null, "保管人": "吳宗翰" }, "geometry": { "type": "Point", "coordinates": [ 120.622309243796536, 23.303611094880946 ] } },
{ "type": "Feature", "properties": { "工程（財產）名稱": "擋土牆", "工程（財產）別名": "茶山區處理工程", "財產編號": "1110102-0004 92-0000072", "保管單位": "曾管中心", "入帳日期(購置日期)": "2003-12-30", "清查日期": "2022/12/08", "地籍": "嘉義縣阿里山鄉茶山段232號", "座標X(1)": 215729.23, "座標Y(1)": 2577739.28, "座標X(2)": "215736", "座標Y(2)": "2577744", "有無貼牌": "是", "有無QRCode": "無", "說明": "達邦村東方", "保管人": "連偉成" }, "geometry": { "type": "Point", "coordinates": [ 120.664942954790945, 23.301770001963309 ] } },
{ "type": "Feature", "properties": { "工程（財產）名稱": "擋土牆", "工程（財產）別名": "擋土牆/109高屏堰週邊委辦零星工程", "財產編號": "1110102-0004 00-0000607", "保管單位": "高屏溪攔河堰", "入帳日期(購置日期)": "2021-03-04", "清查日期": "2023/01/06", "地籍": "三和段752-1,748-1地號等2筆土地", "座標X(1)": 189986.073, "座標Y(1)": 2511984.451, "座標X(2)": "189981.833", "座標Y(2)": "2511994.926", "有無貼牌": "是", "有無QRCode": "無", "說明": "112/01/06 X189986 Y2511980", "保管人": "沈文忠" }, "geometry": { "type": "Point", "coordinates": [ 120.415827780194704, 22.707247221085858 ] } },
{ "type": "Feature", "properties": { "工程（財產）名稱": "擋土牆", "工程（財產）別名": "達邦及里佳村道路及排水改善工程-30M2", "財產編號": "1110102-0004 00-0000288", "保管單位": "養護科", "入帳日期(購置日期)": "2010-12-31", "清查日期": "2012/12/05", "地籍": "嘉義縣阿里山鄉達邦段361號", "座標X(1)": 223491.0, "座標Y(1)": 2593451.0, "座標X(2)": null, "座標Y(2)": null, "有無貼牌": "--", "有無QRCode": "無", "說明": "C工區", "保管人": "吳宗翰" }, "geometry": { "type": "Point", "coordinates": [ 120.740551271013473, 23.443794012237213 ] } },
{ "type": "Feature", "properties": { "工程（財產）名稱": "擋土牆", "工程（財產）別名": "擋土牆/108曾文水庫週邊零星(續辦)工程", "財產編號": "1110102-0004 00-0000565", "保管單位": "養護科", "入帳日期(購置日期)": "2020-02-12", "清查日期": "--", "地籍": "嘉義縣大埔段801-37、801-8地號", "座標X(1)": 211205.0, "座標Y(1)": 2577900.0, "座標X(2)": null, "座標Y(2)": null, "有無貼牌": "--", "有無QRCode": "無", "說明": "擋土牆18公尺", "保管人": "吳宗翰" }, "geometry": { "type": "Point", "coordinates": [ 120.620707241970919, 23.303120587635398 ] } },
{ "type": "Feature", "properties": { "工程（財產）名稱": "擋土牆", "工程（財產）別名": "101年曾文水庫集水區主流新美段河道護岸及", "財產編號": "1110102-0004 00-0000348", "保管單位": "曾管中心", "入帳日期(購置日期)": "2013-05-02", "清查日期": "2022/12/27", "地籍": "嘉義縣阿里山鄉杜突蘇段14及22號", "座標X(1)": 216784.0, "座標Y(1)": 2582282.0, "座標X(2)": "216834", "座標Y(2)": "2582282", "有無貼牌": "是", "有無QRCode": "無", "說明": "1.上面座標值,X1Y1代表起點;X2Y2代表迄點 擋土牆增加429公尺，總長916公尺，加高一層砌塊石護岸439公尺，合計1355公尺2.111/12/28補充說明:所提供貼牌位子,須再往河谷前進1公里方能見到擋土牆,因無路可往前走,只能貼在可到達處,貼牌座標X216508 Y2581826", "保管人": "許玿瑛" }, "geometry": { "type": "Point", "coordinates": [ 120.675155366051342, 23.342813465753519 ] } },
{ "type": "Feature", "properties": { "工程（財產）名稱": "擋土牆", "工程（財產）別名": "新興七星工程-161M2", "財產編號": "1110102-0004 00-0000191", "保管單位": "阿管中心", "入帳日期(購置日期)": "2008-12-31", "清查日期": "2014/09/18", "地籍": "高雄市田寮區牛稠埔段700-108號", "座標X(1)": 183981.22, "座標Y(1)": 2525806.27, "座標X(2)": null, "座標Y(2)": null, "有無貼牌": "--", "有無QRCode": "無", "說明": null, "保管人": "林堉介" }, "geometry": { "type": "Point", "coordinates": [ 120.356795035802705, 22.831840042281318 ] } },
{ "type": "Feature", "properties": { "工程（財產）名稱": "擋土牆", "工程（財產）別名": "擋土牆/106田寮區阿公店水庫邊緣零星工程", "財產編號": "1110102-0004 00-0000551", "保管單位": "阿管中心", "入帳日期(購置日期)": "2018-03-01", "清查日期": "--", "地籍": "南安老段688-1", "座標X(1)": 185859.0, "座標Y(1)": 2529950.0, "座標X(2)": null, "座標Y(2)": null, "有無貼牌": "--", "有無QRCode": "無", "說明": null, "保管人": "陳煌祥" }, "geometry": { "type": "Point", "coordinates": [ 120.374917904824983, 22.869332262099523 ] } },
{ "type": "Feature", "properties": { "工程（財產）名稱": "擋土牆", "工程（財產）別名": "102高屏溪攔河堰上游週邊環境委辦工程-中區", "財產編號": "1110102-0004 00-0000376", "保管單位": "高屏溪攔河堰", "入帳日期(購置日期)": "2014-03-17", "清查日期": "2022/10/06", "地籍": "高雄市大樹區小坪段172號~173號,小坪段172-3號", "座標X(1)": 187897.0, "座標Y(1)": 2510410.0, "座標X(2)": "187839.8827", "座標Y(2)": "2510415.3838", "有無貼牌": "是", "有無QRCode": "無", "說明": "X:187881.61;Y2510416.99", "保管人": "沈文忠" }, "geometry": { "type": "Point", "coordinates": [ 120.395556108412791, 22.692953482449983 ] } },
{ "type": "Feature", "properties": { "工程（財產）名稱": "擋土牆", "工程（財產）別名": "擋土牆-大埔村-67.5M2", "財產編號": "1110102-0004 00-0000272", "保管單位": "養護科", "入帳日期(購置日期)": "2010-09-09", "清查日期": "2019/10/01", "地籍": "嘉義縣大埔鄉豬綢湖段26號", "座標X(1)": 211107.0, "座標Y(1)": 2569225.0, "座標X(2)": null, "座標Y(2)": null, "有無貼牌": "--", "有無QRCode": "無", "說明": null, "保管人": "吳宗翰" }, "geometry": { "type": "Point", "coordinates": [ 120.619971316277557, 23.224780978155671 ] } },
{ "type": "Feature", "properties": { "工程（財產）名稱": "擋土牆", "工程（財產）別名": "山美村第2鄰社區茶山村青峰農路排水改善", "財產編號": "1110102-0004 00-0000314", "保管單位": "養護科", "入帳日期(購置日期)": "2012-02-03", "清查日期": "2012/12/13", "地籍": "嘉義縣阿里山鄉茶山村茶山段29-2地號", "座標X(1)": 219106.0, "座標Y(1)": 2576447.0, "座標X(2)": null, "座標Y(2)": null, "有無貼牌": "--", "有無QRCode": "無", "說明": null, "保管人": "吳宗翰" }, "geometry": { "type": "Point", "coordinates": [ 120.697982783596416, 23.290167426293475 ] } },
{ "type": "Feature", "properties": { "工程（財產）名稱": "擋土牆", "工程（財產）別名": "阿公店右副壩下游側填方等保護工程-196m2", "財產編號": "1110102-0004 00-0000299", "保管單位": "阿管中心", "入帳日期(購置日期)": "2011-12-15", "清查日期": "--", "地籍": "岡山區 子段55-33地號", "座標X(1)": 182638.937, "座標Y(1)": 2523465.639, "座標X(2)": null, "座標Y(2)": null, "有無貼牌": "--", "有無QRCode": "無", "說明": null, "保管人": "林堉介" }, "geometry": { "type": "Point", "coordinates": [ 120.343819446346103, 22.810649997730113 ] } },
{ "type": "Feature", "properties": { "工程（財產）名稱": "擋土牆", "工程（財產）別名": "102年度曾文水庫公共設施整建工程", "財產編號": "1110102-0004 00-0000378", "保管單位": "曾管中心", "入帳日期(購置日期)": "2014-06-24", "清查日期": "--", "地籍": "嘉義縣大埔鄉草嶺段25號", "座標X(1)": 206147.0, "座標Y(1)": 2569471.0, "座標X(2)": null, "座標Y(2)": null, "有無貼牌": "--", "有無QRCode": "無", "說明": null, "保管人": "陳乙震" }, "geometry": { "type": "Point", "coordinates": [ 120.571500395545186, 23.226877790869338 ] } },
{ "type": "Feature", "properties": { "工程（財產）名稱": "擋土牆", "工程（財產）別名": "102年阿公店水庫集水區水土保持零星工程-", "財產編號": "1110102-0004 00-0000370", "保管單位": "阿管中心", "入帳日期(購置日期)": "2014-01-09", "清查日期": "2019/06/21", "地籍": "高雄市燕巢區尖山段602-22號", "座標X(1)": 186776.59, "座標Y(1)": 2523062.27, "座標X(2)": null, "座標Y(2)": null, "有無貼牌": "--", "有無QRCode": "無", "說明": null, "保管人": "陳煌祥" }, "geometry": { "type": "Point", "coordinates": [ 120.384139855017267, 22.807168213223715 ] } },
{ "type": "Feature", "properties": { "工程（財產）名稱": "擋土牆", "工程（財產）別名": "95-和平水保-122.9M2", "財產編號": "1110102-0004 95-0000148", "保管單位": "養護科", "入帳日期(購置日期)": "2006-12-25", "清查日期": "2014/05/08", "地籍": "嘉義縣大埔鄉大埔段1318-5號", "座標X(1)": 207727.53, "座標Y(1)": 2575038.96, "座標X(2)": null, "座標Y(2)": null, "有無貼牌": "--", "有無QRCode": "無", "說明": null, "保管人": "吳宗翰" }, "geometry": { "type": "Point", "coordinates": [ 120.586788969737185, 23.277198990910385 ] } },
{ "type": "Feature", "properties": { "工程（財產）名稱": "擋土牆", "工程（財產）別名": "100年度曾文水庫公共設施整建工程(第二期)", "財產編號": "1110102-0004 00-0000319", "保管單位": "曾管中心", "入帳日期(購置日期)": "2012-08-08", "清查日期": "2022/12/13", "地籍": "台南市東山區下南勢段1190號", "座標X(1)": 200659.0, "座標Y(1)": 2571837.0, "座標X(2)": "200726", "座標Y(2)": "2571456", "有無貼牌": "是", "有無QRCode": "無", "說明": null, "保管人": "許玿瑛" }, "geometry": { "type": "Point", "coordinates": [ 120.517800275519178, 23.248087797030497 ] } },
{ "type": "Feature", "properties": { "工程（財產）名稱": "擋土牆", "工程（財產）別名": "曾文水庫公共設施整建", "財產編號": "1110102-0004 93-0000082", "保管單位": "曾管中心", "入帳日期(購置日期)": "2004-07-25", "清查日期": "2015/01/28", "地籍": "台南市東山區加令九湖56號", "座標X(1)": 198803.5, "座標Y(1)": 2569739.12, "座標X(2)": null, "座標Y(2)": null, "有無貼牌": "--", "有無QRCode": "無", "說明": "東口露營區", "保管人": "陳乙震" }, "geometry": { "type": "Point", "coordinates": [ 120.49973799985834, 23.229086985511607 ] } },
{ "type": "Feature", "properties": { "工程（財產）名稱": "擋土牆", "工程（財產）別名": "平實三號橋工程-5M2", "財產編號": "1110102-0004 00-0000258", "保管單位": "牡管中心", "入帳日期(購置日期)": "2010-04-27", "清查日期": "2019/10/21", "地籍": "屏東縣牡丹鄉牡丹段9500-1605號(暫編地號)", "座標X(1)": 231628.0, "座標Y(1)": 2449709.0, "座標X(2)": null, "座標Y(2)": null, "有無貼牌": "--", "有無QRCode": "無", "說明": "為111010203E010石籠護坡基座的兩側(被埋在地底下),材質為混凝土,使用年限不同,故另成立一財產,面積5平方公尺", "保管人": "周百欽" }, "geometry": { "type": "Point", "coordinates": [ 120.821883678494757, 22.145783150878522 ] } },
{ "type": "Feature", "properties": { "工程（財產）名稱": "擋土牆", "工程（財產）別名": "加卡里斯擋土牆-200m2", "財產編號": "1110102-0004 00-0000259", "保管單位": "牡管中心", "入帳日期(購置日期)": "2010-04-27", "清查日期": "2019/10/07", "地籍": "屏東縣牡丹鄉牡丹段9500-803號", "座標X(1)": 232204.0, "座標Y(1)": 2451515.0, "座標X(2)": null, "座標Y(2)": null, "有無貼牌": "--", "有無QRCode": "無", "說明": null, "保管人": "周百欽" }, "geometry": { "type": "Point", "coordinates": [ 120.827448087479354, 22.162100304571155 ] } },
{ "type": "Feature", "properties": { "工程（財產）名稱": "擋土牆", "工程（財產）別名": "達邦擋土牆-53.5M2", "財產編號": "1110102-0004 00-0000233", "保管單位": "養護科", "入帳日期(購置日期)": "2009-12-18", "清查日期": "2019/10/01", "地籍": "嘉義縣阿里山鄉達邦段463號", "座標X(1)": 222797.0, "座標Y(1)": 2591611.0, "座標X(2)": null, "座標Y(2)": null, "有無貼牌": "--", "有無QRCode": "無", "說明": "D工區", "保管人": "吳宗翰" }, "geometry": { "type": "Point", "coordinates": [ 120.733792291611294, 23.427167118346315 ] } },
{ "type": "Feature", "properties": { "工程（財產）名稱": "擋土牆", "工程（財產）別名": "103曾文水庫週邊零星工程(永樂)", "財產編號": "1110102-0004 00-0000412", "保管單位": "養護科", "入帳日期(購置日期)": "2015-01-16", "清查日期": "--", "地籍": "嘉義縣大埔鄉南寮段2", "座標X(1)": 207049.0, "座標Y(1)": 2581008.0, "座標X(2)": null, "座標Y(2)": null, "有無貼牌": "--", "有無QRCode": "無", "說明": null, "保管人": "吳宗翰" }, "geometry": { "type": "Point", "coordinates": [ 120.57998730350721, 23.331082683490383 ] } },
{ "type": "Feature", "properties": { "工程（財產）名稱": "排水開渠", "工程（財產）別名": "東口導水堰", "財產編號": "2020405-001A 91-0000001", "保管單位": "曾管中心", "入帳日期(購置日期)": "1974-01-01", "清查日期": "2022/08/12", "地籍": "台南市楠西區汪萊宅段50-6號", "座標X(1)": 198027.34, "座標Y(1)": 2568655.78, "座標X(2)": "198019", "座標Y(2)": "2568667", "有無貼牌": "是", "有無QRCode": "無", "說明": "位於水利會東口工作站", "保管人": "王昭文" }, "geometry": { "type": "Point", "coordinates": [ 120.492191047107553, 23.219279971297151 ] } },
{ "type": "Feature", "properties": { "工程（財產）名稱": "擋土牆", "工程（財產）別名": "西興村暨和平村水土保", "財產編號": "1110102-0004 92-0000063", "保管單位": "養護科", "入帳日期(購置日期)": "2003-12-12", "清查日期": "2014/05/08", "地籍": "嘉義縣大埔鄉大埔段1424號", "座標X(1)": 206841.58, "座標Y(1)": 2572329.5, "座標X(2)": null, "座標Y(2)": null, "有無貼牌": "--", "有無QRCode": "無", "說明": null, "保管人": "吳宗翰" }, "geometry": { "type": "Point", "coordinates": [ 120.578206048779336, 23.252709018435556 ] } },
{ "type": "Feature", "properties": { "工程（財產）名稱": "擋土牆", "工程（財產）別名": "中興路擋土牆-95.5m2", "財產編號": "1110102-0004 00-0000204", "保管單位": "甲仙(堰區)", "入帳日期(購置日期)": "2009-02-20", "清查日期": "2021/11/05", "地籍": "甲仙區東阿里閞段1347地號", "座標X(1)": 209753.0, "座標Y(1)": 2556628.412, "座標X(2)": "209750", "座標Y(2)": "2556634", "有無貼牌": "是", "有無QRCode": "無", "說明": null, "保管人": "洪瑞隆" }, "geometry": { "type": "Point", "coordinates": [ 120.607073523551747, 23.110997075580578 ] } },
{ "type": "Feature", "properties": { "工程（財產）名稱": "擋土牆", "工程（財產）別名": "103年曾文水庫集水區主流茶山大橋上游河道", "財產編號": "1110102-0004 00-0000439", "保管單位": "曾管中心", "入帳日期(購置日期)": "2015-09-11", "清查日期": "2019/04/08", "地籍": null, "座標X(1)": 215407.0, "座標Y(1)": 2577599.0, "座標X(2)": null, "座標Y(2)": null, "有無貼牌": "--", "有無QRCode": "無", "說明": "懸臂式擋土牆護岸", "保管人": "廖元賢" }, "geometry": { "type": "Point", "coordinates": [ 120.661795834464982, 23.300496477886664 ] } },
{ "type": "Feature", "properties": { "工程（財產）名稱": "擋土牆", "工程（財產）別名": "95-西興水保工程-29m2", "財產編號": "1110102-0004 95-0000149", "保管單位": "養護科", "入帳日期(購置日期)": "2006-12-25", "清查日期": "2014/08/21", "地籍": "嘉義縣大埔鄉大埔段1308號", "座標X(1)": 208570.0, "座標Y(1)": 2573848.0, "座標X(2)": null, "座標Y(2)": null, "有無貼牌": "--", "有無QRCode": "無", "說明": null, "保管人": "吳宗翰" }, "geometry": { "type": "Point", "coordinates": [ 120.595056413499407, 23.266465851191768 ] } },
{ "type": "Feature", "properties": { "工程（財產）名稱": "擋土牆", "工程（財產）別名": "佳佳南-擋土牆100M2", "財產編號": "1110102-0004 00-0000256", "保管單位": "牡管中心", "入帳日期(購置日期)": "2010-04-27", "清查日期": "2024/05/13", "地籍": "屏東縣牡丹鄉牡丹段935號", "座標X(1)": 229590.0, "座標Y(1)": 2448669.0, "座標X(2)": "229634", "座標Y(2)": "2448664", "有無貼牌": "是", "有無QRCode": "無", "說明": null, "保管人": "周百欽" }, "geometry": { "type": "Point", "coordinates": [ 120.802138501287658, 22.136367471015021 ] } },
{ "type": "Feature", "properties": { "工程（財產）名稱": "擋土牆", "工程（財產）別名": "大埔至大茅埔水土保持", "財產編號": "1110102-0004 91-0000041", "保管單位": "養護科", "入帳日期(購置日期)": "2002-12-31", "清查日期": "2014/07/10", "地籍": "嘉義縣大埔鄉大埔段309-29號", "座標X(1)": 208726.27, "座標Y(1)": 2576817.84, "座標X(2)": null, "座標Y(2)": null, "有無貼牌": "--", "有無QRCode": "無", "說明": null, "保管人": "吳宗翰" }, "geometry": { "type": "Point", "coordinates": [ 120.596503000073497, 23.293288007284762 ] } },
{ "type": "Feature", "properties": { "工程（財產）名稱": "擋土牆", "工程（財產）別名": "曾文環湖道路(風吹嶺段)邊坡整治工程-136M", "財產編號": "1110102-0004 00-0000298", "保管單位": "曾管中心", "入帳日期(購置日期)": "2011-10-26", "清查日期": "2012/11/13", "地籍": "嘉義縣大埔鄉大埔段1484-2號", "座標X(1)": 202984.88, "座標Y(1)": 2569802.5, "座標X(2)": null, "座標Y(2)": null, "有無貼牌": "--", "有無QRCode": "無", "說明": "環湖道路後門至風吹嶺中間", "保管人": "陳乙震" }, "geometry": { "type": "Point", "coordinates": [ 120.540592959113823, 23.229784039761988 ] } },
{ "type": "Feature", "properties": { "工程（財產）名稱": "擋土牆", "工程（財產）別名": "永樂區處理工程", "財產編號": "1110102-0004 92-0000071", "保管單位": "曾管中心", "入帳日期(購置日期)": "2003-12-30", "清查日期": "2014/05/28", "地籍": "保安林", "座標X(1)": 203988.68, "座標Y(1)": 2580564.31, "座標X(2)": null, "座標Y(2)": null, "有無貼牌": "--", "有無QRCode": "無", "說明": "位於南寮產業道路南寮國小分校約800公尺民宅前", "保管人": "陳乙震" }, "geometry": { "type": "Point", "coordinates": [ 120.550074983217385, 23.326993036557628 ] } },
{ "type": "Feature", "properties": { "工程（財產）名稱": "擋土牆", "工程（財產）別名": "尖山村中坑道路邊坡擋", "財產編號": "1110102-0004 00-0000179", "保管單位": "阿管中心", "入帳日期(購置日期)": "2001-12-11", "清查日期": "2014/08/27", "地籍": "高雄市燕巢區", "座標X(1)": 186060.77, "座標Y(1)": 2522633.37, "座標X(2)": null, "座標Y(2)": null, "有無貼牌": "--", "有無QRCode": "無", "說明": "保安林地無地籍資料", "保管人": "李冠緯" }, "geometry": { "type": "Point", "coordinates": [ 120.377184960208183, 22.803267978376194 ] } },
{ "type": "Feature", "properties": { "工程（財產）名稱": "擋土牆", "工程（財產）別名": "上牡丹擋土牆-50M2", "財產編號": "1110102-0004 00-0000261", "保管單位": "牡管中心", "入帳日期(購置日期)": "2010-04-27", "清查日期": "2024/05/06", "地籍": "屏東縣牡丹鄉東源段9500-1401號(暫編地號)未登陸地(國有地)", "座標X(1)": 233998.0, "座標Y(1)": 2450125.0, "座標X(2)": "234001", "座標Y(2)": "2453658", "有無貼牌": "是", "有無QRCode": "無", "說明": "1.底座擋土牆,面積共50平方公尺2.113年5月6日盤點時,現地已長滿雜草!3.位於路口二號橋墩附近!座標2係現地測量座標,位牡丹鄉東源段1705號地上", "保管人": "周百欽" }, "geometry": { "type": "Point", "coordinates": [ 120.84485661406822, 22.149563788008653 ] } },
{ "type": "Feature", "properties": { "工程（財產）名稱": "擋土牆", "工程（財產）別名": "F1工區-45M", "財產編號": "1110102-0004 00-0000223", "保管單位": "養護科", "入帳日期(購置日期)": "2009-05-26", "清查日期": "2019/10/01", "地籍": "嘉義縣大埔鄉豬稠湖段13號", "座標X(1)": 211205.0, "座標Y(1)": 2570585.64, "座標X(2)": "211194.85", "座標Y(2)": "2570585.64", "有無貼牌": "--", "有無QRCode": "無", "說明": null, "保管人": "吳宗翰" }, "geometry": { "type": "Point", "coordinates": [ 120.620894173150162, 23.237070242106196 ] } },
{ "type": "Feature", "properties": { "工程（財產）名稱": "擋土牆", "工程（財產）別名": "曾文崩坍地(大埔和平)", "財產編號": "1110102-0004 93-0000098", "保管單位": "曾管中心", "入帳日期(購置日期)": "2004-12-31", "清查日期": "2014/03/05", "地籍": "嘉義縣大埔鄉大埔段1229-5號", "座標X(1)": 208519.53, "座標Y(1)": 2574180.71, "座標X(2)": null, "座標Y(2)": null, "有無貼牌": "--", "有無QRCode": "無", "說明": "位於台3線轉入坪林入口1公里處", "保管人": "陳乙震" }, "geometry": { "type": "Point", "coordinates": [ 120.594554030545638, 23.269469016867237 ] } },
{ "type": "Feature", "properties": { "工程（財產）名稱": "擋土牆", "工程（財產）別名": "曾文3號橋左岸災害復建工程-4428M2", "財產編號": "1110102-0004 00-0000278", "保管單位": "曾管中心", "入帳日期(購置日期)": "2010-11-19", "清查日期": "2022/12/05", "地籍": null, "座標X(1)": 199092.56, "座標Y(1)": 2569662.05, "座標X(2)": "199090", "座標Y(2)": "2569853", "有無貼牌": "是", "有無QRCode": "無", "說明": "位於三號橋下方曾文溪左岸", "保管人": "周駿宏" }, "geometry": { "type": "Point", "coordinates": [ 120.50256501976277, 23.228399996829037 ] } },
{ "type": "Feature", "properties": { "工程（財產）名稱": "擋土牆", "工程（財產）別名": "103曾文水庫週邊零星工程(大埔茄苳西興)", "財產編號": "1110102-0004 00-0000402", "保管單位": "養護科", "入帳日期(購置日期)": "2015-01-06", "清查日期": "--", "地籍": "嘉義縣大埔鄉大埔段1244-2", "座標X(1)": 208344.0, "座標Y(1)": 2575417.0, "座標X(2)": null, "座標Y(2)": null, "有無貼牌": "--", "有無QRCode": "無", "說明": null, "保管人": "吳宗翰" }, "geometry": { "type": "Point", "coordinates": [ 120.592804431832946, 23.280628513396472 ] } },
{ "type": "Feature", "properties": { "工程（財產）名稱": "擋土牆", "工程（財產）別名": "和平永樂水保-49.5", "財產編號": "1110102-0004 00-0000166", "保管單位": "養護科", "入帳日期(購置日期)": "2007-12-20", "清查日期": "2019/10/01", "地籍": "嘉義縣阿里山鄉南寮段42號", "座標X(1)": 204222.35, "座標Y(1)": 2582114.62, "座標X(2)": null, "座標Y(2)": null, "有無貼牌": "--", "有無QRCode": "無", "說明": null, "保管人": "吳宗翰" }, "geometry": { "type": "Point", "coordinates": [ 120.552312970107252, 23.340999000180616 ] } },
{ "type": "Feature", "properties": { "工程（財產）名稱": "擋土牆", "工程（財產）別名": "105年度曾文水庫周邊零星工程(樂野村)", "財產編號": "1110102-0004 00-0000483", "保管單位": "養護科", "入帳日期(購置日期)": "2017-06-05", "清查日期": "--", "地籍": "阿里山鄉樂野段467號-樂野村", "座標X(1)": 219864.0, "座標Y(1)": 2594427.0, "座標X(2)": null, "座標Y(2)": null, "有無貼牌": "--", "有無QRCode": "無", "說明": "C工區", "保管人": "吳宗翰" }, "geometry": { "type": "Point", "coordinates": [ 120.705033892478227, 23.452544349978783 ] } },
{ "type": "Feature", "properties": { "工程（財產）名稱": "擋土牆", "工程（財產）別名": "南寮-擋土牆-120M2", "財產編號": "1110102-0004 00-0000247", "保管單位": "曾管中心", "入帳日期(購置日期)": "2009-12-31", "清查日期": "2015/03/09", "地籍": "嘉義縣大埔鄉南寮段31號", "座標X(1)": 205444.0, "座標Y(1)": 2583470.0, "座標X(2)": null, "座標Y(2)": null, "有無貼牌": "--", "有無QRCode": "無", "說明": "南寮產業道路", "保管人": "陳乙震" }, "geometry": { "type": "Point", "coordinates": [ 120.564219991989859, 23.353271881665343 ] } },
{ "type": "Feature", "properties": { "工程（財產）名稱": "擋土牆", "工程（財產）別名": "番路大埔區處理工-414", "財產編號": "1110102-0004 00-0000194", "保管單位": "曾管中心", "入帳日期(購置日期)": "2008-12-31", "清查日期": "2014/06/19", "地籍": "嘉義縣大埔鄉大埔段1237-1號", "座標X(1)": 208565.85, "座標Y(1)": 2573697.2, "座標X(2)": null, "座標Y(2)": null, "有無貼牌": "--", "有無QRCode": "無", "說明": "長枝坑產業道路上", "保管人": "陳乙震" }, "geometry": { "type": "Point", "coordinates": [ 120.595019966645708, 23.265103991499977 ] } },
{ "type": "Feature", "properties": { "工程（財產）名稱": "擋土牆", "工程（財產）別名": "高屏溪攔河堰上游週邊環境委辦零工程-北區", "財產編號": "1110102-0004 00-0000374", "保管單位": "高屏溪攔河堰", "入帳日期(購置日期)": "2014-03-17", "清查日期": "2024/05/16", "地籍": "高雄市大樹區田寮段1165及1159號", "座標X(1)": 192242.0, "座標Y(1)": 2514499.0, "座標X(2)": "192237", "座標Y(2)": "2514499", "有無貼牌": "是", "有無QRCode": "無", "說明": "X:192216.56;Y:2514488.82113/05/16盤點定位座標值X192236 Y2514490", "保管人": "沈文忠" }, "geometry": { "type": "Point", "coordinates": [ 120.43769324645254, 22.730033832353435 ] } },
{ "type": "Feature", "properties": { "工程（財產）名稱": "擋土牆", "工程（財產）別名": "大埔鄉轄區內集水區水保零星工程-75m2", "財產編號": "1110102-0004 00-0000301", "保管單位": "養護科", "入帳日期(購置日期)": "2011-12-23", "清查日期": "2012/11/13", "地籍": "嘉義縣大埔鄉大埔段1244-23號", "座標X(1)": 208142.298, "座標Y(1)": 2575409.427, "座標X(2)": null, "座標Y(2)": null, "有無貼牌": "--", "有無QRCode": "無", "說明": "(4工區)", "保管人": "吳宗翰" }, "geometry": { "type": "Point", "coordinates": [ 120.59083300299389, 23.280554999195054 ] } },
{ "type": "Feature", "properties": { "工程（財產）名稱": "擋土牆", "工程（財產）別名": "甲仙堰上游道路-45.5M", "財產編號": "1110102-0004 95-0000138", "保管單位": "甲仙(堰區)", "入帳日期(購置日期)": "2006-07-10", "清查日期": "2021/11/05", "地籍": "甲仙區東大坵園段1553號", "座標X(1)": 206454.0, "座標Y(1)": 2553007.0, "座標X(2)": "206463", "座標Y(2)": "2553016", "有無貼牌": "是", "有無QRCode": "無", "說明": null, "保管人": "洪瑞隆" }, "geometry": { "type": "Point", "coordinates": [ 120.574969330225557, 23.078210871880152 ] } },
{ "type": "Feature", "properties": { "工程（財產）名稱": "擋土牆", "工程（財產）別名": "103曾文水庫週邊零星工程(永樂)", "財產編號": "1110102-0004 00-0000414", "保管單位": "養護科", "入帳日期(購置日期)": "2015-01-16", "清查日期": "--", "地籍": "嘉義縣大埔鄉大埔段593", "座標X(1)": 206561.0, "座標Y(1)": 2580636.0, "座標X(2)": null, "座標Y(2)": null, "有無貼牌": "--", "有無QRCode": "無", "說明": null, "保管人": "吳宗翰" }, "geometry": { "type": "Point", "coordinates": [ 120.575225991020204, 23.327710615941484 ] } },
{ "type": "Feature", "properties": { "工程（財產）名稱": "擋土牆", "工程（財產）別名": "新興下店頭條崙-擋土牆-32M2", "財產編號": "1110102-0004 00-0000281", "保管單位": "阿管中心", "入帳日期(購置日期)": "2010-12-21", "清查日期": "2014/09/18", "地籍": "高雄市田寮區牛稠埔段240-1號", "座標X(1)": 185075.33, "座標Y(1)": 2525601.901, "座標X(2)": null, "座標Y(2)": null, "有無貼牌": "--", "有無QRCode": "無", "說明": null, "保管人": "林堉介" }, "geometry": { "type": "Point", "coordinates": [ 120.367462708754459, 22.830037196964778 ] } },
{ "type": "Feature", "properties": { "工程（財產）名稱": "擋土牆", "工程（財產）別名": "94曾文公共設施整建", "財產編號": "1110102-0004 95-0000136", "保管單位": "曾管中心", "入帳日期(購置日期)": "2006-04-28", "清查日期": "2012/11/23", "地籍": "台南市東山區下南勢段1138號", "座標X(1)": 198371.53, "座標Y(1)": 2569272.52, "座標X(2)": null, "座標Y(2)": null, "有無貼牌": "--", "有無QRCode": "無", "說明": "東口露營區", "保管人": "陳乙震" }, "geometry": { "type": "Point", "coordinates": [ 120.495533001246969, 23.224860039059681 ] } },
{ "type": "Feature", "properties": { "工程（財產）名稱": "擋土牆", "工程（財產）別名": "102年阿公店集水區水土保持零星工程岡山區", "財產編號": "1110102-0004 00-0000372", "保管單位": "阿管中心", "入帳日期(購置日期)": "2014-02-12", "清查日期": "2019/06/21", "地籍": "高雄市岡山區陀子段2701號", "座標X(1)": 182225.75, "座標Y(1)": 2524401.66, "座標X(2)": null, "座標Y(2)": null, "有無貼牌": "--", "有無QRCode": "無", "說明": "道路之左側", "保管人": "陳煌祥" }, "geometry": { "type": "Point", "coordinates": [ 120.339753954560038, 22.819085971928978 ] } },
{ "type": "Feature", "properties": { "工程（財產）名稱": "擋土牆", "工程（財產）別名": "壩區崩坍地水保-1200M", "財產編號": "1110102-0004 00-0000197", "保管單位": "曾管中心", "入帳日期(購置日期)": "2008-12-31", "清查日期": "2015/07/02", "地籍": "無", "座標X(1)": 198562.9, "座標Y(1)": 2567670.44, "座標X(2)": null, "座標Y(2)": null, "有無貼牌": "--", "有無QRCode": "無", "說明": "二號橋下右岸", "保管人": "周駿宏" }, "geometry": { "type": "Point", "coordinates": [ 120.49745696893892, 23.210399023136429 ] } },
{ "type": "Feature", "properties": { "工程（財產）名稱": "擋土牆", "工程（財產）別名": "102曾文水庫集水區主流茶山大橋上游河工程", "財產編號": "1110102-0004 00-0000377", "保管單位": "曾管中心", "入帳日期(購置日期)": "2014-03-17", "清查日期": "2014/08/04", "地籍": "嘉義縣阿里山鄉茶山段233-1號", "座標X(1)": 215457.39, "座標Y(1)": 2577709.35, "座標X(2)": null, "座標Y(2)": null, "有無貼牌": "--", "有無QRCode": "無", "說明": "嘉義縣阿里山鄉茶山部落下方曾文溪左岸", "保管人": "周駿宏" }, "geometry": { "type": "Point", "coordinates": [ 120.662285958599213, 23.301494025946273 ] } },
{ "type": "Feature", "properties": { "工程（財產）名稱": "擋土牆", "工程（財產）別名": "102年度曾文水庫週邊零星工程", "財產編號": "1110102-0004 00-0000365", "保管單位": "養護科", "入帳日期(購置日期)": "2014-01-09", "清查日期": "--", "地籍": "嘉義縣大埔鄉射免潭段44", "座標X(1)": 213797.0, "座標Y(1)": 2579016.0, "座標X(2)": null, "座標Y(2)": null, "有無貼牌": "--", "有無QRCode": "無", "說明": null, "保管人": "吳宗翰" }, "geometry": { "type": "Point", "coordinates": [ 120.646021768075073, 23.313257552498698 ] } },
{ "type": "Feature", "properties": { "工程（財產）名稱": "擋土牆", "工程（財產）別名": "曾文巴沙那區處理工程", "財產編號": "1110102-0004 94-0000120", "保管單位": "曾管中心", "入帳日期(購置日期)": "2005-12-30", "清查日期": "2023/02/15", "地籍": "嘉義縣阿里山鄉特富野段150號", "座標X(1)": 225401.41, "座標Y(1)": 2596870.02, "座標X(2)": "225401", "座標Y(2)": "2596862", "有無貼牌": "是", "有無QRCode": "無", "說明": null, "保管人": "連偉成" }, "geometry": { "type": "Point", "coordinates": [ 120.759192703509669, 23.474698164565279 ] } },
{ "type": "Feature", "properties": { "工程（財產）名稱": "擋土牆", "工程（財產）別名": "103曾文水庫週邊零星工程", "財產編號": "1110102-0004 00-0000405", "保管單位": "養護科", "入帳日期(購置日期)": "2015-01-14", "清查日期": "--", "地籍": "嘉義縣大埔鄉大埔段1417", "座標X(1)": 206344.0, "座標Y(1)": 2572356.0, "座標X(2)": null, "座標Y(2)": null, "有無貼牌": "--", "有無QRCode": "無", "說明": null, "保管人": "吳宗翰" }, "geometry": { "type": "Point", "coordinates": [ 120.573342464401321, 23.252935184377272 ] } },
{ "type": "Feature", "properties": { "工程（財產）名稱": "擋土牆", "工程（財產）別名": "岡山區101年度阿公店水庫集水區水土保持零", "財產編號": "1110102-0004 00-0000324", "保管單位": "阿管中心", "入帳日期(購置日期)": "2012-11-30", "清查日期": "2022/07/27", "地籍": "高雄市岡山區 子段四小段2552號", "座標X(1)": 182373.61, "座標Y(1)": 2524756.41, "座標X(2)": "182386.97", "座標Y(2)": "2524756.41", "有無貼牌": "是", "有無QRCode": "無", "說明": null, "保管人": "陳煌祥" }, "geometry": { "type": "Point", "coordinates": [ 120.341178897609112, 22.82229544627134 ] } },
{ "type": "Feature", "properties": { "工程（財產）名稱": "擋土牆", "工程（財產）別名": "固床工(L工區)-6M", "財產編號": "1110102-0004 00-0000217", "保管單位": "養護科", "入帳日期(購置日期)": "2009-05-26", "清查日期": "2019/10/01", "地籍": "嘉義縣大埔鄉南寮段13號", "座標X(1)": 207455.35, "座標Y(1)": 2580044.3, "座標X(2)": null, "座標Y(2)": null, "有無貼牌": "--", "有無QRCode": "無", "說明": null, "保管人": "吳宗翰" }, "geometry": { "type": "Point", "coordinates": [ 120.583987964516837, 23.322390956579749 ] } },
{ "type": "Feature", "properties": { "工程（財產）名稱": "擋土牆", "工程（財產）別名": "紅山巷擋土牆-68m2", "財產編號": "1110102-0004 00-0000185", "保管單位": "阿管中心", "入帳日期(購置日期)": "2008-12-17", "清查日期": "2014/08/22", "地籍": "高雄市燕巢區尖山段707-4號", "座標X(1)": 185550.391, "座標Y(1)": 2522696.597, "座標X(2)": null, "座標Y(2)": null, "有無貼牌": "--", "有無QRCode": "無", "說明": null, "保管人": "林堉介" }, "geometry": { "type": "Point", "coordinates": [ 120.372211107571715, 22.80381944903468 ] } },
{ "type": "Feature", "properties": { "工程（財產）名稱": "擋土牆", "工程（財產）別名": "103年阿公店水庫集水區水土保持零星工程", "財產編號": "1110102-0004 00-0000427", "保管單位": "阿管中心", "入帳日期(購置日期)": "2015-06-16", "清查日期": "2019/06/21", "地籍": "牛稠埔段711-4", "座標X(1)": 183263.0, "座標Y(1)": 2525431.0, "座標X(2)": null, "座標Y(2)": null, "有無貼牌": "--", "有無QRCode": "無", "說明": null, "保管人": "陳煌祥" }, "geometry": { "type": "Point", "coordinates": [ 120.349814035625471, 22.82842281742829 ] } },
{ "type": "Feature", "properties": { "工程（財產）名稱": "擋土牆", "工程（財產）別名": "半重力式擋土牆252m2", "財產編號": "1110102-0004 00-0000234", "保管單位": "養護科", "入帳日期(購置日期)": "2009-12-18", "清查日期": "2019/10/01", "地籍": "嘉義縣阿里山鄉茶山段133-1號", "座標X(1)": 216743.0, "座標Y(1)": 2578543.0, "座標X(2)": null, "座標Y(2)": null, "有無貼牌": "--", "有無QRCode": "無", "說明": "A工區", "保管人": "吳宗翰" }, "geometry": { "type": "Point", "coordinates": [ 120.674836571012904, 23.30904865114022 ] } },
{ "type": "Feature", "properties": { "工程（財產）名稱": "擋土牆", "工程（財產）別名": "伊斯基安那崩坍一期工", "財產編號": "1110102-0004 91-0000016", "保管單位": "曾管中心", "入帳日期(購置日期)": "1996-06-01", "清查日期": "2023/01/12", "地籍": "嘉義縣阿里山鄉達邦段115-3", "座標X(1)": 224787.79, "座標Y(1)": 2594712.16, "座標X(2)": null, "座標Y(2)": null, "有無貼牌": "是", "有無QRCode": "無", "說明": "貼牌處 X:224715 Y2594842", "保管人": "連偉成" }, "geometry": { "type": "Point", "coordinates": [ 120.753221957018127, 23.455203040015586 ] } },
{ "type": "Feature", "properties": { "工程（財產）名稱": "擋土牆", "工程（財產）別名": "阿里山鄉等水土保持處", "財產編號": "1110102-0004 91-0000019", "保管單位": "曾管中心", "入帳日期(購置日期)": "1997-06-01", "清查日期": "2012/11/21", "地籍": "河川用地無籍資料", "座標X(1)": 227745.71, "座標Y(1)": 2595791.97, "座標X(2)": null, "座標Y(2)": null, "有無貼牌": "找不到", "有無QRCode": "無", "說明": "2023/01/12找不到此一版橋", "保管人": "連偉成" }, "geometry": { "type": "Point", "coordinates": [ 120.782158016225111, 23.464996984054078 ] } },
{ "type": "Feature", "properties": { "工程（財產）名稱": "擋土牆", "工程（財產）別名": "環湖道路水保-1082m2", "財產編號": "1110102-0004 00-0000181", "保管單位": "曾管中心", "入帳日期(購置日期)": "2008-11-18", "清查日期": "2022/12/02", "地籍": "台南市東山區茄苓九湖53號", "座標X(1)": 198988.74, "座標Y(1)": 2569828.63, "座標X(2)": "198867", "座標Y(2)": "256976", "有無貼牌": "是", "有無QRCode": "無", "說明": "位於東口露營區上方產業道路", "保管人": "陳乙震" }, "geometry": { "type": "Point", "coordinates": [ 120.501545001668333, 23.229901022626699 ] } },
{ "type": "Feature", "properties": { "工程（財產）名稱": "擋土牆", "工程（財產）別名": "尾水道崩坍地-17.7M", "財產編號": "1110102-0004 00-0000199", "保管單位": "曾管中心", "入帳日期(購置日期)": "2008-12-31", "清查日期": "2022/12/05", "地籍": "無", "座標X(1)": 201542.13, "座標Y(1)": 2571450.62, "座標X(2)": "201454", "座標Y(2)": "2571454", "有無貼牌": "是", "有無QRCode": "無", "說明": "1號導水隧道出口處111年12月5日僅能在對岸貼牌及拍照定日", "保管人": "周駿宏" }, "geometry": { "type": "Point", "coordinates": [ 120.52644301600337, 23.244624984555344 ] } },
{ "type": "Feature", "properties": { "工程（財產）名稱": "擋土牆", "工程（財產）別名": "岡山區101年度阿公店水庫集水區水土保持零", "財產編號": "1110102-0004 00-0000325", "保管單位": "阿管中心", "入帳日期(購置日期)": "2012-11-30", "清查日期": "2014/11/03", "地籍": "高雄市岡山區 子段2618號", "座標X(1)": 182549.0, "座標Y(1)": 2524757.0, "座標X(2)": null, "座標Y(2)": null, "有無貼牌": "--", "有無QRCode": "無", "說明": "實際盤點X:182504.25 Y:2524145.72", "保管人": "陳煌祥" }, "geometry": { "type": "Point", "coordinates": [ 120.342887447234958, 22.822307829233381 ] } },
{ "type": "Feature", "properties": { "工程（財產）名稱": "擋土牆", "工程（財產）別名": "101年度曾文水庫週邊零星工程-永樂區", "財產編號": "1110102-0004 00-0000337", "保管單位": "養護科", "入帳日期(購置日期)": "2012-11-16", "清查日期": "2014/03/05", "地籍": "嘉義縣大埔鄉石面桶段15地號", "座標X(1)": 204958.0, "座標Y(1)": 2579907.0, "座標X(2)": null, "座標Y(2)": null, "有無貼牌": "--", "有無QRCode": "無", "說明": "E工區L溝擋土牆0.8m(H)×14m(L)，4m(H)×8m(L)4m(H)×6.5m(L)，3m(H)×4m(L)", "保管人": "吳宗翰" }, "geometry": { "type": "Point", "coordinates": [ 120.559572891760538, 23.321084394522678 ] } },
{ "type": "Feature", "properties": { "工程（財產）名稱": "擋土牆", "工程（財產）別名": "K工區-20M", "財產編號": "1110102-0004 00-0000215", "保管單位": "養護科", "入帳日期(購置日期)": "2009-05-26", "清查日期": "2019/10/01", "地籍": "嘉義縣大埔鄉大埔段14-1號", "座標X(1)": 207374.0, "座標Y(1)": 2580089.84, "座標X(2)": "207370.5", "座標Y(2)": "2580089.84", "有無貼牌": "--", "有無QRCode": "無", "說明": null, "保管人": "吳宗翰" }, "geometry": { "type": "Point", "coordinates": [ 120.583191238012233, 23.322800074849756 ] } },
{ "type": "Feature", "properties": { "工程（財產）名稱": "擋土牆", "工程（財產）別名": "草山永興區處理工程", "財產編號": "1110102-0004 92-0000069", "保管單位": "曾管中心", "入帳日期(購置日期)": "2001-12-30", "清查日期": "2014/05/27", "地籍": "嘉義縣番路鄉永興段71號", "座標X(1)": 210770.784, "座標Y(1)": 2583935.438, "座標X(2)": null, "座標Y(2)": null, "有無貼牌": "--", "有無QRCode": "無", "說明": "位於台三線322k處右轉往沙力基溪半路", "保管人": "陳乙震" }, "geometry": { "type": "Point", "coordinates": [ 120.616305557272241, 23.357611201817914 ] } },
{ "type": "Feature", "properties": { "工程（財產）名稱": "擋土牆", "工程（財產）別名": "擋土牆/106田寮區阿公店水庫邊緣零星工程", "財產編號": "1110102-0004 00-0000550", "保管單位": "阿管中心", "入帳日期(購置日期)": "2018-03-01", "清查日期": "--", "地籍": "牛稠埔段544-1", "座標X(1)": 185209.0, "座標Y(1)": 2525342.0, "座標X(2)": null, "座標Y(2)": null, "有無貼牌": "--", "有無QRCode": "無", "說明": null, "保管人": "陳煌祥" }, "geometry": { "type": "Point", "coordinates": [ 120.368775768803275, 22.827695357407727 ] } },
{ "type": "Feature", "properties": { "工程（財產）名稱": "擋土牆", "工程（財產）別名": "101年度曾文水庫週邊零星工程-永樂區", "財產編號": "1110102-0004 00-0000338", "保管單位": "養護科", "入帳日期(購置日期)": "2012-11-16", "清查日期": "2014/04/18", "地籍": "嘉義縣大埔鄉南寮段2地號", "座標X(1)": 207152.0, "座標Y(1)": 2580963.0, "座標X(2)": null, "座標Y(2)": null, "有無貼牌": "--", "有無QRCode": "無", "說明": "F工區半重力式擋土牆3m(H)×5m(L)", "保管人": "吳宗翰" }, "geometry": { "type": "Point", "coordinates": [ 120.580995781804376, 23.330679025430982 ] } },
{ "type": "Feature", "properties": { "工程（財產）名稱": "擋土牆", "工程（財產）別名": "三和里集水區改善工程", "財產編號": "1110102-0004 94-0000129", "保管單位": "阿管中心", "入帳日期(購置日期)": "2005-12-20", "清查日期": "2019/07/10", "地籍": "高雄市岡山區 子段2423號(公)", "座標X(1)": 182524.0, "座標Y(1)": 2524591.0, "座標X(2)": null, "座標Y(2)": null, "有無貼牌": "--", "有無QRCode": "無", "說明": null, "保管人": "李冠緯" }, "geometry": { "type": "Point", "coordinates": [ 120.342651104033749, 22.820807787887468 ] } },
{ "type": "Feature", "properties": { "工程（財產）名稱": "擋土牆", "工程（財產）別名": "新興七星工程-45M2", "財產編號": "1110102-0004 00-0000192", "保管單位": "阿管中心", "入帳日期(購置日期)": "2008-12-31", "清查日期": "2014/09/18", "地籍": "高雄市田寮區尖山段995-7", "座標X(1)": 185117.09, "座標Y(1)": 2523886.6, "座標X(2)": null, "座標Y(2)": null, "有無貼牌": "--", "有無QRCode": "無", "說明": null, "保管人": "林堉介" }, "geometry": { "type": "Point", "coordinates": [ 120.367941047685747, 22.814548980686457 ] } },
{ "type": "Feature", "properties": { "工程（財產）名稱": "擋土牆", "工程（財產）別名": "新興七星工程-94.5M2", "財產編號": "1110102-0004 00-0000188", "保管單位": "阿管中心", "入帳日期(購置日期)": "2008-12-31", "清查日期": "2014/09/18", "地籍": "高雄市田寮區牛稠埔段500-11號", "座標X(1)": 185121.69, "座標Y(1)": 2525491.28, "座標X(2)": null, "座標Y(2)": null, "有無貼牌": "--", "有無QRCode": "無", "說明": null, "保管人": "林堉介" }, "geometry": { "type": "Point", "coordinates": [ 120.367918969079653, 22.829040040168902 ] } },
{ "type": "Feature", "properties": { "工程（財產）名稱": "擋土牆", "工程（財產）別名": "甲仙堰堤防搶修工程E段-236.8M", "財產編號": "1110102-0004 00-0000280", "保管單位": "甲仙(堰區)", "入帳日期(購置日期)": "2010-12-15", "清查日期": "2021/09/27", "地籍": "甲仙區東阿里關段一小段2996號(林務局A646826.78平方公尺)", "座標X(1)": 207252.79, "座標Y(1)": 2553860.82, "座標X(2)": "207226", "座標Y(2)": "2553820", "有無貼牌": "是", "有無QRCode": "無", "說明": "長236.8平方公尺", "保管人": "洪瑞隆" }, "geometry": { "type": "Point", "coordinates": [ 120.582741964099412, 23.085941993608607 ] } },
{ "type": "Feature", "properties": { "工程（財產）名稱": "擋土牆", "工程（財產）別名": "H工區-31.25M", "財產編號": "1110102-0004 00-0000225", "保管單位": "養護科", "入帳日期(購置日期)": "2009-05-26", "清查日期": "2019/10/01", "地籍": "嘉義縣大埔鄉大埔段1325-320號、1329-92號", "座標X(1)": 206508.0, "座標Y(1)": 2573445.4, "座標X(2)": "206482.31", "座標Y(2)": "2573445.4", "有無貼牌": "--", "有無QRCode": "無", "說明": null, "保管人": "吳宗翰" }, "geometry": { "type": "Point", "coordinates": [ 120.574914039147998, 23.262777021270487 ] } },
{ "type": "Feature", "properties": { "工程（財產）名稱": "擋土牆", "工程（財產）別名": "山美區處理工程", "財產編號": "1110102-0004 92-0000074", "保管單位": "曾管中心", "入帳日期(購置日期)": "2003-12-09", "清查日期": "2014/04/09", "地籍": "嘉義縣阿里山鄉山美段176號", "座標X(1)": 215841.61, "座標Y(1)": 2586884.23, "座標X(2)": null, "座標Y(2)": null, "有無貼牌": "--", "有無QRCode": "無", "說明": "為於山美部落下方山美溪", "保管人": "陳乙震" }, "geometry": { "type": "Point", "coordinates": [ 120.665835034831986, 23.384352976640088 ] } },
{ "type": "Feature", "properties": { "工程（財產）名稱": "擋土牆", "工程（財產）別名": "103曾文水庫週邊零星工程(永樂)", "財產編號": "1110102-0004 00-0000411", "保管單位": "養護科", "入帳日期(購置日期)": "2015-01-16", "清查日期": "--", "地籍": "嘉義縣大埔鄉南寮段2", "座標X(1)": 206960.0, "座標Y(1)": 2580997.0, "座標X(2)": null, "座標Y(2)": null, "有無貼牌": "--", "有無QRCode": "無", "說明": null, "保管人": "吳宗翰" }, "geometry": { "type": "Point", "coordinates": [ 120.579117314248549, 23.33098101651456 ] } },
{ "type": "Feature", "properties": { "工程（財產）名稱": "擋土牆", "工程（財產）別名": "擋土牆-和平村-159.25", "財產編號": "1110102-0004 00-0000268", "保管單位": "養護科", "入帳日期(購置日期)": "2010-09-09", "清查日期": "2019/10/01", "地籍": "嘉義縣大埔鄉射免潭段70號", "座標X(1)": 214193.0, "座標Y(1)": 2576960.14, "座標X(2)": "214174.46", "座標Y(2)": "2576960.14", "有無貼牌": "--", "有無QRCode": "無", "說明": "4/1清查結果:TWD97,嘉義縣大埔鄉射免潭段69號", "保管人": "吳宗翰" }, "geometry": { "type": "Point", "coordinates": [ 120.64994222468016, 23.294701381412825 ] } },
{ "type": "Feature", "properties": { "工程（財產）名稱": "擋土牆", "工程（財產）別名": "茄冬暨和平村水土保持", "財產編號": "1110102-0004 93-0000085", "保管單位": "養護科", "入帳日期(購置日期)": "2004-12-31", "清查日期": "2014/05/08", "地籍": "嘉義縣大埔鄉大埔段1259號", "座標X(1)": 208246.28, "座標Y(1)": 2574626.2, "座標X(2)": null, "座標Y(2)": null, "有無貼牌": "--", "有無QRCode": "無", "說明": null, "保管人": "吳宗翰" }, "geometry": { "type": "Point", "coordinates": [ 120.591870978378608, 23.273484957954878 ] } },
{ "type": "Feature", "properties": { "工程（財產）名稱": "擋土牆", "工程（財產）別名": "曾文集水區水保工程-西興村擋土牆-830M2", "財產編號": "1110102-0004 00-0000242", "保管單位": "曾管中心", "入帳日期(購置日期)": "2009-12-31", "清查日期": "2012/11/15", "地籍": null, "座標X(1)": 202850.26, "座標Y(1)": 2570111.66, "座標X(2)": null, "座標Y(2)": null, "有無貼牌": "--", "有無QRCode": "無", "說明": "位於環湖道路", "保管人": "周駿宏" }, "geometry": { "type": "Point", "coordinates": [ 120.539267974199987, 23.232571959834839 ] } },
{ "type": "Feature", "properties": { "工程（財產）名稱": "擋土牆", "工程（財產）別名": "曾文崩坍地(永興區)", "財產編號": "1110102-0004 93-0000097", "保管單位": "曾管中心", "入帳日期(購置日期)": "2004-12-31", "清查日期": "2014/03/11", "地籍": "嘉義縣大埔鄉永興段100號", "座標X(1)": 208294.52, "座標Y(1)": 2584843.19, "座標X(2)": null, "座標Y(2)": null, "有無貼牌": "--", "有無QRCode": "無", "說明": "永興產業道路(番阿全)", "保管人": "陳乙震" }, "geometry": { "type": "Point", "coordinates": [ 120.592061025442362, 23.365747042191728 ] } },
{ "type": "Feature", "properties": { "工程（財產）名稱": "擋土牆", "工程（財產）別名": "七星尖山村-117.5M2", "財產編號": "1110102-0004 00-0000162", "保管單位": "阿管中心", "入帳日期(購置日期)": "2007-09-29", "清查日期": "--", "地籍": "田寮區水蛙潭段381-280地號", "座標X(1)": 187900.839, "座標Y(1)": 2524779.41, "座標X(2)": null, "座標Y(2)": null, "有無貼牌": "--", "有無QRCode": "無", "說明": null, "保管人": "李冠緯" }, "geometry": { "type": "Point", "coordinates": [ 120.395022223271326, 22.822716671662441 ] } },
{ "type": "Feature", "properties": { "工程（財產）名稱": "擋土牆", "工程（財產）別名": "番路楠西區處理-78M2", "財產編號": "1110102-0004 95-0000152", "保管單位": "曾管中心", "入帳日期(購置日期)": "2006-12-29", "清查日期": "2014/04/11", "地籍": "嘉義縣番路鄉永興段號", "座標X(1)": 208644.57, "座標Y(1)": 2584988.82, "座標X(2)": null, "座標Y(2)": null, "有無貼牌": "--", "有無QRCode": "無", "說明": "位於永興產業道路(番阿全工寮上方)", "保管人": "陳乙震" }, "geometry": { "type": "Point", "coordinates": [ 120.595480957748919, 23.367070982769167 ] } },
{ "type": "Feature", "properties": { "工程（財產）名稱": "擋土牆", "工程（財產）別名": "阿公店新興村-133M2", "財產編號": "1110102-0004 96-0000161", "保管單位": "阿管中心", "入帳日期(購置日期)": "2007-02-09", "清查日期": "2012/05/22", "地籍": "高雄市田寮區牛稠埔段253-82號", "座標X(1)": 183442.0, "座標Y(1)": 2526206.0, "座標X(2)": null, "座標Y(2)": null, "有無貼牌": "--", "有無QRCode": "無", "說明": null, "保管人": "李冠緯" }, "geometry": { "type": "Point", "coordinates": [ 120.351524699675579, 22.835428443519291 ] } },
{ "type": "Feature", "properties": { "工程（財產）名稱": "擋土牆", "工程（財產）別名": "D工區-6M", "財產編號": "1110102-0004 00-0000212", "保管單位": "養護科", "入帳日期(購置日期)": "2009-05-26", "清查日期": "2019/10/01", "地籍": "嘉義縣大埔鄉埔東段9號", "座標X(1)": 211978.0, "座標Y(1)": 2577104.535, "座標X(2)": "212127.599", "座標Y(2)": "2577104.535", "有無貼牌": "--", "有無QRCode": "無", "說明": null, "保管人": "吳宗翰" }, "geometry": { "type": "Point", "coordinates": [ 120.628284576892227, 23.295955475640707 ] } },
{ "type": "Feature", "properties": { "工程（財產）名稱": "擋土牆", "工程（財產）別名": "阿公店引水渠左岸上游護岸工程-143.8m2", "財產編號": "1110102-0004 00-0000276", "保管單位": "阿管中心", "入帳日期(購置日期)": "2010-11-19", "清查日期": "--", "地籍": "田寮區牛稠埔段253-53地號", "座標X(1)": 183969.915, "座標Y(1)": 2526301.127, "座標X(2)": null, "座標Y(2)": null, "有無貼牌": "--", "有無QRCode": "無", "說明": null, "保管人": "林堉介" }, "geometry": { "type": "Point", "coordinates": [ 120.356663891629509, 22.836308331142938 ] } },
{ "type": "Feature", "properties": { "工程（財產）名稱": "擋土牆", "工程（財產）別名": "潭坪-擋土牆-50M2", "財產編號": "1110102-0004 00-0000253", "保管單位": "曾管中心", "入帳日期(購置日期)": "2009-12-31", "清查日期": "2022/10/02", "地籍": "嘉義縣大埔鄉柳籐潭段53-5號", "座標X(1)": 202477.28, "座標Y(1)": 2571307.74, "座標X(2)": "202573", "座標Y(2)": "2571294", "有無貼牌": "是", "有無QRCode": "無", "說明": "環湖道路過隧道後產業道路右轉", "保管人": "陳乙震" }, "geometry": { "type": "Point", "coordinates": [ 120.535586048616054, 23.243362035442708 ] } },
{ "type": "Feature", "properties": { "工程（財產）名稱": "擋土牆", "工程（財產）別名": "曾文湖域保護帶治理工程第四工區-846m2", "財產編號": "1110102-0004 00-0000305", "保管單位": "曾管中心", "入帳日期(購置日期)": "2011-12-31", "清查日期": "2015/05/08", "地籍": "嘉義縣大埔鄉大埔段192-31號", "座標X(1)": 208404.39, "座標Y(1)": 2577595.36, "座標X(2)": null, "座標Y(2)": null, "有無貼牌": "--", "有無QRCode": "無", "說明": "大埔市區光輝橋下游右岸", "保管人": "周駿宏" }, "geometry": { "type": "Point", "coordinates": [ 120.593334986300675, 23.300301017727477 ] } },
{ "type": "Feature", "properties": { "工程（財產）名稱": "擋土牆", "工程（財產）別名": "鞍平巷邊坡-348.5m2", "財產編號": "1110102-0004 00-0000239", "保管單位": "阿管中心", "入帳日期(購置日期)": "2009-12-30", "清查日期": "2014/08/22", "地籍": "高雄市田寮區水蛙潭段419-37號", "座標X(1)": 188083.84, "座標Y(1)": 2524074.08, "座標X(2)": null, "座標Y(2)": null, "有無貼牌": "--", "有無QRCode": "無", "說明": null, "保管人": "林堉介" }, "geometry": { "type": "Point", "coordinates": [ 120.396833019987511, 22.816353990616197 ] } },
{ "type": "Feature", "properties": { "工程（財產）名稱": "擋土牆", "工程（財產）別名": "鐵線橋-擋土牆114M2", "財產編號": "1110102-0004 00-0000255", "保管單位": "牡管中心", "入帳日期(購置日期)": "2010-04-27", "清查日期": "2019/10/07", "地籍": "屏東縣牡丹鄉牡丹段211號", "座標X(1)": 231310.0, "座標Y(1)": 2450215.0, "座標X(2)": null, "座標Y(2)": null, "有無貼牌": "--", "有無QRCode": "無", "說明": null, "保管人": "周百欽" }, "geometry": { "type": "Point", "coordinates": [ 120.818794834874083, 22.150349770115685 ] } },
{ "type": "Feature", "properties": { "工程（財產）名稱": "擋土牆", "工程（財產）別名": "曾文南寮埔頂大埔區處", "財產編號": "1110102-0004 94-0000117", "保管單位": "曾管中心", "入帳日期(購置日期)": "2005-12-30", "清查日期": "2012/11/06", "地籍": null, "座標X(1)": 204999.56, "座標Y(1)": 2583390.42, "座標X(2)": "205362.27", "座標Y(2)": "2583390.42", "有無貼牌": "--", "有無QRCode": "無", "說明": "位於環湖道路右轉", "保管人": "陳乙震" }, "geometry": { "type": "Point", "coordinates": [ 120.559875614893883, 23.352541108642686 ] } },
{ "type": "Feature", "properties": { "工程（財產）名稱": "擋土牆", "工程（財產）別名": "102年曾文水庫集水區主流達邦樂野山美段河", "財產編號": "1110102-0004 00-0000385", "保管單位": "曾管中心", "入帳日期(購置日期)": "2014-12-22", "清查日期": "2019/10/07", "地籍": "嘉義縣阿里山鄉樂野段9020-6號", "座標X(1)": 219740.0, "座標Y(1)": 2593815.0, "座標X(2)": null, "座標Y(2)": null, "有無貼牌": "--", "有無QRCode": "無", "說明": "樂野段，擋土牆增加152公尺，總長592公尺", "保管人": "許玿瑛" }, "geometry": { "type": "Point", "coordinates": [ 120.703832535679112, 23.447015630292277 ] } },
{ "type": "Feature", "properties": { "工程（財產）名稱": "擋土牆", "工程（財產）別名": "擋土牆/109高屏堰週邊委辦零星工程", "財產編號": "1110102-0004 00-0000606", "保管單位": "高屏溪攔河堰", "入帳日期(購置日期)": "2021-03-04", "清查日期": "2022/10/06", "地籍": "洲仔段1263地號及和山段308,興山段261地號等3筆土地", "座標X(1)": 190384.53, "座標Y(1)": 2511051.795, "座標X(2)": "190391.701", "座標Y(2)": "2510988.095", "有無貼牌": "是", "有無QRCode": "無", "說明": null, "保管人": "沈文忠" }, "geometry": { "type": "Point", "coordinates": [ 120.419741669814769, 22.698838885784166 ] } },
{ "type": "Feature", "properties": { "工程（財產）名稱": "擋土牆", "工程（財產）別名": "擋土牆/108曾文水庫週邊零星(續辦)工程", "財產編號": "1110102-0004 00-0000567", "保管單位": "養護科", "入帳日期(購置日期)": "2020-02-12", "清查日期": "--", "地籍": "嘉義縣南寮段44地號", "座標X(1)": 204518.0, "座標Y(1)": 2581332.0, "座標X(2)": null, "座標Y(2)": null, "有無貼牌": "--", "有無QRCode": "無", "說明": "擋土牆20公尺", "保管人": "吳宗翰" }, "geometry": { "type": "Point", "coordinates": [ 120.555227777118546, 23.333940119930983 ] } },
{ "type": "Feature", "properties": { "工程（財產）名稱": "擋土牆", "工程（財產）別名": "阿里山鄉水保-229.8", "財產編號": "1110102-0004 00-0000164", "保管單位": "養護科", "入帳日期(購置日期)": "2007-11-21", "清查日期": "2019/10/01", "地籍": "嘉義縣阿里山鄉公母段851號", "座標X(1)": 214763.57, "座標Y(1)": 2588804.79, "座標X(2)": null, "座標Y(2)": null, "有無貼牌": "--", "有無QRCode": "無", "說明": null, "保管人": "吳宗翰" }, "geometry": { "type": "Point", "coordinates": [ 120.655244036485897, 23.401672977198693 ] } },
{ "type": "Feature", "properties": { "工程（財產）名稱": "擋土牆", "工程（財產）別名": "三重溪埔-萬靈山駁坎", "財產編號": "1110102-0004 91-0000032", "保管單位": "曾管中心", "入帳日期(購置日期)": "2000-12-31", "清查日期": "2014/10/22", "地籍": "嘉義縣大埔鄉大埔段1424號", "座標X(1)": 206834.43, "座標Y(1)": 2572293.47, "座標X(2)": "206889.83", "座標Y(2)": "2572293.47", "有無貼牌": "--", "有無QRCode": "無", "說明": "位於萬靈山產業道路", "保管人": "陳乙震" }, "geometry": { "type": "Point", "coordinates": [ 120.578137195727507, 23.252383472593433 ] } },
{ "type": "Feature", "properties": { "工程（財產）名稱": "擋土牆", "工程（財產）別名": "103年曾文水庫週邊零星工程(山美村)", "財產編號": "1110102-0004 00-0000437", "保管單位": "養護科", "入帳日期(購置日期)": "2015-09-01", "清查日期": "--", "地籍": "山美段80號(公 原民會)", "座標X(1)": 214974.0, "座標Y(1)": 2588982.0, "座標X(2)": null, "座標Y(2)": null, "有無貼牌": "--", "有無QRCode": "無", "說明": "97坐標", "保管人": "吳宗翰" }, "geometry": { "type": "Point", "coordinates": [ 120.657298752255031, 23.403277731197306 ] } },
{ "type": "Feature", "properties": { "工程（財產）名稱": "擋土牆", "工程（財產）別名": "半嶺永興處理工程", "財產編號": "1110102-0004 91-0000023", "保管單位": "曾管中心", "入帳日期(購置日期)": "1999-06-30", "清查日期": "2014/05/27", "地籍": "嘉義縣番路鄉永興段18號", "座標X(1)": 210292.564, "座標Y(1)": 2586699.071, "座標X(2)": null, "座標Y(2)": null, "有無貼牌": "--", "有無QRCode": "無", "說明": "位於永興至半嶺產業道路上", "保管人": "陳乙震" }, "geometry": { "type": "Point", "coordinates": [ 120.611555557224705, 23.382555559771408 ] } },
{ "type": "Feature", "properties": { "工程（財產）名稱": "擋土牆", "工程（財產）別名": "103年曾文水庫週邊零星工程(新美村)", "財產編號": "1110102-0004 00-0000436", "保管單位": "養護科", "入帳日期(購置日期)": "2015-09-01", "清查日期": "--", "地籍": "新美段106號(公 原民會)", "座標X(1)": 218961.0, "座標Y(1)": 2581207.0, "座標X(2)": null, "座標Y(2)": null, "有無貼牌": "--", "有無QRCode": "無", "說明": "97座標", "保管人": "吳宗翰" }, "geometry": { "type": "Point", "coordinates": [ 120.6964677362309, 23.33314869314767 ] } },
{ "type": "Feature", "properties": { "工程（財產）名稱": "擋土牆", "工程（財產）別名": "新美一鄰道路護坡改善", "財產編號": "1110102-0004 91-0000034", "保管單位": "曾管中心", "入帳日期(購置日期)": "2000-12-31", "清查日期": "2012/12/01", "地籍": "嘉義縣阿里山鄉新美段45號", "座標X(1)": 218095.57, "座標Y(1)": 2582665.65, "座標X(2)": "218066", "座標Y(2)": "2582677", "有無貼牌": "是", "有無QRCode": "無", "說明": null, "保管人": "連偉成" }, "geometry": { "type": "Point", "coordinates": [ 120.68797396373779, 23.346303986532675 ] } },
{ "type": "Feature", "properties": { "工程（財產）名稱": "擋土牆", "工程（財產）別名": "N工區-12.5M", "財產編號": "1110102-0004 00-0000219", "保管單位": "養護科", "入帳日期(購置日期)": "2009-05-26", "清查日期": "2019/10/01", "地籍": "嘉義縣大埔鄉南寮段2號", "座標X(1)": 207210.0, "座標Y(1)": 2581501.4, "座標X(2)": "207195.71", "座標Y(2)": "2581501.4", "有無貼牌": "--", "有無QRCode": "無", "說明": null, "保管人": "吳宗翰" }, "geometry": { "type": "Point", "coordinates": [ 120.581547713668144, 23.335542354249338 ] } },
{ "type": "Feature", "properties": { "工程（財產）名稱": "擋土牆", "工程（財產）別名": "集水區道路水土保持", "財產編號": "1110102-0004 91-0000007", "保管單位": "曾管中心", "入帳日期(購置日期)": "1996-04-25", "清查日期": "2023/02/01", "地籍": "嘉義縣阿里山鄉特富野段343-1號", "座標X(1)": 225765.08, "座標Y(1)": 2595309.62, "座標X(2)": "225768", "座標Y(2)": "2595277", "有無貼牌": "是", "有無QRCode": "無", "說明": null, "保管人": "連偉成" }, "geometry": { "type": "Point", "coordinates": [ 120.762778004458795, 23.460613019629708 ] } },
{ "type": "Feature", "properties": { "工程（財產）名稱": "擋土牆", "工程（財產）別名": "山美村第2鄰社區及茶山村青峰農路排水改善", "財產編號": "1110102-0004 00-0000313", "保管單位": "養護科", "入帳日期(購置日期)": "2012-02-08", "清查日期": "2012/12/12", "地籍": "嘉義縣阿里山鄉山美村山美段137-1號", "座標X(1)": 215822.0, "座標Y(1)": 2587434.0, "座標X(2)": null, "座標Y(2)": null, "有無貼牌": "--", "有無QRCode": "無", "說明": null, "保管人": "吳宗翰" }, "geometry": { "type": "Point", "coordinates": [ 120.665630737904124, 23.389317065952184 ] } },
{ "type": "Feature", "properties": { "工程（財產）名稱": "擋土牆", "工程（財產）別名": "曾文壩區水土保持", "財產編號": "1110102-0004 94-0000123", "保管單位": "曾管中心", "入帳日期(購置日期)": "2005-12-30", "清查日期": "2015/07/24", "地籍": "台南市楠西區密枝段104-9號", "座標X(1)": 198605.23, "座標Y(1)": 2568183.35, "座標X(2)": null, "座標Y(2)": null, "有無貼牌": "--", "有無QRCode": "無", "說明": "曾庫公路過二號橋右轉產業道路", "保管人": "周駿宏" }, "geometry": { "type": "Point", "coordinates": [ 120.497853212688042, 23.215031995700443 ] } },
{ "type": "Feature", "properties": { "工程（財產）名稱": "擋土牆", "工程（財產）別名": "101年度曾文水庫週邊零星工程-和平村", "財產編號": "1110102-0004 00-0000328", "保管單位": "養護科", "入帳日期(購置日期)": "2012-11-29", "清查日期": "2014/08/21", "地籍": "嘉義縣大埔鄉埔東段802-2地號", "座標X(1)": 211346.0, "座標Y(1)": 2577459.0, "座標X(2)": null, "座標Y(2)": null, "有無貼牌": "--", "有無QRCode": "無", "說明": "C工區,L型擋土牆3m(H)×10m(L)", "保管人": "吳宗翰" }, "geometry": { "type": "Point", "coordinates": [ 120.622097002975963, 23.299141600214014 ] } },
{ "type": "Feature", "properties": { "工程（財產）名稱": "擋土牆", "工程（財產）別名": "擋土牆/108曾文水庫週邊零星工程", "財產編號": "1110102-0004 00-0000562", "保管單位": "養護科", "入帳日期(購置日期)": "2020-03-18", "清查日期": "--", "地籍": "嘉義縣南寮段49地號", "座標X(1)": 205067.0, "座標Y(1)": 2580792.0, "座標X(2)": null, "座標Y(2)": null, "有無貼牌": "--", "有無QRCode": "無", "說明": "擋土牆12公尺", "保管人": "吳宗翰" }, "geometry": { "type": "Point", "coordinates": [ 120.560612408912064, 23.329079022624956 ] } },
{ "type": "Feature", "properties": { "工程（財產）名稱": "擋土牆", "工程（財產）別名": "101年度曾文水庫週邊零星工程-永樂區", "財產編號": "1110102-0004 00-0000335", "保管單位": "養護科", "入帳日期(購置日期)": "2012-11-16", "清查日期": "2014/04/18", "地籍": "嘉義縣大埔鄉南寮段44地號", "座標X(1)": 204180.0, "座標Y(1)": 2581609.0, "座標X(2)": null, "座標Y(2)": null, "有無貼牌": "--", "有無QRCode": "無", "說明": "C工區擋土牆2.5m(H)×5.8m(L)+2.5m(H)×1.9m(L)", "保管人": "吳宗翰" }, "geometry": { "type": "Point", "coordinates": [ 120.551914133958803, 23.336432031108217 ] } },
{ "type": "Feature", "properties": { "工程（財產）名稱": "擋土牆", "工程（財產）別名": "102年度曾文水庫週邊零星工程", "財產編號": "1110102-0004 00-0000357", "保管單位": "養護科", "入帳日期(購置日期)": "2014-01-09", "清查日期": "2014/08/21", "地籍": "嘉義縣大埔鄉大埔段1425", "座標X(1)": 207361.0, "座標Y(1)": 2572308.0, "座標X(2)": null, "座標Y(2)": null, "有無貼牌": "--", "有無QRCode": "無", "說明": null, "保管人": "吳宗翰" }, "geometry": { "type": "Point", "coordinates": [ 120.583282920029816, 23.252528419111325 ] } },
{ "type": "Feature", "properties": { "工程（財產）名稱": "擋土牆", "工程（財產）別名": "94年0612災修-擋土牆", "財產編號": "1110102-0004 95-0000135", "保管單位": "養護科", "入帳日期(購置日期)": "2006-04-20", "清查日期": "2014/03/11", "地籍": "嘉義縣大埔鄉大埔段1458-6號", "座標X(1)": 204998.43, "座標Y(1)": 2569493.39, "座標X(2)": null, "座標Y(2)": null, "有無貼牌": "--", "有無QRCode": "無", "說明": null, "保管人": "吳宗翰" }, "geometry": { "type": "Point", "coordinates": [ 120.560276995552755, 23.227048985304268 ] } },
{ "type": "Feature", "properties": { "工程（財產）名稱": "擋土牆", "工程（財產）別名": "93曾文公共設施二期整", "財產編號": "1110102-0004 95-0000139", "保管單位": "曾管中心", "入帳日期(購置日期)": "2006-07-30", "清查日期": "2012/11/23", "地籍": null, "座標X(1)": 203358.92, "座標Y(1)": 2571066.08, "座標X(2)": null, "座標Y(2)": null, "有無貼牌": "--", "有無QRCode": "無", "說明": "參觀台道路下方環湖道路上", "保管人": "陳乙震" }, "geometry": { "type": "Point", "coordinates": [ 120.544209042263574, 23.241205034710188 ] } },
{ "type": "Feature", "properties": { "工程（財產）名稱": "擋土牆", "工程（財產）別名": "101阿公店水庫集水區水土保持零星工程-下店", "財產編號": "1110102-0004 00-0000450", "保管單位": "阿管中心", "入帳日期(購置日期)": "2012-12-15", "清查日期": "2015/01/02", "地籍": "牛稠埔段500-18(公)", "座標X(1)": 185712.34, "座標Y(1)": 2525399.9, "座標X(2)": null, "座標Y(2)": null, "有無貼牌": "--", "有無QRCode": "無", "說明": "TW67 X184885 Y2525608 面積80平方米", "保管人": "陳煌祥" }, "geometry": { "type": "Point", "coordinates": [ 120.37367692369493, 22.828237569841967 ] } },
{ "type": "Feature", "properties": { "工程（財產）名稱": "擋土牆", "工程（財產）別名": "擋土牆-110.1平方公尺", "財產編號": "1110102-0004 00-0000208", "保管單位": "高屏溪攔河堰", "入帳日期(購置日期)": "2009-04-22", "清查日期": "2024/05/16", "地籍": "洲仔段1216號", "座標X(1)": 191845.0, "座標Y(1)": 2511471.0, "座標X(2)": "191833", "座標Y(2)": "2511469", "有無貼牌": "是", "有無QRCode": "無", "說明": null, "保管人": "沈文忠" }, "geometry": { "type": "Point", "coordinates": [ 120.433940840651033, 22.702675485870838 ] } },
{ "type": "Feature", "properties": { "工程（財產）名稱": "擋土牆", "工程（財產）別名": "曾文水保(山美區)", "財產編號": "1110102-0004 93-0000096", "保管單位": "曾管中心", "入帳日期(購置日期)": "2004-12-31", "清查日期": "2022/12/27", "地籍": "嘉義縣阿里山鄉南美段150號", "座標X(1)": 217366.59, "座標Y(1)": 2583940.53, "座標X(2)": "217366", "座標Y(2)": "2583937", "有無貼牌": "是", "有無QRCode": "無", "說明": null, "保管人": "連偉成" }, "geometry": { "type": "Point", "coordinates": [ 120.680817075876305, 23.357802029303883 ] } },
{ "type": "Feature", "properties": { "工程（財產）名稱": "擋土牆", "工程（財產）別名": "阿公店頭條崙和興下店(工區7)-45M2", "財產編號": "1110102-0004 00-0000310", "保管單位": "阿管中心", "入帳日期(購置日期)": "2011-12-31", "清查日期": "2012/05/22", "地籍": "高雄市燕巢區尖山段951-2號", "座標X(1)": 185865.0, "座標Y(1)": 2525017.0, "座標X(2)": null, "座標Y(2)": null, "有無貼牌": "--", "有無QRCode": "無", "說明": null, "保管人": "呂元鈞" }, "geometry": { "type": "Point", "coordinates": [ 120.375179928519799, 22.824785671737082 ] } },
{ "type": "Feature", "properties": { "工程（財產）名稱": "擋土牆", "工程（財產）別名": "紅山區崩塌地-52M2", "財產編號": "1110102-0004 95-0000151", "保管單位": "阿管中心", "入帳日期(購置日期)": "2006-12-29", "清查日期": "--", "地籍": "燕巢區千秋寮段207-20地號", "座標X(1)": 188319.645, "座標Y(1)": 2522336.853, "座標X(2)": "187761.339", "座標Y(2)": "2522336.853", "有無貼牌": "--", "有無QRCode": "無", "說明": null, "保管人": "李冠緯" }, "geometry": { "type": "Point", "coordinates": [ 120.399198849841241, 22.800674716167929 ] } },
{ "type": "Feature", "properties": { "工程（財產）名稱": "擋土牆", "工程（財產）別名": "102曾文水庫公共設施改善工程(楠西)照興頭", "財產編號": "1110102-0004 00-0000430", "保管單位": "曾管中心", "入帳日期(購置日期)": "2014-02-01", "清查日期": "2016/04/28", "地籍": "台南市楠西區王萊宅5-229號", "座標X(1)": 197951.0, "座標Y(1)": 2567564.0, "座標X(2)": null, "座標Y(2)": null, "有無貼牌": "--", "有無QRCode": "無", "說明": null, "保管人": "周駿宏" }, "geometry": { "type": "Point", "coordinates": [ 120.491482493870876, 23.20941864061783 ] } },
{ "type": "Feature", "properties": { "工程（財產）名稱": "擋土牆", "工程（財產）別名": "擋土牆", "財產編號": "1110102-0004 00-0000474", "保管單位": "曾管中心", "入帳日期(購置日期)": "2016-12-08", "清查日期": "--", "地籍": "台南市楠西區密枝段1-59", "座標X(1)": 202885.0, "座標Y(1)": 2566900.0, "座標X(2)": null, "座標Y(2)": null, "有無貼牌": "--", "有無QRCode": "無", "說明": null, "保管人": "李勝雄" }, "geometry": { "type": "Point", "coordinates": [ 120.539706827932093, 23.203571039804089 ] } },
{ "type": "Feature", "properties": { "工程（財產）名稱": "擋土牆", "工程（財產）別名": "潮州湖-擋土牆-189M", "財產編號": "1110102-0004 00-0000243", "保管單位": "曾管中心", "入帳日期(購置日期)": "2009-12-31", "清查日期": "2014/11/05", "地籍": "嘉義縣番路鄉公田段301-2號", "座標X(1)": 216005.16, "座標Y(1)": 2592245.69, "座標X(2)": null, "座標Y(2)": null, "有無貼牌": "--", "有無QRCode": "無", "說明": "位於阿里山公路隙頂部落右轉潮州湖", "保管人": "陳乙震" }, "geometry": { "type": "Point", "coordinates": [ 120.667313999183477, 23.432770988586743 ] } },
{ "type": "Feature", "properties": { "工程（財產）名稱": "輸水設備用建築", "工程（財產）別名": "輸水設備用建築", "財產編號": "2020403-003D 91-0000001", "保管單位": "曾管中心", "入帳日期(購置日期)": "1996-05-01", "清查日期": "2024/02/05", "地籍": "嘉義縣大埔鄉柳籐潭段11-6號", "座標X(1)": 202348.78, "座標Y(1)": 2572273.69, "座標X(2)": null, "座標Y(2)": null, "有無貼牌": "擬報廢", "有無QRCode": "無", "說明": "竹崙產業道路", "保管人": "周駿宏" }, "geometry": { "type": "Point", "coordinates": [ 120.534300035173615, 23.252080995560817 ] } },
{ "type": "Feature", "properties": { "工程（財產）名稱": "電工房屋", "工程（財產）別名": "總機房控制室擴建工程", "財產編號": "2010202-003A 96-0000001", "保管單位": "甲仙(堰區)", "入帳日期(購置日期)": "2007-02-09", "清查日期": "2025/03/21", "地籍": "東大邱園1407之7號(自來水公司)", "座標X(1)": 207203.0, "座標Y(1)": 2553716.0, "座標X(2)": "207232", "座標Y(2)": "2553725", "有無貼牌": "是", "有無QRCode": "有", "說明": null, "保管人": "洪瑞隆" }, "geometry": { "type": "Point", "coordinates": [ 120.582260012102893, 23.084632926615811 ] } },
{ "type": "Feature", "properties": { "工程（財產）名稱": "閘門", "工程（財產）別名": "閘門機電(五工區)", "財產編號": "2020405-0003 00-0000002", "保管單位": "阿管中心", "入帳日期(購置日期)": "2006-09-27", "清查日期": "2012/05/25", "地籍": "高雄市田寮區水蛙潭段323-111號", "座標X(1)": 187138.0, "座標Y(1)": 2525058.0, "座標X(2)": null, "座標Y(2)": null, "有無貼牌": "--", "有無QRCode": "無", "說明": null, "保管人": "黃?原" }, "geometry": { "type": "Point", "coordinates": [ 120.387579622613586, 22.825204068153454 ] } },
{ "type": "Feature", "properties": { "工程（財產）名稱": "閘門", "工程（財產）別名": "閘門機電(一工區)", "財產編號": "2020405-0003 00-0000001", "保管單位": "阿管中心", "入帳日期(購置日期)": "2005-12-05", "清查日期": "2024/01/03", "地籍": "高雄市內門區東勢埔段658-206號", "座標X(1)": 195854.0, "座標Y(1)": 2535238.0, "座標X(2)": null, "座標Y(2)": null, "有無貼牌": "是", "有無QRCode": "無", "說明": null, "保管人": "林堉介" }, "geometry": { "type": "Point", "coordinates": [ 120.472135374031197, 22.917438288535088 ] } },
{ "type": "Feature", "properties": { "工程（財產）名稱": "排水開渠", "工程（財產）別名": "排水開渠108阿公店水庫集水區水土保持零星", "財產編號": "2020405-001A 00-0000016", "保管單位": "阿管中心", "入帳日期(購置日期)": "2019-11-17", "清查日期": "2021/05/12", "地籍": "高雄市燕巢區援巢中段57-3、76-2地號", "座標X(1)": 186462.0, "座標Y(1)": 2521872.0, "座標X(2)": "186456", "座標Y(2)": "4521872", "有無貼牌": "是", "有無QRCode": "無", "說明": "長40米", "保管人": "陳煌祥" }, "geometry": { "type": "Point", "coordinates": [ 120.381124101028377, 22.796407693549508 ] } },
{ "type": "Feature", "properties": { "工程（財產）名稱": "排水開渠", "工程（財產）別名": "排水開渠 曾文水庫防淤隧道工程-操作控制室", "財產編號": "2020405-001A 00-0000015", "保管單位": "警察隊", "入帳日期(購置日期)": "2016-07-15", "清查日期": "2025/02/13", "地籍": "嘉義縣大埔鄉柳藤潭段11-12,24-3號", "座標X(1)": 202638.74, "座標Y(1)": 2572109.99, "座標X(2)": "202634", "座標Y(2)": "2572103", "有無貼牌": "是", "有無QRCode": "有", "說明": "位操作控制室後面的排水開渠", "保管人": "洪瑞隆" }, "geometry": { "type": "Point", "coordinates": [ 120.537138872499312, 23.250611135845066 ] } },
{ "type": "Feature", "properties": { "工程（財產）名稱": "排水開渠", "工程（財產）別名": "排水開渠 曾文水庫防淤隧道工程-操作控制室", "財產編號": "2020405-001A 00-0000014", "保管單位": "警察隊", "入帳日期(購置日期)": "2016-07-15", "清查日期": "2025/02/13", "地籍": "嘉義縣大埔鄉柳藤潭段11-12號", "座標X(1)": 202618.82, "座標Y(1)": 2572100.82, "座標X(2)": "202595", "座標Y(2)": "2572108", "有無貼牌": "是", "有無QRCode": "有", "說明": "位操作控制室旁之排水開渠", "保管人": "洪瑞隆" }, "geometry": { "type": "Point", "coordinates": [ 120.536944485365154, 23.250527755562274 ] } },
{ "type": "Feature", "properties": { "工程（財產）名稱": "排水開渠", "工程（財產）別名": "排水開渠108阿公店水庫集水區水土保持零星", "財產編號": "2020405-001A 00-0000017", "保管單位": "阿管中心", "入帳日期(購置日期)": "2019-11-17", "清查日期": "2021/05/12", "地籍": null, "座標X(1)": 187356.0, "座標Y(1)": 2522609.0, "座標X(2)": "187340", "座標Y(2)": "2522652", "有無貼牌": "是", "有無QRCode": "無", "說明": "長28米", "保管人": "陳煌祥" }, "geometry": { "type": "Point", "coordinates": [ 120.389801874416051, 22.803096685821981 ] } },
{ "type": "Feature", "properties": { "工程（財產）名稱": "排水開渠", "工程（財產）別名": "高屏堰週邊及辦公廳舍園區綠美化工程", "財產編號": "2020405-001A 00-0000010", "保管單位": "高屏溪攔河堰", "入帳日期(購置日期)": "2011-11-23", "清查日期": "2022/08/19", "地籍": "高雄市大樹區大樹保安段1-3號", "座標X(1)": 191983.0, "座標Y(1)": 2509820.0, "座標X(2)": "191970", "座標Y(2)": "2509801", "有無貼牌": "是", "有無QRCode": "無", "說明": null, "保管人": "蔡易龍" }, "geometry": { "type": "Point", "coordinates": [ 120.43534513593454, 22.687770642807088 ] } },
{ "type": "Feature", "properties": { "工程（財產）名稱": "排水開渠", "工程（財產）別名": "104甲仙堰蓄水範圍週邊排水零星工程", "財產編號": "2020405-001A 00-0000012", "保管單位": "甲仙(堰區)", "入帳日期(購置日期)": "2015-10-01", "清查日期": "2024/07/15", "地籍": "高雄市甲仙區東阿里關段145號", "座標X(1)": 209635.0, "座標Y(1)": 2557271.0, "座標X(2)": "209665", "座標Y(2)": "2557265", "有無貼牌": "是", "有無QRCode": "無", "說明": "104年甲仙攔河堰蓄水範圍週邊排水零星工程─排水改善工程(矩型明溝125.3公尺)因無走下去,故財產標籤牌張貼與120-2020405-01A-11之牌張貼在同一處,座標亦相同", "保管人": "洪瑞隆" }, "geometry": { "type": "Point", "coordinates": [ 120.605904585929792, 23.116797024652353 ] } },
{ "type": "Feature", "properties": { "工程（財產）名稱": "排水開渠", "工程（財產）別名": "103年甲仙攔河堰蓄水範圍周邊排水零星工程", "財產編號": "2020405-001A 00-0000011", "保管單位": "甲仙(堰區)", "入帳日期(購置日期)": "2014-12-25", "清查日期": "2024/07/15", "地籍": "高雄市甲仙區東阿里關段146-2號(私地:地主:廖正申,A4530平方公尺)", "座標X(1)": 209647.08, "座標Y(1)": 2557206.21, "座標X(2)": "209665", "座標Y(2)": "2557265", "有無貼牌": "是", "有無QRCode": "無", "說明": null, "保管人": "洪瑞隆" }, "geometry": { "type": "Point", "coordinates": [ 120.606024232047957, 23.116212240271473 ] } },
{ "type": "Feature", "properties": { "工程（財產）名稱": "排水開渠", "工程（財產）別名": "溢洪管改建工程", "財產編號": "2020405-001A 00-0000005", "保管單位": "阿管中心", "入帳日期(購置日期)": "2005-08-08", "清查日期": "2015/05/01", "地籍": null, "座標X(1)": 181883.0, "座標Y(1)": 2523803.0, "座標X(2)": null, "座標Y(2)": null, "有無貼牌": "--", "有無QRCode": "無", "說明": null, "保管人": "呂元鈞" }, "geometry": { "type": "Point", "coordinates": [ 120.336441301647866, 22.813666002416383 ] } },
{ "type": "Feature", "properties": { "工程（財產）名稱": "排水開渠", "工程（財產）別名": "大埔鄉河道放水口", "財產編號": "2020405-001A 91-0000002", "保管單位": "曾管中心", "入帳日期(購置日期)": "1974-01-01", "清查日期": "2022/08/12", "地籍": "位河川公地上無地籍資料", "座標X(1)": 201491.57, "座標Y(1)": 2571416.13, "座標X(2)": "201500", "座標Y(2)": "2571460", "有無貼牌": "是", "有無QRCode": "無", "說明": "五號橋上方永久放水口河道", "保管人": "王昭文" }, "geometry": { "type": "Point", "coordinates": [ 120.525950029498802, 23.244312044723312 ] } },
{ "type": "Feature", "properties": { "工程（財產）名稱": "排水開渠", "工程（財產）別名": "新興七星工程-排水溝", "財產編號": "2020405-001A 00-0000007", "保管單位": "阿管中心", "入帳日期(購置日期)": "2008-12-31", "清查日期": "2014/09/18", "地籍": "高雄市田寮區水蛙潭段238-1號", "座標X(1)": 189027.58, "座標Y(1)": 2524106.25, "座標X(2)": null, "座標Y(2)": null, "有無貼牌": "--", "有無QRCode": "無", "說明": null, "保管人": "林堉介" }, "geometry": { "type": "Point", "coordinates": [ 120.406024983142316, 22.816679027107 ] } },
{ "type": "Feature", "properties": { "工程（財產）名稱": "排水開渠", "工程（財產）別名": "新興七星工程-排水溝", "財產編號": "2020405-001A 00-0000006", "保管單位": "阿管中心", "入帳日期(購置日期)": "2008-12-31", "清查日期": "2014/09/18", "地籍": "高雄市田寮區牛稠埔段700-108號", "座標X(1)": 183981.53, "座標Y(1)": 2525807.37, "座標X(2)": null, "座標Y(2)": null, "有無貼牌": "--", "有無QRCode": "無", "說明": null, "保管人": "林堉介" }, "geometry": { "type": "Point", "coordinates": [ 120.35679800922783, 22.831849987867908 ] } },
{ "type": "Feature", "properties": { "工程（財產）名稱": "排水開渠", "工程（財產）別名": "排水明溝", "財產編號": "2020405-001A 94-0000004", "保管單位": "甲仙(堰區)", "入帳日期(購置日期)": "2005-12-30", "清查日期": "2022/06/15", "地籍": "東阿里關段672-1", "座標X(1)": 211240.72, "座標Y(1)": 2559695.77, "座標X(2)": "211262", "座標Y(2)": "2559685", "有無貼牌": "是", "有無QRCode": "無", "說明": null, "保管人": "洪瑞隆" }, "geometry": { "type": "Point", "coordinates": [ 120.62152001057629, 23.138732029869097 ] } },
{ "type": "Feature", "properties": { "工程（財產）名稱": "排水開渠", "工程（財產）別名": "關山村關東巷排水改善工程", "財產編號": "2020405-001A 00-0000008", "保管單位": "甲仙(堰區)", "入帳日期(購置日期)": "2010-08-03", "清查日期": "2015/10/08", "地籍": "東阿里關段1822", "座標X(1)": 210496.36, "座標Y(1)": 2557067.55, "座標X(2)": null, "座標Y(2)": null, "有無貼牌": "是", "有無QRCode": "無", "說明": null, "保管人": "洪瑞隆" }, "geometry": { "type": "Point", "coordinates": [ 120.614319398421529, 23.114980571451447 ] } },
{ "type": "Feature", "properties": { "工程（財產）名稱": "排水開渠", "工程（財產）別名": "排水明溝", "財產編號": "2020405-001A 94-0000003", "保管單位": "甲仙(堰區)", "入帳日期(購置日期)": "2005-12-30", "清查日期": "2022/01/07", "地籍": "東阿里關段1248", "座標X(1)": 211491.94, "座標Y(1)": 2559857.57, "座標X(2)": "211452", "座標Y(2)": "2559756", "有無貼牌": "是", "有無QRCode": "無", "說明": null, "保管人": "洪瑞隆" }, "geometry": { "type": "Point", "coordinates": [ 120.623969029729764, 23.140199015518263 ] } },
{ "type": "Feature", "properties": { "工程（財產）名稱": "擋土牆", "工程（財產）別名": "擋土牆/108曾文水庫週邊零星工程", "財產編號": "1110102-0004 00-0000561", "保管單位": "養護科", "入帳日期(購置日期)": "2020-03-18", "清查日期": "--", "地籍": "嘉義縣石面桶段15地號", "座標X(1)": 205123.0, "座標Y(1)": 2580478.0, "座標X(2)": null, "座標Y(2)": null, "有無貼牌": "--", "有無QRCode": "無", "說明": "擋土牆53公尺", "保管人": "吳宗翰" }, "geometry": { "type": "Point", "coordinates": [ 120.56116931778044, 23.326245107501684 ] } },
{ "type": "Feature", "properties": { "工程（財產）名稱": "擋土牆", "工程（財產）別名": "100年度曾文水庫湖域保護帶治理工程(第二)", "財產編號": "1110102-0004 00-0000322", "保管單位": "曾管中心", "入帳日期(購置日期)": "2012-08-31", "清查日期": "2012/10/18", "地籍": "台南市東山區下南勢段946-2", "座標X(1)": 201814.0, "座標Y(1)": 2572452.0, "座標X(2)": null, "座標Y(2)": null, "有無貼牌": "--", "有無QRCode": "無", "說明": "鋼筋混凝土擋土牆", "保管人": "周駿宏" }, "geometry": { "type": "Point", "coordinates": [ 120.529068059864898, 23.253675577207698 ] } },
{ "type": "Feature", "properties": { "工程（財產）名稱": "擋土牆", "工程（財產）別名": "103年曾文水庫週邊零星工程(里佳村)", "財產編號": "1110102-0004 00-0000432", "保管單位": "養護科", "入帳日期(購置日期)": "2015-09-01", "清查日期": "--", "地籍": "有伊亞娜段1號(公 林務局)", "座標X(1)": 222891.0, "座標Y(1)": 2588527.0, "座標X(2)": null, "座標Y(2)": null, "有無貼牌": "--", "有無QRCode": "無", "說明": "97坐標", "保管人": "吳宗翰" }, "geometry": { "type": "Point", "coordinates": [ 120.734767679428074, 23.399319653421905 ] } },
{ "type": "Feature", "properties": { "工程（財產）名稱": "擋土牆", "工程（財產）別名": "103年曾文水庫週邊零星工程(里佳村)", "財產編號": "1110102-0004 00-0000433", "保管單位": "養護科", "入帳日期(購置日期)": "2015-09-01", "清查日期": "--", "地籍": "有伊亞娜段1號(公 林務局)", "座標X(1)": 222545.0, "座標Y(1)": 2588615.0, "座標X(2)": null, "座標Y(2)": null, "有無貼牌": "--", "有無QRCode": "無", "說明": "97座標", "保管人": "吳宗翰" }, "geometry": { "type": "Point", "coordinates": [ 120.731380868248849, 23.400108528411387 ] } },
{ "type": "Feature", "properties": { "工程（財產）名稱": "擋土牆", "工程（財產）別名": "里佳村第一鄰及達邦村拉拉克斯道路改善工程", "財產編號": "1110102-0004 00-0000317", "保管單位": "養護科", "入帳日期(購置日期)": "2012-02-08", "清查日期": "2012/12/06", "地籍": "嘉義縣阿里山鄉特富野段37號", "座標X(1)": 226681.0, "座標Y(1)": 2595908.0, "座標X(2)": null, "座標Y(2)": null, "有無貼牌": "--", "有無QRCode": "無", "說明": null, "保管人": "吳宗翰" }, "geometry": { "type": "Point", "coordinates": [ 120.771734082589234, 23.466029846090343 ] } },
{ "type": "Feature", "properties": { "工程（財產）名稱": "擋土牆", "工程（財產）別名": "阿里山區處理工程", "財產編號": "1110102-0004 91-0000057", "保管單位": "曾管中心", "入帳日期(購置日期)": "2002-12-31", "清查日期": "2022/12/29", "地籍": "嘉義縣阿里山鄉達邦段400號", "座標X(1)": 223229.17, "座標Y(1)": 2593377.06, "座標X(2)": "223226", "座標Y(2)": "2593383", "有無貼牌": "是", "有無QRCode": "無", "說明": "169線37.5處右轉", "保管人": "連偉成" }, "geometry": { "type": "Point", "coordinates": [ 120.737990027223574, 23.443122043622317 ] } },
{ "type": "Feature", "properties": { "工程（財產）名稱": "擋土牆", "工程（財產）別名": "擋土牆-121.3M", "財產編號": "1110102-0004 00-0000246", "保管單位": "曾管中心", "入帳日期(購置日期)": "2009-12-31", "清查日期": "2022/12/05", "地籍": "台南市東山區茄令九湖段46號", "座標X(1)": 198213.65, "座標Y(1)": 2571369.38, "座標X(2)": "200718", "座標Y(2)": "2571144", "有無貼牌": "是", "有無QRCode": "無", "說明": "曾文之眼對面產業道路50米處111年12月5日盤點時路被蓋鐵門擋住無法往前進入", "保管人": "陳乙震" }, "geometry": { "type": "Point", "coordinates": [ 120.493918994638207, 23.243789968113102 ] } },
{ "type": "Feature", "properties": { "工程（財產）名稱": "擋土牆", "工程（財產）別名": "103年曾文水庫週邊零星工程", "財產編號": "1110102-0004 00-0000393", "保管單位": "養護科", "入帳日期(購置日期)": "2014-12-26", "清查日期": "--", "地籍": "嘉義縣大埔鄉草嶺段25", "座標X(1)": 205861.0, "座標Y(1)": 2569587.0, "座標X(2)": null, "座標Y(2)": null, "有無貼牌": "--", "有無QRCode": "無", "說明": null, "保管人": "吳宗翰" }, "geometry": { "type": "Point", "coordinates": [ 120.568702507764783, 23.227917654098018 ] } },
{ "type": "Feature", "properties": { "工程（財產）名稱": "擋土牆", "工程（財產）別名": "達邦-擋土牆250M3", "財產編號": "1110102-0004 00-0000232", "保管單位": "養護科", "入帳日期(購置日期)": "2009-12-18", "清查日期": "2019/10/01", "地籍": "嘉義縣阿里山鄉特富野段234-1號", "座標X(1)": 225427.0, "座標Y(1)": 2595604.0, "座標X(2)": null, "座標Y(2)": null, "有無貼牌": "--", "有無QRCode": "無", "說明": "A工區", "保管人": "吳宗翰" }, "geometry": { "type": "Point", "coordinates": [ 120.759463935717235, 23.463266240914926 ] } },
{ "type": "Feature", "properties": { "工程（財產）名稱": "擋土牆", "工程（財產）別名": "高屏堰上游週邊環境委辦零星工程-63M2", "財產編號": "1110102-0004 00-0000295", "保管單位": "高屏溪攔河堰", "入帳日期(購置日期)": "2011-04-25", "清查日期": "2024/05/27", "地籍": "姑婆寮段366-7號", "座標X(1)": 191108.0, "座標Y(1)": 2512160.0, "座標X(2)": "191137", "座標Y(2)": "2512174", "有無貼牌": "是", "有無QRCode": "無", "說明": null, "保管人": "沈文忠" }, "geometry": { "type": "Point", "coordinates": [ 120.426741530623772, 22.708872041072912 ] } },
{ "type": "Feature", "properties": { "工程（財產）名稱": "擋土牆", "工程（財產）別名": "102年度曾文水庫週邊零星工程", "財產編號": "1110102-0004 00-0000366", "保管單位": "養護科", "入帳日期(購置日期)": "2014-01-09", "清查日期": "--", "地籍": "嘉義縣大埔鄉南寮段49", "座標X(1)": 205128.0, "座標Y(1)": 2580756.0, "座標X(2)": null, "座標Y(2)": null, "有無貼牌": "--", "有無QRCode": "無", "說明": null, "保管人": "吳宗翰" }, "geometry": { "type": "Point", "coordinates": [ 120.561209965407429, 23.328755610985134 ] } },
{ "type": "Feature", "properties": { "工程（財產）名稱": "擋土牆", "工程（財產）別名": "102年田寮區新尖大橋下游左岸崩坍地治理工", "財產編號": "1110102-0004 00-0000371", "保管單位": "阿管中心", "入帳日期(購置日期)": "2013-11-20", "清查日期": "--", "地籍": "燕巢區尖山段1216-31號", "座標X(1)": 183985.512, "座標Y(1)": 2525561.886, "座標X(2)": null, "座標Y(2)": null, "有無貼牌": "--", "有無QRCode": "無", "說明": null, "保管人": "林堉介" }, "geometry": { "type": "Point", "coordinates": [ 120.356847219876087, 22.829633336220688 ] } },
{ "type": "Feature", "properties": { "工程（財產）名稱": "擋土牆", "工程（財產）別名": "102年度曾文水庫週邊零星工程", "財產編號": "1110102-0004 00-0000367", "保管單位": "養護科", "入帳日期(購置日期)": "2014-01-09", "清查日期": "--", "地籍": "嘉義縣大埔鄉南寮段37", "座標X(1)": 205377.0, "座標Y(1)": 2581915.0, "座標X(2)": null, "座標Y(2)": null, "有無貼牌": "--", "有無QRCode": "無", "說明": null, "保管人": "吳宗翰" }, "geometry": { "type": "Point", "coordinates": [ 120.563610617214664, 23.33922828675388 ] } },
{ "type": "Feature", "properties": { "工程（財產）名稱": "擋土牆", "工程（財產）別名": "擋土牆-大埔村-64.5M2", "財產編號": "1110102-0004 00-0000270", "保管單位": "養護科", "入帳日期(購置日期)": "2010-09-09", "清查日期": "2019/10/01", "地籍": "嘉義縣大埔鄉埔南段610號", "座標X(1)": 208106.0, "座標Y(1)": 2577200.0, "座標X(2)": null, "座標Y(2)": null, "有無貼牌": "--", "有無QRCode": "無", "說明": null, "保管人": "吳宗翰" }, "geometry": { "type": "Point", "coordinates": [ 120.590428722711962, 23.296723260384315 ] } },
{ "type": "Feature", "properties": { "工程（財產）名稱": "擋土牆", "工程（財產）別名": "岡山區101年度阿公店水庫集水區水土保持零", "財產編號": "1110102-0004 00-0000323", "保管單位": "阿管中心", "入帳日期(購置日期)": "2012-11-30", "清查日期": "2014/11/03", "地籍": "高雄市田寮區牛稠埔段708-1號", "座標X(1)": 182649.0, "座標Y(1)": 2525466.0, "座標X(2)": null, "座標Y(2)": null, "有無貼牌": "--", "有無QRCode": "無", "說明": "實際盤點:X182655.79 Y:2525491.4", "保管人": "陳煌祥" }, "geometry": { "type": "Point", "coordinates": [ 120.343830919507283, 22.828714354670005 ] } },
{ "type": "Feature", "properties": { "工程（財產）名稱": "擋土牆", "工程（財產）別名": "J工區-18M", "財產編號": "1110102-0004 00-0000214", "保管單位": "養護科", "入帳日期(購置日期)": "2009-05-26", "清查日期": "2019/10/01", "地籍": "嘉義縣大埔鄉大埔段760號", "座標X(1)": 208462.0, "座標Y(1)": 2579224.6, "座標X(2)": "208470.84", "座標Y(2)": "2579224.6", "有無貼牌": "--", "有無QRCode": "無", "說明": null, "保管人": "吳宗翰" }, "geometry": { "type": "Point", "coordinates": [ 120.59385353216534, 23.315014769488318 ] } },
{ "type": "Feature", "properties": { "工程（財產）名稱": "擋土牆", "工程（財產）別名": "102年度曾文水庫週邊零星工程", "財產編號": "1110102-0004 00-0000363", "保管單位": "養護科", "入帳日期(購置日期)": "2014-01-09", "清查日期": "--", "地籍": "嘉義縣大埔鄉射免潭段44", "座標X(1)": 213799.0, "座標Y(1)": 2579157.0, "座標X(2)": null, "座標Y(2)": null, "有無貼牌": "--", "有無QRCode": "無", "說明": null, "保管人": "吳宗翰" }, "geometry": { "type": "Point", "coordinates": [ 120.646037952233797, 23.314530855440246 ] } },
{ "type": "Feature", "properties": { "工程（財產）名稱": "擋土牆", "工程（財產）別名": "101年度曾文水庫週邊零星工程-和平村", "財產編號": "1110102-0004 00-0000330", "保管單位": "養護科", "入帳日期(購置日期)": "2012-11-29", "清查日期": "2014/08/21", "地籍": "嘉義縣大埔鄉頂坪林段14地號", "座標X(1)": 213129.0, "座標Y(1)": 2574748.0, "座標X(2)": null, "座標Y(2)": null, "有無貼牌": "--", "有無QRCode": "無", "說明": "E工區L溝擋土牆0.8m(H)×53m(L)", "保管人": "吳宗翰" }, "geometry": { "type": "Point", "coordinates": [ 120.639594238738496, 23.274701685636966 ] } },
{ "type": "Feature", "properties": { "工程（財產）名稱": "擋土牆", "工程（財產）別名": "擋土牆-和平村-54.6M2", "財產編號": "1110102-0004 00-0000269", "保管單位": "養護科", "入帳日期(購置日期)": "2010-09-09", "清查日期": "2019/10/01", "地籍": "高雄市那瑪夏區達那烏玆段12號", "座標X(1)": 215499.0, "座標Y(1)": 2574369.0, "座標X(2)": null, "座標Y(2)": null, "有無貼牌": "--", "有無QRCode": "無", "說明": null, "保管人": "吳宗翰" }, "geometry": { "type": "Point", "coordinates": [ 120.662768751654994, 23.271330700185409 ] } },
{ "type": "Feature", "properties": { "工程（財產）名稱": "擋土牆", "工程（財產）別名": "103年曾文水庫週邊零星工程", "財產編號": "1110102-0004 00-0000391", "保管單位": "養護科", "入帳日期(購置日期)": "2014-12-26", "清查日期": "--", "地籍": "嘉義縣大埔鄉大埔段1318-5", "座標X(1)": 207660.0, "座標Y(1)": 2575038.0, "座標X(2)": null, "座標Y(2)": null, "有無貼牌": "--", "有無QRCode": "無", "說明": null, "保管人": "吳宗翰" }, "geometry": { "type": "Point", "coordinates": [ 120.586128907868769, 23.27718858256522 ] } },
{ "type": "Feature", "properties": { "工程（財產）名稱": "擋土牆", "工程（財產）別名": "大埔t茶山區工-1433m2", "財產編號": "1110102-0004 00-0000173", "保管單位": "曾管中心", "入帳日期(購置日期)": "2007-12-31", "清查日期": "2013/03/16", "地籍": "嘉義縣大埔鄉大埔段793-1號、嘉義縣大埔鄉大埔段792號", "座標X(1)": 211364.1, "座標Y(1)": 2577961.15, "座標X(2)": "211339.64", "座標Y(2)": "2577961.15", "有無貼牌": "是", "有無QRCode": "無", "說明": null, "保管人": "連偉成" }, "geometry": { "type": "Point", "coordinates": [ 120.622261152751946, 23.303676538675486 ] } },
{ "type": "Feature", "properties": { "工程（財產）名稱": "護坡", "工程（財產）別名": "護坡", "財產編號": "1110102-003D 00-0000075", "保管單位": "曾管中心", "入帳日期(購置日期)": "2024-01-23", "清查日期": "--", "地籍": null, "座標X(1)": 201629.072, "座標Y(1)": 2571415.144, "座標X(2)": null, "座標Y(2)": null, "有無貼牌": "--", "有無QRCode": "無", "說明": "112年度曾文水庫邊坡整治工程工區6", "保管人": "周駿宏" }, "geometry": { "type": "Point", "coordinates": [ 120.527293767527581, 23.244307189686531 ] } },
{ "type": "Feature", "properties": { "工程（財產）名稱": "護坡", "工程（財產）別名": "護坡/108曾文水庫湖域保護帶治理第二期", "財產編號": "1110102-003D 00-0000061", "保管單位": "曾管中心", "入帳日期(購置日期)": "2020-03-31", "清查日期": "2020/03/31", "地籍": "無地籍", "座標X(1)": 200976.0, "座標Y(1)": 2570949.0, "座標X(2)": null, "座標Y(2)": null, "有無貼牌": "--", "有無QRCode": "無", "說明": "護坡", "保管人": "周駿宏" }, "geometry": { "type": "Point", "coordinates": [ 120.52092680560655, 23.240078511153172 ] } },
{ "type": "Feature", "properties": { "工程（財產）名稱": "護坡", "工程（財產）別名": "護坡", "財產編號": "1110102-003D 00-0000074", "保管單位": "曾管中心", "入帳日期(購置日期)": "2024-01-23", "清查日期": "--", "地籍": null, "座標X(1)": 200489.64, "座標Y(1)": 2570890.333, "座標X(2)": null, "座標Y(2)": null, "有無貼牌": "--", "有無QRCode": "無", "說明": "112年度曾文水庫邊坡整治工程工區5", "保管人": "周駿宏" }, "geometry": { "type": "Point", "coordinates": [ 120.516176030553993, 23.239534177650363 ] } },
{ "type": "Feature", "properties": { "工程（財產）名稱": "護坡", "工程（財產）別名": "護坡", "財產編號": "1110102-003D 00-0000072", "保管單位": "曾管中心", "入帳日期(購置日期)": "2024-01-23", "清查日期": "--", "地籍": null, "座標X(1)": 200371.147, "座標Y(1)": 2570792.966, "座標X(2)": null, "座標Y(2)": null, "有無貼牌": "--", "有無QRCode": "無", "說明": "112年度曾文水庫邊坡整治工程工區4", "保管人": "周駿宏" }, "geometry": { "type": "Point", "coordinates": [ 120.51502130590012, 23.238651370636251 ] } },
{ "type": "Feature", "properties": { "工程（財產）名稱": "護坡", "工程（財產）別名": "護坡", "財產編號": "1110102-003D 00-0000071", "保管單位": "曾管中心", "入帳日期(購置日期)": "2024-01-23", "清查日期": "--", "地籍": null, "座標X(1)": 199921.492, "座標Y(1)": 2570474.483, "座標X(2)": null, "座標Y(2)": null, "有無貼牌": "--", "有無QRCode": "無", "說明": "112年度曾文水庫邊坡整治工程工區3", "保管人": "周駿宏" }, "geometry": { "type": "Point", "coordinates": [ 120.510637837923838, 23.235761803627643 ] } },
{ "type": "Feature", "properties": { "工程（財產）名稱": "護坡", "工程（財產）別名": "護坡", "財產編號": "1110102-003D 00-0000070", "保管單位": "曾管中心", "入帳日期(購置日期)": "2024-01-23", "清查日期": "--", "地籍": null, "座標X(1)": 199547.667, "座標Y(1)": 2570243.382, "座標X(2)": null, "座標Y(2)": null, "有無貼牌": "--", "有無QRCode": "無", "說明": "112年度曾文水庫邊坡整治工程 工區2", "保管人": "周駿宏" }, "geometry": { "type": "Point", "coordinates": [ 120.506992627481893, 23.233663513699767 ] } },
{ "type": "Feature", "properties": { "工程（財產）名稱": "護坡", "工程（財產）別名": "護坡", "財產編號": "1110102-003D 00-0000069", "保管單位": "曾管中心", "入帳日期(購置日期)": "2024-01-23", "清查日期": "--", "地籍": null, "座標X(1)": 199332.188, "座標Y(1)": 2570119.864, "座標X(2)": null, "座標Y(2)": null, "有無貼牌": "--", "有無QRCode": "無", "說明": "112年度曾文水庫邊坡整治工程工區1", "保管人": "周駿宏" }, "geometry": { "type": "Point", "coordinates": [ 120.504891196459511, 23.232541510898503 ] } },
{ "type": "Feature", "properties": { "工程（財產）名稱": "護坡", "工程（財產）別名": "護坡/111年曾文水庫湖域保護帶治理工程第一", "財產編號": "1110102-003D 00-0000068", "保管單位": "曾管中心", "入帳日期(購置日期)": "2023-02-24", "清查日期": "--", "地籍": null, "座標X(1)": 208062.65, "座標Y(1)": 2579580.12, "座標X(2)": null, "座標Y(2)": null, "有無貼牌": "否", "有無QRCode": "無", "說明": "大埔永樂村(馬頭山)(GOOGLE MAP連結)", "保管人": "李勝雄" }, "geometry": { "type": "Point", "coordinates": [ 120.589939033980201, 23.318214999285001 ] } },
{ "type": "Feature", "properties": { "工程（財產）名稱": "護坡", "工程（財產）別名": "護坡", "財產編號": "1110102-003D 00-0000036", "保管單位": "曾管中心", "入帳日期(購置日期)": "2015-12-28", "清查日期": "--", "地籍": null, "座標X(1)": 213520.0, "座標Y(1)": 2576932.0, "座標X(2)": null, "座標Y(2)": null, "有無貼牌": "--", "有無QRCode": "無", "說明": null, "保管人": "周駿宏" }, "geometry": { "type": "Point", "coordinates": [ 120.643363591035808, 23.294432449091357 ] } },
{ "type": "Feature", "properties": { "工程（財產）名稱": "護坡", "工程（財產）別名": "護坡/108曾文水庫湖域保護帶治理第二期", "財產編號": "1110102-003D 00-0000064", "保管單位": "曾管中心", "入帳日期(購置日期)": "2020-03-31", "清查日期": "2020/03/31", "地籍": "嘉義縣大埔鄉大埔段(0833)1484-1地號", "座標X(1)": 203062.0, "座標Y(1)": 2569804.0, "座標X(2)": null, "座標Y(2)": null, "有無貼牌": "--", "有無QRCode": "無", "說明": "護坡", "保管人": "周駿宏" }, "geometry": { "type": "Point", "coordinates": [ 120.541346470247717, 23.229799785683173 ] } },
{ "type": "Feature", "properties": { "工程（財產）名稱": "護坡", "工程（財產）別名": "植生護坡/106甲仙攔河堰聯外道路邊坡水土保", "財產編號": "1110102-003D 00-0000045", "保管單位": "甲仙攔河堰管理中心", "入帳日期(購置日期)": "2019-02-26", "清查日期": "2024/07/15", "地籍": "高雄市甲仙區公館段1-1、58-1、60-1、59-1、67-1、68-1、72-1、69及1-4地號", "座標X(1)": 207334.0, "座標Y(1)": 2553562.0, "座標X(2)": "207299", "座標Y(2)": "2553574", "有無貼牌": "是", "有無QRCode": "無", "說明": null, "保管人": "籃駿鞍" }, "geometry": { "type": "Point", "coordinates": [ 120.583542956138828, 23.083245621484625 ] } },
{ "type": "Feature", "properties": { "工程（財產）名稱": "護坡", "工程（財產）別名": "106年曾文水庫湖域保護帶治理第一期工程", "財產編號": "1110102-003D 00-0000041", "保管單位": "曾管中心", "入帳日期(購置日期)": "2018-01-30", "清查日期": "--", "地籍": null, "座標X(1)": 200072.0, "座標Y(1)": 2570599.0, "座標X(2)": null, "座標Y(2)": null, "有無貼牌": "--", "有無QRCode": "無", "說明": null, "保管人": "周駿宏" }, "geometry": { "type": "Point", "coordinates": [ 120.512104457952702, 23.23689078207477 ] } },
{ "type": "Feature", "properties": { "工程（財產）名稱": "護坡", "工程（財產）別名": "護坡/106曾文水庫湖域保護帶治理第二期", "財產編號": "1110102-003D 00-0000066", "保管單位": "曾管中心", "入帳日期(購置日期)": "2017-10-06", "清查日期": "2022/12/13", "地籍": "台南市東山區下南勢段948-10", "座標X(1)": 200532.0, "座標Y(1)": 2570972.0, "座標X(2)": "200555", "座標Y(2)": "2570987", "有無貼牌": "是", "有無QRCode": "無", "說明": "草類護坡面積880平方公尺，長17公尺(2工區)", "保管人": "許玿瑛" }, "geometry": { "type": "Point", "coordinates": [ 120.516587311678663, 23.240272916050898 ] } },
{ "type": "Feature", "properties": { "工程（財產）名稱": "護坡", "工程（財產）別名": "護坡/106曾文水庫湖域保護帶治理第二期", "財產編號": "1110102-003D 00-0000065", "保管單位": "曾管中心", "入帳日期(購置日期)": "2017-10-06", "清查日期": "2022/12/13", "地籍": "台南市東山區下南勢段948-12", "座標X(1)": 199888.0, "座標Y(1)": 2570489.0, "座標X(2)": "199892", "座標Y(2)": "2570476", "有無貼牌": "是", "有無QRCode": "無", "說明": "草類護坡面積734平方公尺，長33公尺(1工區)", "保管人": "許玿瑛" }, "geometry": { "type": "Point", "coordinates": [ 120.510310088380734, 23.235891874663846 ] } },
{ "type": "Feature", "properties": { "工程（財產）名稱": "擋土牆", "工程（財產）別名": "金山村崩坍地一期整治", "財產編號": "1110102-0004 93-0000108", "保管單位": "阿管中心", "入帳日期(購置日期)": "2004-12-31", "清查日期": "--", "地籍": "高雄市燕巢區千秋寮段213-6號", "座標X(1)": 187965.0, "座標Y(1)": 2523474.0, "座標X(2)": null, "座標Y(2)": null, "有無貼牌": "--", "有無QRCode": "無", "說明": null, "保管人": "呂元鈞" }, "geometry": { "type": "Point", "coordinates": [ 120.395699275069816, 22.810930616517854 ] } },
{ "type": "Feature", "properties": { "工程（財產）名稱": "護坡", "工程（財產）別名": "護坡/108曾文水庫湖域保護帶治理第二期", "財產編號": "1110102-003D 00-0000063", "保管單位": "曾管中心", "入帳日期(購置日期)": "2020-03-31", "清查日期": "2020/03/31", "地籍": "嘉義縣大埔鄉大埔段(0833)1484-13地號", "座標X(1)": 203309.0, "座標Y(1)": 2571076.0, "座標X(2)": null, "座標Y(2)": null, "有無貼牌": "--", "有無QRCode": "無", "說明": "護坡", "保管人": "周駿宏" }, "geometry": { "type": "Point", "coordinates": [ 120.543720916021542, 23.241293198183111 ] } },
{ "type": "Feature", "properties": { "工程（財產）名稱": "擋土牆", "工程（財產）別名": "105年曾文水庫週邊零星工程", "財產編號": "1110102-0004 00-0000479", "保管單位": "養護科", "入帳日期(購置日期)": "2017-02-20", "清查日期": "--", "地籍": "嘉義縣大埔鄉大埔段625-6號(公)", "座標X(1)": 207120.0, "座標Y(1)": 2579356.0, "座標X(2)": null, "座標Y(2)": null, "有無貼牌": "--", "有無QRCode": "無", "說明": null, "保管人": "吳宗翰" }, "geometry": { "type": "Point", "coordinates": [ 120.580728393604971, 23.316166779977809 ] } },
{ "type": "Feature", "properties": { "工程（財產）名稱": "擋土牆", "工程（財產）別名": "左岸擋土牆/108甲仙攔河堰蓄水範圍週邊排水", "財產編號": "1110102-0004 00-0000540", "保管單位": "甲仙攔河堰管理中心", "入帳日期(購置日期)": "2019-12-30", "清查日期": "2021/09/27", "地籍": "高市甲仙區東阿里關段2894號", "座標X(1)": 207671.0, "座標Y(1)": 2553529.0, "座標X(2)": null, "座標Y(2)": null, "有無貼牌": "是", "有無QRCode": "無", "說明": null, "保管人": "洪瑞隆" }, "geometry": { "type": "Point", "coordinates": [ 120.586833211822679, 23.082956256525105 ] } },
{ "type": "Feature", "properties": { "工程（財產）名稱": "擋土牆", "工程（財產）別名": "集水區水土保持水底寮", "財產編號": "1110102-0004 91-0000020", "保管單位": "曾管中心", "入帳日期(購置日期)": "1999-06-30", "清查日期": "2014/11/21", "地籍": "嘉義縣大埔鄉柳籐潭段14-3號", "座標X(1)": 202506.07, "座標Y(1)": 2572412.59, "座標X(2)": "202511.92", "座標Y(2)": "2572412.59", "有無貼牌": "--", "有無QRCode": "無", "說明": "位於水底寮產業道路", "保管人": "陳乙震" }, "geometry": { "type": "Point", "coordinates": [ 120.535832864822197, 23.253339833518243 ] } },
{ "type": "Feature", "properties": { "工程（財產）名稱": "擋土牆", "工程（財產）別名": "茄苳村水土保持工程", "財產編號": "1110102-0004 91-0000044", "保管單位": "養護科", "入帳日期(購置日期)": "2002-12-31", "清查日期": "2014/07/01", "地籍": "嘉義縣大埔鄉埔東段39號", "座標X(1)": 210120.543, "座標Y(1)": 2573762.992, "座標X(2)": null, "座標Y(2)": null, "有無貼牌": "--", "有無QRCode": "無", "說明": null, "保管人": "吳宗翰" }, "geometry": { "type": "Point", "coordinates": [ 120.610213630098116, 23.265736568693843 ] } },
{ "type": "Feature", "properties": { "工程（財產）名稱": "擋土牆", "工程（財產）別名": "曾文水保(過山區)", "財產編號": "1110102-0004 93-0000099", "保管單位": "曾管中心", "入帳日期(購置日期)": "2004-12-31", "清查日期": "2014/03/05", "地籍": "嘉義縣大埔鄉大埔段1638-2號", "座標X(1)": 206933.53, "座標Y(1)": 2576160.83, "座標X(2)": null, "座標Y(2)": null, "有無貼牌": "--", "有無QRCode": "無", "說明": "鞠月半島濟公佛像旁", "保管人": "陳乙震" }, "geometry": { "type": "Point", "coordinates": [ 120.578995975264647, 23.287309039739945 ] } },
{ "type": "Feature", "properties": { "工程（財產）名稱": "擋土牆", "工程（財產）別名": "阿管集水區保持工程", "財產編號": "1110102-0004 94-0000114", "保管單位": "阿管中心", "入帳日期(購置日期)": "2005-12-30", "清查日期": "2023/01/04", "地籍": "高雄市燕巢區千秋寮段102-58號;田寮區牛稠埔段476-4號", "座標X(1)": 183041.0, "座標Y(1)": 2525737.0, "座標X(2)": "186558", "座標Y(2)": "2525737", "有無貼牌": "是", "有無QRCode": "無", "說明": "2023/01/04現勘結果: X186289 Y2525467", "保管人": "陳煌祥" }, "geometry": { "type": "Point", "coordinates": [ 120.347638136085422, 22.831177260857135 ] } },
{ "type": "Feature", "properties": { "工程（財產）名稱": "擋土牆", "工程（財產）別名": "105年阿公店水庫週邊零星工程", "財產編號": "1110102-0004 00-0000500", "保管單位": "阿管中心", "入帳日期(購置日期)": "2017-01-30", "清查日期": "2023/01/04", "地籍": "高雄市田寮區水蛙潭段44-30號", "座標X(1)": 189382.0, "座標Y(1)": 2524131.0, "座標X(2)": "189376", "座標Y(2)": "2524139", "有無貼牌": "是", "有無QRCode": "無", "說明": "高雄市田寮區水蛙潭段44-5號", "保管人": "陳煌祥" }, "geometry": { "type": "Point", "coordinates": [ 120.40947653113129, 22.816915360730981 ] } },
{ "type": "Feature", "properties": { "工程（財產）名稱": "擋土牆", "工程（財產）別名": "曾文壩區攔砂壩修復工", "財產編號": "1110102-0004 95-0000141", "保管單位": "曾管中心", "入帳日期(購置日期)": "2006-10-10", "清查日期": "2015/02/06", "地籍": "台南市東山區下南勢段1178號", "座標X(1)": 200497.64, "座標Y(1)": 2570987.52, "座標X(2)": null, "座標Y(2)": null, "有無貼牌": "--", "有無QRCode": "無", "說明": "曾庫公路過4號橋約1公里左側產業道路", "保管人": "陳乙震" }, "geometry": { "type": "Point", "coordinates": [ 120.51625104182834, 23.240412030448898 ] } },
{ "type": "Feature", "properties": { "工程（財產）名稱": "擋土牆", "工程（財產）別名": "達邦及里佳村道路及排水改善工程-50M2", "財產編號": "1110102-0004 00-0000287", "保管單位": "養護科", "入帳日期(購置日期)": "2010-12-31", "清查日期": "2019/10/01", "地籍": "嘉義縣阿里山鄉達邦段455-2號", "座標X(1)": 222670.0, "座標Y(1)": 2592396.0, "座標X(2)": null, "座標Y(2)": null, "有無貼牌": "--", "有無QRCode": "無", "說明": "C工區", "保管人": "吳宗翰" }, "geometry": { "type": "Point", "coordinates": [ 120.73253522447024, 23.43425365766663 ] } },
{ "type": "Feature", "properties": { "工程（財產）名稱": "擋土牆", "工程（財產）別名": "擋土牆/109年牡丹水庫集水區零星工程", "財產編號": "1110102-0004 00-0000610", "保管單位": "牡管中心", "入帳日期(購置日期)": "2021-03-25", "清查日期": "2024/05/11", "地籍": null, "座標X(1)": 232811.0, "座標Y(1)": 2455455.0, "座標X(2)": null, "座標Y(2)": null, "有無貼牌": "找不到", "有無QRCode": "無", "說明": null, "保管人": "賴冠吾" }, "geometry": { "type": "Point", "coordinates": [ 120.833291642077484, 22.197691009738897 ] } },
{ "type": "Feature", "properties": { "工程（財產）名稱": "擋土牆", "工程（財產）別名": "105年曾文水庫週邊零星工程", "財產編號": "1110102-0004 00-0000477", "保管單位": "養護科", "入帳日期(購置日期)": "2017-02-20", "清查日期": "--", "地籍": "嘉義縣大埔鄉大埔段1425號(公)", "座標X(1)": 207216.0, "座標Y(1)": 2572245.0, "座標X(2)": null, "座標Y(2)": null, "有無貼牌": "--", "有無QRCode": "無", "說明": null, "保管人": "吳宗翰" }, "geometry": { "type": "Point", "coordinates": [ 120.581867617185225, 23.251955750012481 ] } },
{ "type": "Feature", "properties": { "工程（財產）名稱": "護坡", "工程（財產）別名": "護坡", "財產編號": "1110102-003D 00-0000073", "保管單位": "曾管中心", "入帳日期(購置日期)": "2024-01-23", "清查日期": "--", "地籍": null, "座標X(1)": 200371.147, "座標Y(1)": 2570792.966, "座標X(2)": null, "座標Y(2)": null, "有無貼牌": "--", "有無QRCode": "無", "說明": "112年度曾文水庫邊坡整治工程工區4-1", "保管人": "周駿宏" }, "geometry": { "type": "Point", "coordinates": [ 120.51502130590012, 23.238651370636251 ] } },
{ "type": "Feature", "properties": { "工程（財產）名稱": "明渠", "工程（財產）別名": "曾文壩區野溪治理工程-115M", "財產編號": "1110101-029A 00-0000028", "保管單位": "曾管中心", "入帳日期(購置日期)": "2011-09-30", "清查日期": "2014/06/04", "地籍": "台南市東山區下南勢段948-10號", "座標X(1)": 200763.27, "座標Y(1)": 2571103.8, "座標X(2)": null, "座標Y(2)": null, "有無貼牌": "--", "有無QRCode": "無", "說明": "曾庫公路曾文之眼對面", "保管人": "陳乙震" }, "geometry": { "type": "Point", "coordinates": [ 120.51884300556334, 23.241470025284677 ] } },
{ "type": "Feature", "properties": { "工程（財產）名稱": "涼亭", "工程（財產）別名": "涼亭/109曾文水庫公共設施工程第一期", "財產編號": "2020202-005D 00-0000004", "保管單位": "曾管中心", "入帳日期(購置日期)": "2021-05-13", "清查日期": "2022/08/01", "地籍": "台南市楠西區旺萊宅段5-134號", "座標X(1)": 198506.0, "座標Y(1)": 2567642.0, "座標X(2)": null, "座標Y(2)": null, "有無貼牌": "是", "有無QRCode": "無", "說明": "面積41平方公尺", "保管人": "王昭文" }, "geometry": { "type": "Point", "coordinates": [ 120.496902031210837, 23.210140428611993 ] } },
{ "type": "Feature", "properties": { "工程（財產）名稱": "明渠", "工程（財產）別名": "曾文水上樂園道路掏空及邊坡整治-47M", "財產編號": "1110101-029A 00-0000024", "保管單位": "曾管中心", "入帳日期(購置日期)": "2010-09-27", "清查日期": "2012/11/12", "地籍": "嘉義縣大埔鄉柳藤潭段53-2號", "座標X(1)": 202969.26, "座標Y(1)": 2570977.49, "座標X(2)": null, "座標Y(2)": null, "有無貼牌": "--", "有無QRCode": "無", "說明": "位於曾庫公路大壩附近", "保管人": "陳乙震" }, "geometry": { "type": "Point", "coordinates": [ 120.540403999693268, 23.240393960131271 ] } },
{ "type": "Feature", "properties": { "工程（財產）名稱": "廢水處理場", "工程（財產）別名": "東山鄉污水處理乾燥設", "財產編號": "2020501-001A 91-0000001", "保管單位": "曾管中心", "入帳日期(購置日期)": "1996-03-01", "清查日期": "2022/06/22", "地籍": "未登錄土地;台南市東山區下南勢段1136號", "座標X(1)": 198896.34, "座標Y(1)": 2569624.41, "座標X(2)": "198867", "座標Y(2)": "2569619", "有無貼牌": "是", "有無QRCode": "無", "說明": "位於東口露營區", "保管人": "周駿宏" }, "geometry": { "type": "Point", "coordinates": [ 120.500649003708617, 23.228054023687186 ] } },
{ "type": "Feature", "properties": { "工程（財產）名稱": "廢水處理場", "工程（財產）別名": "廢水處理廠", "財產編號": "2020501-001A 93-0000003", "保管單位": "曾管中心", "入帳日期(購置日期)": "2004-12-31", "清查日期": "2022/10/19", "地籍": "台南市楠西區密枝段104-25號", "座標X(1)": 198693.13, "座標Y(1)": 2568360.67, "座標X(2)": "198692", "座標Y(2)": "2568370", "有無貼牌": "是", "有無QRCode": "無", "說明": "位於曾辦公區後端,土地公廟旁", "保管人": null }, "geometry": { "type": "Point", "coordinates": [ 120.498706029086179, 23.216635960477131 ] } },
{ "type": "Feature", "properties": { "工程（財產）名稱": "堤防", "工程（財產）別名": "莫拉克風災堤防搶修工程A段-堤防237.3M", "財產編號": "2020402-001A 00-0000006", "保管單位": "甲仙(堰區)", "入帳日期(購置日期)": "2010-12-31", "清查日期": "2024/07/15", "地籍": "東阿里421之198", "座標X(1)": 207419.67, "座標Y(1)": 2553784.93, "座標X(2)": "207426", "座標Y(2)": "2553776", "有無貼牌": "是", "有無QRCode": "無", "說明": null, "保管人": "洪瑞隆" }, "geometry": { "type": "Point", "coordinates": [ 120.584372963447919, 23.085260971506941 ] } },
{ "type": "Feature", "properties": { "工程（財產）名稱": "堤防", "工程（財產）別名": "高屏堰防洪牆加高工程-週邊防洪牆-201M", "財產編號": "2020402-001A 00-0000005", "保管單位": "高屏溪攔河堰", "入帳日期(購置日期)": "2010-12-31", "清查日期": "2022/08/26", "地籍": "位高雄市大樹區河川公地上無地籍資料", "座標X(1)": 192063.0, "座標Y(1)": 2509810.0, "座標X(2)": "192080", "座標Y(2)": "2509927", "有無貼牌": "是", "有無QRCode": "無", "說明": null, "保管人": "蔡易龍" }, "geometry": { "type": "Point", "coordinates": [ 120.436124082439548, 22.687683080672105 ] } },
{ "type": "Feature", "properties": { "工程（財產）名稱": "堤防", "工程（財產）別名": "莫拉克風災堤防搶修工程-C段-180m", "財產編號": "2020402-001A 00-0000002", "保管單位": "甲仙(堰區)", "入帳日期(購置日期)": "2010-10-26", "清查日期": "2021/10/05", "地籍": "東阿里421之146", "座標X(1)": 207683.8, "座標Y(1)": 2554149.73, "座標X(2)": "207685", "座標Y(2)": "2554143", "有無貼牌": "是", "有無QRCode": "無", "說明": null, "保管人": "洪瑞隆" }, "geometry": { "type": "Point", "coordinates": [ 120.586941020989698, 23.088562025476218 ] } },
{ "type": "Feature", "properties": { "工程（財產）名稱": "堤防", "工程（財產）別名": "莫拉克堤防搶修工程(B段)-220m", "財產編號": "2020402-001A 00-0000001", "保管單位": "甲仙(堰區)", "入帳日期(購置日期)": "2010-10-26", "清查日期": "2024/07/15", "地籍": "東阿里關段421-170號地(所有權:自來水公司)", "座標X(1)": 207486.18, "座標Y(1)": 2554043.98, "座標X(2)": "207485", "座標Y(2)": "2554032", "有無貼牌": "是", "有無QRCode": "無", "說明": null, "保管人": "洪瑞隆" }, "geometry": { "type": "Point", "coordinates": [ 120.585014973739192, 23.087602003722022 ] } },
{ "type": "Feature", "properties": { "工程（財產）名稱": "堤防", "工程（財產）別名": "高屏堰防洪牆加高工程-臨水測防洪牆-467M", "財產編號": "2020402-001A 00-0000004", "保管單位": "高屏溪攔河堰", "入帳日期(購置日期)": "2010-12-31", "清查日期": "2022/08/26", "地籍": "位高雄市大樹區大樹保安段河川公地上,無地籍資料", "座標X(1)": 192063.0, "座標Y(1)": 2509810.0, "座標X(2)": "192056", "座標Y(2)": "2509798", "有無貼牌": "是", "有無QRCode": "無", "說明": null, "保管人": "蔡易龍" }, "geometry": { "type": "Point", "coordinates": [ 120.436124082439548, 22.687683080672105 ] } },
{ "type": "Feature", "properties": { "工程（財產）名稱": "涼亭", "工程（財產）別名": "涼亭", "財產編號": "2020202-005A 94-0000004", "保管單位": "甲仙(堰區)", "入帳日期(購置日期)": "2005-10-31", "清查日期": "2024/07/15", "地籍": "東大邱園1407之7號(自來水公司)", "座標X(1)": 207206.0, "座標Y(1)": 2553692.0, "座標X(2)": "207232", "座標Y(2)": "2553687", "有無貼牌": "是", "有無QRCode": "無", "說明": null, "保管人": "洪瑞隆" }, "geometry": { "type": "Point", "coordinates": [ 120.582289964031588, 23.084416274477224 ] } },
{ "type": "Feature", "properties": { "工程（財產）名稱": "涼亭", "工程（財產）別名": "涼亭", "財產編號": "2020202-005A 93-0000003", "保管單位": "牡管中心", "入帳日期(購置日期)": "2004-07-25", "清查日期": "2021/05/11", "地籍": "屏東縣牡丹鄉牡丹段168號", "座標X(1)": 227621.2, "座標Y(1)": 2448089.6, "座標X(2)": null, "座標Y(2)": null, "有無貼牌": "是", "有無QRCode": "有", "說明": null, "保管人": "莊慶隆" }, "geometry": { "type": "Point", "coordinates": [ 120.783060395723936, 22.131110281727491 ] } },
{ "type": "Feature", "properties": { "工程（財產）名稱": "涼亭", "工程（財產）別名": "阿管園區廁所涼亭新建", "財產編號": "2020202-005A 00-0000005", "保管單位": "阿管中心", "入帳日期(購置日期)": "2008-04-16", "清查日期": "2025/01/21", "地籍": "高雄市燕巢區瓊東段572,198號", "座標X(1)": 183110.0, "座標Y(1)": 2522708.0, "座標X(2)": "183649", "座標Y(2)": "2522772", "有無貼牌": "是", "有無QRCode": "有", "說明": null, "保管人": "林堉介" }, "geometry": { "type": "Point", "coordinates": [ 120.348440489773097, 22.803827059872056 ] } },
{ "type": "Feature", "properties": { "工程（財產）名稱": "明渠", "工程（財產）別名": "106年週邊環境委辦零星工程", "財產編號": "1110101-029C 00-0000458", "保管單位": "高屏溪攔河堰", "入帳日期(購置日期)": "2018-01-17", "清查日期": "2024/11/25", "地籍": "興田段566,568,569,570,571,575,893,894,895,896地號等10筆", "座標X(1)": 193016.0, "座標Y(1)": 2515502.0, "座標X(2)": "193161", "座標Y(2)": "2515502", "有無貼牌": "是", "有無QRCode": "無", "說明": "113年11月25日現地盤點1.現地貼牌座標X193015 Y2515562", "保管人": "沈文忠" }, "geometry": { "type": "Point", "coordinates": [ 120.445191758316653, 22.739117865457125 ] } },
{ "type": "Feature", "properties": { "工程（財產）名稱": "明渠", "工程（財產）別名": "明渠/109曾文水庫湖域保護帶治理工程", "財產編號": "1110101-029C 00-0000564", "保管單位": "曾管中心", "入帳日期(購置日期)": "2021-01-22", "清查日期": "--", "地籍": null, "座標X(1)": 198489.0, "座標Y(1)": 2567522.0, "座標X(2)": null, "座標Y(2)": null, "有無貼牌": "--", "有無QRCode": "無", "說明": "明渠", "保管人": "周駿宏" }, "geometry": { "type": "Point", "coordinates": [ 120.496740003969563, 23.209056279617549 ] } },
{ "type": "Feature", "properties": { "工程（財產）名稱": "明渠", "工程（財產）別名": "明渠", "財產編號": "1110101-029C 00-0000448", "保管單位": "養護科", "入帳日期(購置日期)": "2012-12-31", "清查日期": "2019/10/01", "地籍": "嘉義縣大埔鄉大埔段1416-5號", "座標X(1)": 206326.0, "座標Y(1)": 2572368.0, "座標X(2)": null, "座標Y(2)": null, "有無貼牌": "--", "有無QRCode": "無", "說明": null, "保管人": "吳宗翰" }, "geometry": { "type": "Point", "coordinates": [ 120.573166206185803, 23.253043068764473 ] } },
{ "type": "Feature", "properties": { "工程（財產）名稱": "明渠", "工程（財產）別名": "102年度阿公店水庫集水區水土保持零星工程-", "財產編號": "1110101-029C 00-0000335", "保管單位": "阿管中心", "入帳日期(購置日期)": "2014-01-09", "清查日期": "2023/06/17", "地籍": "高雄市燕巢區援巢中段55號", "座標X(1)": 186607.63, "座標Y(1)": 2521900.42, "座標X(2)": "186626", "座標Y(2)": "2521888", "有無貼牌": "是", "有無QRCode": "無", "說明": null, "保管人": "陳煌祥" }, "geometry": { "type": "Point", "coordinates": [ 120.382541354041678, 22.796669836424446 ] } },
{ "type": "Feature", "properties": { "工程（財產）名稱": "明渠", "工程（財產）別名": "石門間路入口山溝56.2", "財產編號": "1110101-029C 95-0000024", "保管單位": "牡管中心", "入帳日期(購置日期)": "2006-12-29", "清查日期": "2022/05/04", "地籍": "屏東縣牡丹鄉牡丹段377-2號", "座標X(1)": 229189.24, "座標Y(1)": 2451512.74, "座標X(2)": "229169", "座標Y(2)": "2448226", "有無貼牌": "是", "有無QRCode": "無", "說明": null, "保管人": "周百欽" }, "geometry": { "type": "Point", "coordinates": [ 120.798216810954003, 22.162046340031058 ] } },
{ "type": "Feature", "properties": { "工程（財產）名稱": "明渠", "工程（財產）別名": "風景區公共設施-20M", "財產編號": "1110101-029C 00-0000035", "保管單位": "曾管中心", "入帳日期(購置日期)": "2008-11-29", "清查日期": "2018/10/25", "地籍": "台南市六甲區南勢坑段168,168,168-3", "座標X(1)": 195497.0, "座標Y(1)": 2567796.0, "座標X(2)": "195551", "座標Y(2)": "2567796", "有無貼牌": "--", "有無QRCode": "無", "說明": "座標X(3):195586(Y):2567884 位於烏山嶺中繼站道路", "保管人": "陳乙震" }, "geometry": { "type": "Point", "coordinates": [ 120.467499452175232, 23.211434286971592 ] } },
{ "type": "Feature", "properties": { "工程（財產）名稱": "明渠", "工程（財產）別名": "明渠/109高屏堰週邊委辦零星工程", "財產編號": "1110101-029C 00-0000561", "保管單位": "高屏溪攔河堰", "入帳日期(購置日期)": "2021-03-04", "清查日期": "2024/11/29", "地籍": "田寮段422,429,423地號等3筆土地", "座標X(1)": 192285.269, "座標Y(1)": 2515719.322, "座標X(2)": "192280.814", "座標Y(2)": "2515673.200", "有無貼牌": "是", "有無QRCode": "無", "說明": null, "保管人": "沈文忠" }, "geometry": { "type": "Point", "coordinates": [ 120.438069447269228, 22.741055554088071 ] } },
{ "type": "Feature", "properties": { "工程（財產）名稱": "明渠", "工程（財產）別名": "105高屏溪攔河堰上游週邊環境委辦零星工程", "財產編號": "1110101-029C 00-0000452", "保管單位": "高屏溪攔河堰", "入帳日期(購置日期)": "2017-04-17", "清查日期": "2024/11/27", "地籍": "溪埔段769,770等2筆地號", "座標X(1)": 192573.0, "座標Y(1)": 2513816.0, "座標X(2)": "192540", "座標Y(2)": "2513816", "有無貼牌": "是", "有無QRCode": "無", "說明": "113年11月27日盤點貼牌處97座標X192560 Y2513780", "保管人": "沈文忠" }, "geometry": { "type": "Point", "coordinates": [ 120.440940666029661, 22.723877225443637 ] } },
{ "type": "Feature", "properties": { "工程（財產）名稱": "明渠", "工程（財產）別名": "曾文番路大埔區處理工", "財產編號": "1110101-029C 94-0000010", "保管單位": "曾管中心", "入帳日期(購置日期)": "2005-12-30", "清查日期": "2012/11/02", "地籍": "嘉義縣大埔鄉大埔段1458-4號", "座標X(1)": 204980.92, "座標Y(1)": 2569691.67, "座標X(2)": null, "座標Y(2)": null, "有無貼牌": "--", "有無QRCode": "無", "說明": "位於台三線第四莊附近右轉", "保管人": "陳乙震" }, "geometry": { "type": "Point", "coordinates": [ 120.560100037714733, 23.228839016406617 ] } },
{ "type": "Feature", "properties": { "工程（財產）名稱": "明渠", "工程（財產）別名": "曾文南寮埔頂大埔區處", "財產編號": "1110101-029C 94-0000011", "保管單位": "曾管中心", "入帳日期(購置日期)": "2005-12-30", "清查日期": "2012/11/02", "地籍": "嘉義縣大埔鄉大埔段1484-44號", "座標X(1)": 202485.27, "座標Y(1)": 2570382.59, "座標X(2)": null, "座標Y(2)": null, "有無貼牌": "--", "有無QRCode": "無", "說明": "位於環湖道路右轉", "保管人": "陳乙震" }, "geometry": { "type": "Point", "coordinates": [ 120.535693036851001, 23.235008008825684 ] } },
{ "type": "Feature", "properties": { "工程（財產）名稱": "明渠", "工程（財產）別名": "明渠107阿公店水庫集水區水土保持零星工程", "財產編號": "1110101-029C 00-0000517", "保管單位": "阿管中心", "入帳日期(購置日期)": "2019-01-01", "清查日期": "2023/06/07", "地籍": "高雄市燕巢區援巢中段57-3地號", "座標X(1)": 186432.0, "座標Y(1)": 2521931.0, "座標X(2)": "186443", "座標Y(2)": "2521925", "有無貼牌": "是", "有無QRCode": "無", "說明": null, "保管人": "陳煌祥" }, "geometry": { "type": "Point", "coordinates": [ 120.380829500486598, 22.796939355279079 ] } },
{ "type": "Feature", "properties": { "工程（財產）名稱": "明渠", "工程（財產）別名": "阿公店排水整流工程", "財產編號": "1110101-029C 92-0000002", "保管單位": "阿管中心", "入帳日期(購置日期)": "2003-12-25", "清查日期": "--", "地籍": "起點:高雄市燕巢區尖山段381-90迄點:燕巢區瓊東段223號", "座標X(1)": 186848.0, "座標Y(1)": 2522849.0, "座標X(2)": "183886", "座標Y(2)": "2522849", "有無貼牌": "--", "有無QRCode": "無", "說明": null, "保管人": "呂元鈞" }, "geometry": { "type": "Point", "coordinates": [ 120.384844075563805, 22.805244978014475 ] } },
{ "type": "Feature", "properties": { "工程（財產）名稱": "擋土牆", "工程（財產）別名": "擋土牆/109年牡丹水庫集水區零星工程", "財產編號": "1110102-0004 00-0000609", "保管單位": "牡管中心", "入帳日期(購置日期)": "2021-03-25", "清查日期": "2024/05/11", "地籍": null, "座標X(1)": 232861.0, "座標Y(1)": 2455516.0, "座標X(2)": null, "座標Y(2)": null, "有無貼牌": "找不到", "有無QRCode": "無", "說明": null, "保管人": "賴冠吾" }, "geometry": { "type": "Point", "coordinates": [ 120.833775919507886, 22.198242433041329 ] } },
{ "type": "Feature", "properties": { "工程（財產）名稱": "擋土牆", "工程（財產）別名": "擋土牆(107年曾文水庫湖域保護帶治理第二期", "財產編號": "1110102-0004 00-0000522", "保管單位": "曾管中心", "入帳日期(購置日期)": "2018-11-20", "清查日期": "2018/11/20", "地籍": "嘉義縣大埔鄉", "座標X(1)": 201150.363, "座標Y(1)": 2570925.323, "座標X(2)": null, "座標Y(2)": null, "有無貼牌": "不須貼牌", "有無QRCode": "無", "說明": "曾庫五號橋下游左岸(X201150.363Y2570925.323)說明：RC擋土牆10.80m", "保管人": "周駿宏" }, "geometry": { "type": "Point", "coordinates": [ 120.522631433598761, 23.239869890036346 ] } },
{ "type": "Feature", "properties": { "工程（財產）名稱": "擋土牆", "工程（財產）別名": "環湖道路災害復建工程-32.2m2", "財產編號": "1110102-0004 95-0000146", "保管單位": "曾管中心", "入帳日期(購置日期)": "2006-11-29", "清查日期": "2023/02/23", "地籍": "嘉義縣大埔鄉柳籐潭段53號", "座標X(1)": 202801.28, "座標Y(1)": 2571153.33, "座標X(2)": "202665", "座標Y(2)": "2571525", "有無貼牌": "是", "有無QRCode": "無", "說明": "曾庫公路環湖道路隧道口1k處", "保管人": "周駿宏" }, "geometry": { "type": "Point", "coordinates": [ 120.538757040193261, 23.241977014767951 ] } },
{ "type": "Feature", "properties": { "工程（財產）名稱": "擋土牆", "工程（財產）別名": "擋土牆107阿公店集水區水土保持工程", "財產編號": "1110102-0004 00-0000525", "保管單位": "阿管中心", "入帳日期(購置日期)": "2019-01-01", "清查日期": "2019/04/01", "地籍": "高雄市燕巢區尖山段672-3及672 -4等地號", "座標X(1)": 185939.0, "座標Y(1)": 2523254.0, "座標X(2)": null, "座標Y(2)": null, "有無貼牌": "--", "有無QRCode": "無", "說明": null, "保管人": "陳煌祥" }, "geometry": { "type": "Point", "coordinates": [ 120.375973363933952, 22.808867890035639 ] } },
{ "type": "Feature", "properties": { "工程（財產）名稱": "擋土牆", "工程（財產）別名": "擋土牆", "財產編號": "1110102-0004 00-0000476", "保管單位": "養護科", "入帳日期(購置日期)": "2017-01-25", "清查日期": "2018/02/07", "地籍": "大埔段1460-8、1460-9、1460-11地號", "座標X(1)": 204582.0, "座標Y(1)": 2570593.0, "座標X(2)": null, "座標Y(2)": null, "有無貼牌": "--", "有無QRCode": "無", "說明": "1m~5.56(H)×90m(L) 1m(H)×56m(L)", "保管人": "吳宗翰" }, "geometry": { "type": "Point", "coordinates": [ 120.556175204474911, 23.23696724814231 ] } },
{ "type": "Feature", "properties": { "工程（財產）名稱": "擋土牆", "工程（財產）別名": "大埔水土保持零星工程", "財產編號": "1110102-0004 94-0000111", "保管單位": "養護科", "入帳日期(購置日期)": "2005-12-30", "清查日期": "2014/05/08", "地籍": "嘉義縣大埔鄉大埔段907-2號", "座標X(1)": 208568.12, "座標Y(1)": 2576778.3, "座標X(2)": null, "座標Y(2)": null, "有無貼牌": "--", "有無QRCode": "無", "說明": null, "保管人": "吳宗翰" }, "geometry": { "type": "Point", "coordinates": [ 120.594958016879502, 23.292926969446519 ] } },
{ "type": "Feature", "properties": { "工程（財產）名稱": "擋土牆", "工程（財產）別名": "壩區處理工程", "財產編號": "1110102-0004 91-0000052", "保管單位": "曾管中心", "入帳日期(購置日期)": "2002-12-31", "清查日期": "2014/06/10", "地籍": "台南市東山區笳令九湖段56號", "座標X(1)": 198933.02, "座標Y(1)": 2569915.83, "座標X(2)": null, "座標Y(2)": null, "有無貼牌": "--", "有無QRCode": "無", "說明": "位於東口露營區上方產業道路", "保管人": "陳乙震" }, "geometry": { "type": "Point", "coordinates": [ 120.500997624326047, 23.230686722405594 ] } },
{ "type": "Feature", "properties": { "工程（財產）名稱": "擋土牆", "工程（財產）別名": "曾文達邦區處理工程", "財產編號": "1110102-0004 94-0000119", "保管單位": "曾管中心", "入帳日期(購置日期)": "2005-12-30", "清查日期": "2013/06/14", "地籍": "嘉義縣阿里山鄉達邦段366號", "座標X(1)": 223606.06, "座標Y(1)": 2593301.74, "座標X(2)": null, "座標Y(2)": null, "有無貼牌": "是", "有無QRCode": "無", "說明": "達邦村(169線38.5k處左轉)", "保管人": "連偉成" }, "geometry": { "type": "Point", "coordinates": [ 120.741679996929591, 23.442448041927488 ] } },
{ "type": "Feature", "properties": { "工程（財產）名稱": "擋土牆", "工程（財產）別名": "鋼筋混凝土", "財產編號": "1110102-0004 00-0000472", "保管單位": "曾管中心", "入帳日期(購置日期)": "2016-11-15", "清查日期": "--", "地籍": null, "座標X(1)": 198520.0, "座標Y(1)": 2568400.0, "座標X(2)": null, "座標Y(2)": null, "有無貼牌": "不須貼牌", "有無QRCode": "無", "說明": null, "保管人": "周駿宏" }, "geometry": { "type": "Point", "coordinates": [ 120.497013182236302, 23.216985714455188 ] } },
{ "type": "Feature", "properties": { "工程（財產）名稱": "護坡", "工程（財產）別名": "護坡", "財產編號": "1110102-003D 00-0000079", "保管單位": "曾管中心", "入帳日期(購置日期)": "2024-01-23", "清查日期": "--", "地籍": null, "座標X(1)": 202893.148, "座標Y(1)": 2569753.003, "座標X(2)": null, "座標Y(2)": null, "有無貼牌": "--", "有無QRCode": "無", "說明": "112年度曾文水庫邊坡整治工程 工區9", "保管人": "周駿宏" }, "geometry": { "type": "Point", "coordinates": [ 120.539698157121933, 23.229334450561627 ] } },
{ "type": "Feature", "properties": { "工程（財產）名稱": "擋土牆", "工程（財產）別名": "擋土牆/109曾文水庫湖域保護帶第二期工程", "財產編號": "1110102-0004 00-0000616", "保管單位": "曾管中心", "入帳日期(購置日期)": "2021-01-22", "清查日期": "2021/01/22", "地籍": null, "座標X(1)": 208222.0, "座標Y(1)": 2577580.0, "座標X(2)": null, "座標Y(2)": null, "有無貼牌": "不須貼牌", "有無QRCode": "無", "說明": "擋土牆", "保管人": "周駿宏" }, "geometry": { "type": "Point", "coordinates": [ 120.591552284648884, 23.300157680271777 ] } },
{ "type": "Feature", "properties": { "工程（財產）名稱": "擋土牆", "工程（財產）別名": "擋土牆8109甲仙攔河堰蓄水範圍週邊排水零星", "財產編號": "1110102-0004 00-0000601", "保管單位": "甲仙攔河堰管理中心", "入帳日期(購置日期)": "2020-12-08", "清查日期": "2021/09/27", "地籍": null, "座標X(1)": 209188.0, "座標Y(1)": 2555774.0, "座標X(2)": null, "座標Y(2)": null, "有無貼牌": "是", "有無QRCode": "無", "說明": null, "保管人": "洪瑞隆" }, "geometry": { "type": "Point", "coordinates": [ 120.601580364834476, 23.103267566888828 ] } },
{ "type": "Feature", "properties": { "工程（財產）名稱": "擋土牆", "工程（財產）別名": "擋土牆/109年牡丹水庫集水區零星工程", "財產編號": "1110102-0004 00-0000608", "保管單位": "牡管中心", "入帳日期(購置日期)": "2021-03-25", "清查日期": "2024/05/11", "地籍": null, "座標X(1)": 232564.0, "座標Y(1)": 2454385.0, "座標X(2)": null, "座標Y(2)": null, "有無貼牌": "找不到", "有無QRCode": "無", "說明": null, "保管人": "賴冠吾" }, "geometry": { "type": "Point", "coordinates": [ 120.830907676665106, 22.188024722911848 ] } },
{ "type": "Feature", "properties": { "工程（財產）名稱": "擋土牆", "工程（財產）別名": "擋土牆/107曾文水庫湖域保護帶治理(第一期", "財產編號": "1110102-0004 00-0000569", "保管單位": "曾管中心", "入帳日期(購置日期)": "2018-11-26", "清查日期": "--", "地籍": null, "座標X(1)": 202916.127, "座標Y(1)": 2570356.855, "座標X(2)": null, "座標Y(2)": null, "有無貼牌": "--", "有無QRCode": "無", "說明": null, "保管人": "李勝雄" }, "geometry": { "type": "Point", "coordinates": [ 120.539903999340027, 23.234787999483508 ] } },
{ "type": "Feature", "properties": { "工程（財產）名稱": "擋土牆", "工程（財產）別名": "擋土牆/105曾文水庫主流樂野段河道護岸工程", "財產編號": "1110102-0004 00-0000572", "保管單位": "曾管中心", "入帳日期(購置日期)": "2017-05-15", "清查日期": "--", "地籍": "嘉義縣阿里山鄉樂野段542號(公)", "座標X(1)": 220176.0, "座標Y(1)": 2593880.0, "座標X(2)": null, "座標Y(2)": null, "有無貼牌": "--", "有無QRCode": "無", "說明": "擋土牆B段69公尺", "保管人": "許玿瑛" }, "geometry": { "type": "Point", "coordinates": [ 120.708098519831339, 23.447610626720767 ] } },
{ "type": "Feature", "properties": { "工程（財產）名稱": "擋土牆", "工程（財產）別名": "擋土牆/107曾文水庫湖域保護帶治理(第一期", "財產編號": "1110102-0004 00-0000571", "保管單位": "曾管中心", "入帳日期(購置日期)": "2018-11-26", "清查日期": "--", "地籍": null, "座標X(1)": 208041.306, "座標Y(1)": 2577751.307, "座標X(2)": null, "座標Y(2)": null, "有無貼牌": "--", "有無QRCode": "無", "說明": null, "保管人": "李勝雄" }, "geometry": { "type": "Point", "coordinates": [ 120.589780999513536, 23.301699998803066 ] } },
{ "type": "Feature", "properties": { "工程（財產）名稱": "擋土牆", "工程（財產）別名": "105年曾文水庫週邊零星工程(達邦村)", "財產編號": "1110102-0004 00-0000481", "保管單位": "養護科", "入帳日期(購置日期)": "2017-06-05", "清查日期": "--", "地籍": "阿里山鄉特富野段331-2號-達邦村", "座標X(1)": 225100.0, "座標Y(1)": 2595304.0, "座標X(2)": null, "座標Y(2)": null, "有無貼牌": "--", "有無QRCode": "無", "說明": "A工區", "保管人": "吳宗翰" }, "geometry": { "type": "Point", "coordinates": [ 120.756268048796059, 23.460552234945993 ] } },
{ "type": "Feature", "properties": { "工程（財產）名稱": "擋土牆", "工程（財產）別名": "擋土牆/107曾文水庫湖域保護帶治理(第一期", "財產編號": "1110102-0004 00-0000570", "保管單位": "曾管中心", "入帳日期(購置日期)": "2018-11-26", "清查日期": "--", "地籍": null, "座標X(1)": 202745.54, "座標Y(1)": 2570263.378, "座標X(2)": null, "座標Y(2)": null, "有無貼牌": "--", "有無QRCode": "無", "說明": null, "保管人": "李勝雄" }, "geometry": { "type": "Point", "coordinates": [ 120.538239996646652, 23.23393899701059 ] } },
{ "type": "Feature", "properties": { "工程（財產）名稱": "擋土牆", "工程（財產）別名": "擋土牆路面", "財產編號": "1110102-0004 00-0000463", "保管單位": "養護科", "入帳日期(購置日期)": "2016-01-14", "清查日期": "--", "地籍": null, "座標X(1)": 220106.0, "座標Y(1)": 2581620.0, "座標X(2)": null, "座標Y(2)": null, "有無貼牌": "--", "有無QRCode": "無", "說明": null, "保管人": "吳宗翰" }, "geometry": { "type": "Point", "coordinates": [ 120.707656483020756, 23.336899475498619 ] } },
{ "type": "Feature", "properties": { "工程（財產）名稱": "擋土牆", "工程（財產）別名": "牡丹水庫佳洛峒橋下游右岸坍方保護工程", "財產編號": "1110102-0004 00-0000318", "保管單位": "牡管中心", "入帳日期(購置日期)": "2012-01-11", "清查日期": "2022/03/08", "地籍": "屏東縣牡丹鄉牡丹段944號", "座標X(1)": 227250.0, "座標Y(1)": 2450424.0, "座標X(2)": "227203", "座標Y(2)": "2450456", "有無貼牌": "是", "有無QRCode": "無", "說明": null, "保管人": "薛智揚" }, "geometry": { "type": "Point", "coordinates": [ 120.779429176994057, 22.152188905477054 ] } },
{ "type": "Feature", "properties": { "工程（財產）名稱": "擋土牆", "工程（財產）別名": "壩區處理工程", "財產編號": "1110102-0004 91-0000051", "保管單位": "曾管中心", "入帳日期(購置日期)": "2002-12-31", "清查日期": "2014/06/10", "地籍": "台南市東山區笳令九湖段53號", "座標X(1)": 198941.14, "座標Y(1)": 2569915.83, "座標X(2)": null, "座標Y(2)": null, "有無貼牌": "--", "有無QRCode": "無", "說明": "位於東口露營區上方產業道路", "保管人": "陳乙震" }, "geometry": { "type": "Point", "coordinates": [ 120.501076966798266, 23.230686974278264 ] } },
{ "type": "Feature", "properties": { "工程（財產）名稱": "擋土牆", "工程（財產）別名": "105年曾文水庫週邊零星工程", "財產編號": "1110102-0004 00-0000478", "保管單位": "養護科", "入帳日期(購置日期)": "2017-02-20", "清查日期": "--", "地籍": "嘉義縣大埔鄉大埔段876號(公)", "座標X(1)": 208877.0, "座標Y(1)": 2577952.0, "座標X(2)": null, "座標Y(2)": null, "有無貼牌": "--", "有無QRCode": "無", "說明": null, "保管人": "吳宗翰" }, "geometry": { "type": "Point", "coordinates": [ 120.59794575369591, 23.303533450461174 ] } },
{ "type": "Feature", "properties": { "工程（財產）名稱": "護坡", "工程（財產）別名": "植生護坡/107年曾文水庫公共設施二期工程", "財產編號": "1110102-003D 00-0000051", "保管單位": "曾管中心", "入帳日期(購置日期)": "2019-04-27", "清查日期": "--", "地籍": null, "座標X(1)": 200374.254, "座標Y(1)": 2570813.402, "座標X(2)": null, "座標Y(2)": null, "有無貼牌": "--", "有無QRCode": "無", "說明": null, "保管人": "周駿宏" }, "geometry": { "type": "Point", "coordinates": [ 120.515051000090864, 23.238836004252725 ] } },
{ "type": "Feature", "properties": { "工程（財產）名稱": "擋土牆", "工程（財產）別名": "鋼筋混凝土", "財產編號": "1110102-0004 00-0000473", "保管單位": "曾管中心", "入帳日期(購置日期)": "2016-11-15", "清查日期": "2024/02/17", "地籍": "嘉義縣大埔鄉柳藤潭段14-3號", "座標X(1)": 202577.0, "座標Y(1)": 2572413.0, "座標X(2)": "202575", "座標Y(2)": "2572416", "有無貼牌": "是", "有無QRCode": "無", "說明": "曾文工作碼頭往竹崙約300公尺處", "保管人": "周駿宏" }, "geometry": { "type": "Point", "coordinates": [ 120.536526046730472, 23.253345582966261 ] } },
{ "type": "Feature", "properties": { "工程（財產）名稱": "護坡", "工程（財產）別名": "護坡", "財產編號": "1110102-003D 00-0000078", "保管單位": "曾管中心", "入帳日期(購置日期)": "2024-01-23", "清查日期": "--", "地籍": null, "座標X(1)": 203279.998, "座標Y(1)": 2571027.214, "座標X(2)": null, "座標Y(2)": null, "有無貼牌": "--", "有無QRCode": "無", "說明": "112年度曾文水庫邊坡整治工程 工區8-1", "保管人": "周駿宏" }, "geometry": { "type": "Point", "coordinates": [ 120.543439005429917, 23.240851828902816 ] } },
{ "type": "Feature", "properties": { "工程（財產）名稱": "護坡", "工程（財產）別名": "護坡", "財產編號": "1110102-003D 00-0000077", "保管單位": "曾管中心", "入帳日期(購置日期)": "2024-01-23", "清查日期": "--", "地籍": null, "座標X(1)": 203242.274, "座標Y(1)": 2570965.251, "座標X(2)": null, "座標Y(2)": null, "有無貼牌": "--", "有無QRCode": "無", "說明": "112年度曾文水庫邊坡整治工程 工區8", "保管人": "周駿宏" }, "geometry": { "type": "Point", "coordinates": [ 120.543072270426862, 23.240291220698122 ] } },
{ "type": "Feature", "properties": { "工程（財產）名稱": "護坡", "工程（財產）別名": "護坡", "財產編號": "1110102-003D 00-0000076", "保管單位": "曾管中心", "入帳日期(購置日期)": "2024-01-23", "清查日期": "--", "地籍": null, "座標X(1)": 201738.661, "座標Y(1)": 2571543.818, "座標X(2)": null, "座標Y(2)": null, "有無貼牌": "--", "有無QRCode": "無", "說明": "112年度曾文水庫邊坡整治工程工區7", "保管人": "周駿宏" }, "geometry": { "type": "Point", "coordinates": [ 120.528360615799016, 23.245472353683223 ] } },
{ "type": "Feature", "properties": { "工程（財產）名稱": "擋土牆", "工程（財產）別名": "達邦伊斯基亞拿道路", "財產編號": "1110102-0004 93-0000104", "保管單位": "養護科", "入帳日期(購置日期)": "2004-12-31", "清查日期": "2014/05/05", "地籍": "嘉義縣阿里山鄉達邦段30號", "座標X(1)": 226249.48, "座標Y(1)": 2593508.63, "座標X(2)": null, "座標Y(2)": null, "有無貼牌": "--", "有無QRCode": "無", "說明": "長375米含路面", "保管人": "吳宗翰" }, "geometry": { "type": "Point", "coordinates": [ 120.767547957555465, 23.444356961163756 ] } },
{ "type": "Feature", "properties": { "工程（財產）名稱": "擋土牆", "工程（財產）別名": "普陀山及東口道路災害", "財產編號": "1110102-0004 91-0000037", "保管單位": "曾管中心", "入帳日期(購置日期)": "2001-12-31", "清查日期": "2015/02/06", "地籍": "台南市楠西區汪萊宅段34-3號", "座標X(1)": 197939.29, "座標Y(1)": 2566453.47, "座標X(2)": null, "座標Y(2)": null, "有無貼牌": "--", "有無QRCode": "無", "說明": "曾庫公路小普陀山下方轉彎處", "保管人": "陳乙震" }, "geometry": { "type": "Point", "coordinates": [ 120.491406038223772, 23.199390023070034 ] } },
{ "type": "Feature", "properties": { "工程（財產）名稱": "擋土牆", "工程（財產）別名": "集水區山坡地保育工程", "財產編號": "1110102-0004 91-0000018", "保管單位": "曾管中心", "入帳日期(購置日期)": "1996-06-15", "清查日期": "2023/02/15", "地籍": "嘉義縣阿里山鄉特富野段348-1號", "座標X(1)": 225723.67, "座標Y(1)": 2595103.04, "座標X(2)": "225730", "座標Y(2)": "2595094", "有無貼牌": "是", "有無QRCode": "無", "說明": "特富野村上方產業道路", "保管人": "連偉成" }, "geometry": { "type": "Point", "coordinates": [ 120.762376006575295, 23.458746958272179 ] } },
{ "type": "Feature", "properties": { "工程（財產）名稱": "擋土牆", "工程（財產）別名": "環湖道路災害復建工程-37.8m2", "財產編號": "1110102-0004 95-0000145", "保管單位": "曾管中心", "入帳日期(購置日期)": "2006-11-29", "清查日期": "2015/08/20", "地籍": "嘉義縣大埔鄉大埔段1484-84號", "座標X(1)": 202663.15, "座標Y(1)": 2569940.17, "座標X(2)": null, "座標Y(2)": null, "有無貼牌": "--", "有無QRCode": "無", "說明": "曾庫公路13.5k處", "保管人": "周駿宏" }, "geometry": { "type": "Point", "coordinates": [ 120.537444978048555, 23.231018004667423 ] } },
{ "type": "Feature", "properties": { "工程（財產）名稱": "擋土牆", "工程（財產）別名": "風景區公共設施一期", "財產編號": "1110102-0004 92-0000078", "保管單位": "曾管中心", "入帳日期(購置日期)": "2003-10-02", "清查日期": "2015/04/20", "地籍": "嘉義縣大埔鄉柳籐潭段11-1號", "座標X(1)": 202658.85, "座標Y(1)": 2572123.86, "座標X(2)": null, "座標Y(2)": null, "有無貼牌": "--", "有無QRCode": "無", "說明": "大壩紀念碑後方", "保管人": "陳乙震" }, "geometry": { "type": "Point", "coordinates": [ 120.5373349702826, 23.25073696308403 ] } },
{ "type": "Feature", "properties": { "工程（財產）名稱": "擋土牆", "工程（財產）別名": "潭坪-擋土牆-80M2", "財產編號": "1110102-0004 00-0000252", "保管單位": "曾管中心", "入帳日期(購置日期)": "2009-12-31", "清查日期": "2015/04/02", "地籍": "嘉義縣大埔鄉大埔段1484-43號", "座標X(1)": 202388.58, "座標Y(1)": 2571282.99, "座標X(2)": null, "座標Y(2)": null, "有無貼牌": "--", "有無QRCode": "無", "說明": "環湖道路過隧道後產業道路右轉", "保管人": "陳乙震" }, "geometry": { "type": "Point", "coordinates": [ 120.53472002848828, 23.243135974427673 ] } },
{ "type": "Feature", "properties": { "工程（財產）名稱": "擋土牆", "工程（財產）別名": "茶山至大埔橋間大埔山", "財產編號": "1110102-0004 91-0000009", "保管單位": "曾管中心", "入帳日期(購置日期)": "1996-06-01", "清查日期": "2014/08/13", "地籍": "嘉義縣阿里山鄉茶西段37號", "座標X(1)": 215136.68, "座標Y(1)": 2577689.17, "座標X(2)": null, "座標Y(2)": null, "有無貼牌": "--", "有無QRCode": "無", "說明": "位於129線曾文溪茶山橋北邊約1公里", "保管人": "陳乙震" }, "geometry": { "type": "Point", "coordinates": [ 120.659150968045097, 23.301305012017828 ] } },
{ "type": "Feature", "properties": { "工程（財產）名稱": "擋土牆", "工程（財產）別名": "阿公店頭條崙和興下店(工區8)-105M2", "財產編號": "1110102-0004 00-0000311", "保管單位": "阿管中心", "入帳日期(購置日期)": "2011-12-31", "清查日期": "2012/05/22", "地籍": "高雄市田寮區牛稠埔段500-11號", "座標X(1)": 185146.0, "座標Y(1)": 2525559.0, "座標X(2)": null, "座標Y(2)": null, "有無貼牌": "--", "有無QRCode": "無", "說明": null, "保管人": "呂元鈞" }, "geometry": { "type": "Point", "coordinates": [ 120.368152976797688, 22.829652516922739 ] } },
{ "type": "Feature", "properties": { "工程（財產）名稱": "擋土牆", "工程（財產）別名": "南寮-擋土牆-120M2", "財產編號": "1110102-0004 00-0000248", "保管單位": "曾管中心", "入帳日期(購置日期)": "2009-12-31", "清查日期": "2015/03/13", "地籍": "嘉義縣大埔鄉南寮段31號", "座標X(1)": 204886.17, "座標Y(1)": 2582960.75, "座標X(2)": null, "座標Y(2)": null, "有無貼牌": "--", "有無QRCode": "無", "說明": "南寮產業道路", "保管人": "陳乙震" }, "geometry": { "type": "Point", "coordinates": [ 120.558779462128982, 23.348658038487006 ] } },
{ "type": "Feature", "properties": { "工程（財產）名稱": "擋土牆", "工程（財產）別名": "南寮大浦區工程-840M2", "財產編號": "1110102-0004 95-0000156", "保管單位": "曾管中心", "入帳日期(購置日期)": "2006-12-29", "清查日期": "2013/03/12", "地籍": "嘉義縣大埔鄉南寮16號", "座標X(1)": 206315.55, "座標Y(1)": 2583676.6, "座標X(2)": null, "座標Y(2)": null, "有無貼牌": "--", "有無QRCode": "無", "說明": "南寮產業道路", "保管人": "陳乙震" }, "geometry": { "type": "Point", "coordinates": [ 120.572738029062094, 23.355160992288681 ] } },
{ "type": "Feature", "properties": { "工程（財產）名稱": "擋土牆", "工程（財產）別名": "擋土牆", "財產編號": "1110102-0004 00-0000475", "保管單位": "曾管中心", "入帳日期(購置日期)": "2016-12-08", "清查日期": "--", "地籍": "台南市楠西區密枝段1-59", "座標X(1)": 202885.0, "座標Y(1)": 2566900.0, "座標X(2)": null, "座標Y(2)": null, "有無貼牌": "--", "有無QRCode": "無", "說明": null, "保管人": "李勝雄" }, "geometry": { "type": "Point", "coordinates": [ 120.539706827932093, 23.203571039804089 ] } },
{ "type": "Feature", "properties": { "工程（財產）名稱": "擋土牆", "工程（財產）別名": "達邦潮州潮-660M2", "財產編號": "1110102-0004 00-0000172", "保管單位": "曾管中心", "入帳日期(購置日期)": "2007-12-31", "清查日期": "2022/12/26", "地籍": "嘉義縣番路鄉公田段262、264號", "座標X(1)": 216225.43, "座標Y(1)": 2592317.94, "座標X(2)": null, "座標Y(2)": null, "有無貼牌": "找不到", "有無QRCode": "無", "說明": "111年12月29日找不到此筆財產", "保管人": "連偉成" }, "geometry": { "type": "Point", "coordinates": [ 120.669467992362328, 23.433427990551628 ] } },
{ "type": "Feature", "properties": { "工程（財產）名稱": "擋土牆", "工程（財產）別名": "103年曾文水庫週邊零星工程(里佳村)", "財產編號": "1110102-0004 00-0000431", "保管單位": "養護科", "入帳日期(購置日期)": "2015-09-01", "清查日期": "--", "地籍": "多陽段7號", "座標X(1)": 222964.0, "座標Y(1)": 2588576.0, "座標X(2)": null, "座標Y(2)": null, "有無貼牌": "--", "有無QRCode": "無", "說明": "97座標", "保管人": "吳宗翰" }, "geometry": { "type": "Point", "coordinates": [ 120.735481020774557, 23.399763342598927 ] } },
{ "type": "Feature", "properties": { "工程（財產）名稱": "擋土牆", "工程（財產）別名": "曾文新美區處理工程", "財產編號": "1110102-0004 94-0000118", "保管單位": "曾管中心", "入帳日期(購置日期)": "2005-12-30", "清查日期": "2022/12/21", "地籍": "嘉義縣阿里山鄉新美段208-1號及240號", "座標X(1)": 217579.08, "座標Y(1)": 2581299.36, "座標X(2)": "217477", "座標Y(2)": "2581639", "有無貼牌": "是", "有無QRCode": "無", "說明": null, "保管人": "連偉成" }, "geometry": { "type": "Point", "coordinates": [ 120.682952033979362, 23.333955956316355 ] } },
{ "type": "Feature", "properties": { "工程（財產）名稱": "擋土牆", "工程（財產）別名": "上牡丹擋土牆-13.75M2", "財產編號": "1110102-0004 00-0000262", "保管單位": "牡管中心", "入帳日期(購置日期)": "2010-04-27", "清查日期": "2024/05/06", "地籍": "屏東縣牡丹鄉東源段9500-1401號(暫編地號)未登陸地(國有地)", "座標X(1)": 233998.0, "座標Y(1)": 2453649.0, "座標X(2)": "234006", "座標Y(2)": "2453648", "有無貼牌": "是", "有無QRCode": "無", "說明": "1.兩側擋土牆,面積共13.75平方公尺2.紅屋兩側擋土牆皆長滿草!", "保管人": "周百欽" }, "geometry": { "type": "Point", "coordinates": [ 120.844821702434601, 22.181391291646531 ] } },
{ "type": "Feature", "properties": { "工程（財產）名稱": "擋土牆", "工程（財產）別名": "擋土牆/108曾文水庫週邊零星(續辦)工程", "財產編號": "1110102-0004 00-0000566", "保管單位": "養護科", "入帳日期(購置日期)": "2020-02-12", "清查日期": "--", "地籍": "嘉義縣大埔段773-10地號", "座標X(1)": 211814.0, "座標Y(1)": 2577984.0, "座標X(2)": null, "座標Y(2)": null, "有無貼牌": "--", "有無QRCode": "無", "說明": "擋土牆57公尺", "保管人": "吳宗翰" }, "geometry": { "type": "Point", "coordinates": [ 120.626659125832006, 23.303893413155613 ] } },
{ "type": "Feature", "properties": { "工程（財產）名稱": "擋土牆", "工程（財產）別名": "擋土牆", "財產編號": "1110102-0004 93-0000089", "保管單位": "甲仙(堰區)", "入帳日期(購置日期)": "2004-12-31", "清查日期": "2022/01/07", "地籍": "甲仙區東阿里關段3032", "座標X(1)": 209101.63, "座標Y(1)": 2558253.14, "座標X(2)": "209091", "座標Y(2)": "2558215", "有無貼牌": "是", "有無QRCode": "無", "說明": null, "保管人": "洪瑞隆" }, "geometry": { "type": "Point", "coordinates": [ 120.600670991213462, 23.1256530272329 ] } },
{ "type": "Feature", "properties": { "工程（財產）名稱": "擋土牆", "工程（財產）別名": "達邦至特富野道路", "財產編號": "1110102-0004 93-0000105", "保管單位": "養護科", "入帳日期(購置日期)": "2004-12-31", "清查日期": "2014/05/05", "地籍": "嘉義縣阿里山鄉特富野段226號", "座標X(1)": 225451.11, "座標Y(1)": 2595723.98, "座標X(2)": null, "座標Y(2)": null, "有無貼牌": "--", "有無QRCode": "無", "說明": null, "保管人": "吳宗翰" }, "geometry": { "type": "Point", "coordinates": [ 120.759697976781638, 23.464350038987124 ] } },
{ "type": "Feature", "properties": { "工程（財產）名稱": "擋土牆", "工程（財產）別名": "環湖道路災害復建工程-319.7m2", "財產編號": "1110102-0004 95-0000144", "保管單位": "曾管中心", "入帳日期(購置日期)": "2006-11-29", "清查日期": "2015/08/20", "地籍": "嘉義縣大埔鄉大埔段1484-21號", "座標X(1)": 203159.37, "座標Y(1)": 2569929.74, "座標X(2)": null, "座標Y(2)": null, "有無貼牌": "--", "有無QRCode": "無", "說明": "曾庫公路14.5k處", "保管人": "周駿宏" }, "geometry": { "type": "Point", "coordinates": [ 120.542294023960537, 23.230938014326291 ] } },
{ "type": "Feature", "properties": { "工程（財產）名稱": "擋土牆", "工程（財產）別名": "西興村水土保持工程", "財產編號": "1110102-0004 91-0000043", "保管單位": "養護科", "入帳日期(購置日期)": "2002-12-31", "清查日期": "2014/07/01", "地籍": "嘉義縣大埔鄉大埔段1325-86號", "座標X(1)": 206882.95, "座標Y(1)": 2573506.32, "座標X(2)": null, "座標Y(2)": null, "有無貼牌": "--", "有無QRCode": "無", "說明": null, "保管人": "吳宗翰" }, "geometry": { "type": "Point", "coordinates": [ 120.578576951927872, 23.263337019104139 ] } },
{ "type": "Feature", "properties": { "工程（財產）名稱": "擋土牆", "工程（財產）別名": "南寮區處理工程-320M2", "財產編號": "1110102-0004 00-0000177", "保管單位": "曾管中心", "入帳日期(購置日期)": "2007-12-31", "清查日期": "2012/11/14", "地籍": "嘉義縣大埔鄉南寮段16號", "座標X(1)": 206266.0, "座標Y(1)": 2583482.95, "座標X(2)": null, "座標Y(2)": null, "有無貼牌": "--", "有無QRCode": "無", "說明": "位於南寮產業道路謝文科住處下方", "保管人": "陳乙震" }, "geometry": { "type": "Point", "coordinates": [ 120.572259013920146, 23.353410994195798 ] } },
{ "type": "Feature", "properties": { "工程（財產）名稱": "擋土牆", "工程（財產）別名": "擋土牆", "財產編號": "1110102-0004 93-0000090", "保管單位": "甲仙(堰區)", "入帳日期(購置日期)": "2004-12-31", "清查日期": "2024/07/23", "地籍": "高雄市甲仙區東大邱園段一小段1549號", "座標X(1)": 206786.0, "座標Y(1)": 2553814.0, "座標X(2)": "206863", "座標Y(2)": "2553764", "有無貼牌": "是", "有無QRCode": "無", "說明": "依照座標現場定位，為109年林務局興建之排水溝護岸，原有構造物或已毀損。", "保管人": "洪瑞隆" }, "geometry": { "type": "Point", "coordinates": [ 120.578187013516867, 23.085507087619423 ] } },
{ "type": "Feature", "properties": { "工程（財產）名稱": "擋土牆", "工程（財產）別名": "曾文湖域保護帶治理工程第一工區-284m2", "財產編號": "1110102-0004 00-0000304", "保管單位": "曾管中心", "入帳日期(購置日期)": "2011-12-31", "清查日期": "2015/05/08", "地籍": "台南市東山區下南勢段946-15號", "座標X(1)": 201828.32, "座標Y(1)": 2572041.6, "座標X(2)": null, "座標Y(2)": null, "有無貼牌": "--", "有無QRCode": "無", "說明": "曾庫公路電廠入口上方100公尺", "保管人": "周駿宏" }, "geometry": { "type": "Point", "coordinates": [ 120.529221018824416, 23.249970026334392 ] } },
{ "type": "Feature", "properties": { "工程（財產）名稱": "擋土牆", "工程（財產）別名": "J工區-6M", "財產編號": "1110102-0004 00-0000226", "保管單位": "養護科", "入帳日期(購置日期)": "2009-05-26", "清查日期": "2019/10/01", "地籍": "嘉義縣大埔鄉草嶺段5號", "座標X(1)": 208595.0, "座標Y(1)": 2572442.0, "座標X(2)": "208595", "座標Y(2)": "2572442", "有無貼牌": "--", "有無QRCode": "無", "說明": null, "保管人": "吳宗翰" }, "geometry": { "type": "Point", "coordinates": [ 120.595339091761389, 23.253770002015067 ] } },
{ "type": "Feature", "properties": { "工程（財產）名稱": "擋土牆", "工程（財產）別名": "西興村水土保持工程", "財產編號": "1110102-0004 92-0000062", "保管單位": "養護科", "入帳日期(購置日期)": "2003-11-10", "清查日期": "2014/03/11", "地籍": "嘉義縣大埔鄉大埔段1445-160號", "座標X(1)": 206429.1, "座標Y(1)": 2570301.62, "座標X(2)": null, "座標Y(2)": null, "有無貼牌": "--", "有無QRCode": "無", "說明": null, "保管人": "吳宗翰" }, "geometry": { "type": "Point", "coordinates": [ 120.574233023453516, 23.234385963683135 ] } },
{ "type": "Feature", "properties": { "工程（財產）名稱": "擋土牆", "工程（財產）別名": "平實三號橋工程-267m2", "財產編號": "1110102-0004 00-0000257", "保管單位": "牡管中心", "入帳日期(購置日期)": "2010-04-27", "清查日期": "2021/03/08", "地籍": "屏東縣牡丹鄉牡丹段9500-1605號", "座標X(1)": 231628.0, "座標Y(1)": 2449709.0, "座標X(2)": "230940", "座標Y(2)": "2449970", "有無貼牌": "是", "有無QRCode": "無", "說明": "為111010203E010石籠護坡的底座(被埋在地底下),因材質為混凝土,使用年限不同,故另成立一個財產,面積為267平方公尺", "保管人": "周百欽" }, "geometry": { "type": "Point", "coordinates": [ 120.821883678494757, 22.145783150878522 ] } },
{ "type": "Feature", "properties": { "工程（財產）名稱": "擋土牆", "工程（財產）別名": "曾文水保(新美區)", "財產編號": "1110102-0004 93-0000093", "保管單位": "曾管中心", "入帳日期(購置日期)": "2004-12-31", "清查日期": "2022/12/27", "地籍": "嘉義縣阿里山鄉新美段165-5號", "座標X(1)": 216803.58, "座標Y(1)": 2581656.11, "座標X(2)": "216759", "座標Y(2)": "2581665", "有無貼牌": "是", "有無QRCode": "無", "說明": null, "保管人": "連偉成" }, "geometry": { "type": "Point", "coordinates": [ 120.67536059198703, 23.337161949982335 ] } },
{ "type": "Feature", "properties": { "工程（財產）名稱": "擋土牆", "工程（財產）別名": "曾文水保(分水嶺區)處", "財產編號": "1110102-0004 93-0000092", "保管單位": "曾管中心", "入帳日期(購置日期)": "2004-12-31", "清查日期": "2014/09/03", "地籍": "嘉義縣大埔鄉南寮段16號", "座標X(1)": 207008.28, "座標Y(1)": 2583685.54, "座標X(2)": null, "座標Y(2)": null, "有無貼牌": "--", "有無QRCode": "無", "說明": "位於石觀音產業道路", "保管人": "陳乙震" }, "geometry": { "type": "Point", "coordinates": [ 120.579512976400522, 23.355260067378612 ] } },
{ "type": "Feature", "properties": { "工程（財產）名稱": "擋土牆", "工程（財產）別名": "101年度曾文水庫週邊零星工程--和平村", "財產編號": "1110102-0004 00-0000331", "保管單位": "養護科", "入帳日期(購置日期)": "2012-11-29", "清查日期": "2014/08/21", "地籍": "嘉義縣大埔鄉射兔潭段87地號", "座標X(1)": 212964.0, "座標Y(1)": 2577634.0, "座標X(2)": null, "座標Y(2)": null, "有無貼牌": "--", "有無QRCode": "無", "說明": "F工區U型溝擋土牆2.8m(H)×18m(L)", "保管人": "吳宗翰" }, "geometry": { "type": "Point", "coordinates": [ 120.63791094403372, 23.300759206839629 ] } },
{ "type": "Feature", "properties": { "工程（財產）名稱": "擋土牆", "工程（財產）別名": "埤底石壁頭區治理工程", "財產編號": "1110102-0004 91-0000049", "保管單位": "曾管中心", "入帳日期(購置日期)": "2002-12-31", "清查日期": "2012/11/15", "地籍": "嘉義縣大埔鄉大埔段16號", "座標X(1)": 206276.03, "座標Y(1)": 2583556.23, "座標X(2)": null, "座標Y(2)": null, "有無貼牌": "--", "有無QRCode": "無", "說明": "南寮謝文科住家後方", "保管人": "陳乙震" }, "geometry": { "type": "Point", "coordinates": [ 120.572354989809099, 23.354072986363963 ] } },
{ "type": "Feature", "properties": { "工程（財產）名稱": "擋土牆", "工程（財產）別名": "達邦道路水保零星工程", "財產編號": "1110102-0004 93-0000103", "保管單位": "養護科", "入帳日期(購置日期)": "2004-12-31", "清查日期": "2014/05/05", "地籍": "嘉義縣阿里山鄉特富野段225號", "座標X(1)": 225529.68, "座標Y(1)": 2595850.09, "座標X(2)": null, "座標Y(2)": null, "有無貼牌": "--", "有無QRCode": "無", "說明": null, "保管人": "吳宗翰" }, "geometry": { "type": "Point", "coordinates": [ 120.760465015706544, 23.465490010838824 ] } },
{ "type": "Feature", "properties": { "工程（財產）名稱": "擋土牆", "工程（財產）別名": "擋土牆/105曾文水庫主流樂野段河道護岸工程", "財產編號": "1110102-0004 00-0000573", "保管單位": "曾管中心", "入帳日期(購置日期)": "2017-05-15", "清查日期": "--", "地籍": "嘉義縣阿里山鄉烏茲那段63號(公)", "座標X(1)": 219667.0, "座標Y(1)": 2593743.0, "座標X(2)": null, "座標Y(2)": null, "有無貼牌": "--", "有無QRCode": "無", "說明": "擋土牆D段125公尺", "保管人": "許玿瑛" }, "geometry": { "type": "Point", "coordinates": [ 120.703119513997251, 23.446364105455249 ] } },
{ "type": "Feature", "properties": { "工程（財產）名稱": "基礎", "工程（財產）別名": "基礎/高屏堰興田伏流水發電機備授電力平台", "財產編號": "1110101-0031 00-0000002", "保管單位": "高屏溪攔河堰", "入帳日期(購置日期)": "2022-07-29", "清查日期": "2023/04/11", "地籍": "屏東縣屏東市大鵬段206號", "座標X(1)": 193441.0, "座標Y(1)": 2511400.0, "座標X(2)": "193435", "座標Y(2)": "2511406", "有無貼牌": "是", "有無QRCode": "無", "說明": null, "保管人": "蔡易龍" }, "geometry": { "type": "Point", "coordinates": [ 120.449477714934531, 22.702088513771848 ] } },
{ "type": "Feature", "properties": { "工程（財產）名稱": "基礎", "工程（財產）別名": "103年曾文水庫公共設施工程第三期", "財產編號": "1110101-0031 00-0000001", "保管單位": "曾管中心", "入帳日期(購置日期)": "2015-06-01", "清查日期": "--", "地籍": "台南市楠西區密枝段102-68號地", "座標X(1)": 198646.397, "座標Y(1)": 2568699.701, "座標X(2)": null, "座標Y(2)": null, "有無貼牌": "--", "有無QRCode": "無", "說明": null, "保管人": "陳乙震" }, "geometry": { "type": "Point", "coordinates": [ 120.498238001427907, 23.219696001468286 ] } },
{ "type": "Feature", "properties": { "工程（財產）名稱": "圍牆", "工程（財產）別名": "甲仙攔河管理中心遷建工程", "財產編號": "1110102-002F 00-0000004", "保管單位": "甲仙攔河堰管理中心", "入帳日期(購置日期)": "2014-02-06", "清查日期": "2024/07/15", "地籍": "高雄市甲仙區公館段179、180、259地號", "座標X(1)": 207245.83, "座標Y(1)": 2553107.165, "座標X(2)": "207262", "座標Y(2)": "2553105", "有無貼牌": "是", "有無QRCode": "無", "說明": "長46.47米", "保管人": "洪瑞隆" }, "geometry": { "type": "Point", "coordinates": [ 120.582695034759922, 23.079136006480635 ] } },
{ "type": "Feature", "properties": { "工程（財產）名稱": "圍牆", "工程（財產）別名": "開關場圍牆-396M2", "財產編號": "1110102-002F 00-0000002", "保管單位": "曾管中心", "入帳日期(購置日期)": "2010-08-30", "清查日期": "2014/11/06", "地籍": "嘉義縣大埔鄉柳藤潭段61號", "座標X(1)": 202288.35, "座標Y(1)": 2571779.43, "座標X(2)": null, "座標Y(2)": null, "有無貼牌": "是", "有無QRCode": "無", "說明": null, "保管人": "楊振瑞" }, "geometry": { "type": "Point", "coordinates": [ 120.533724979465731, 23.247616001240747 ] } },
{ "type": "Feature", "properties": { "工程（財產）名稱": "圍牆", "工程（財產）別名": "圍牆-94M", "財產編號": "1110102-002F 00-0000001", "保管單位": "曾管中心", "入帳日期(購置日期)": "2009-12-31", "清查日期": "2012/11/06", "地籍": "台南市密枝段101-60號", "座標X(1)": 198668.09, "座標Y(1)": 2568994.97, "座標X(2)": null, "座標Y(2)": null, "有無貼牌": "--", "有無QRCode": "無", "說明": "辦公區大門入口左側", "保管人": "陳乙震" }, "geometry": { "type": "Point", "coordinates": [ 120.498439994080243, 23.222362997038662 ] } },
{ "type": "Feature", "properties": { "工程（財產）名稱": "眷屬宿舍", "工程（財產）別名": "楠西眷舍", "財產編號": "2010601-004D 91-0000114", "保管單位": "秘書室", "入帳日期(購置日期)": "1970-11-30", "清查日期": "2021/06/16", "地籍": "台南市楠西區楠西段65-6號", "座標X(1)": 197871.47, "座標Y(1)": 2564451.09, "座標X(2)": "197786", "座標Y(2)": "2564514", "有無貼牌": "是", "有無QRCode": "無", "說明": "水庫路21、23、25、27號", "保管人": "陳奕瑋" }, "geometry": { "type": "Point", "coordinates": [ 120.490811965879615, 23.181306066492514 ] } },
{ "type": "Feature", "properties": { "工程（財產）名稱": "眷屬宿舍", "工程（財產）別名": "顧問宿舍", "財產編號": "2010601-004D 91-0000104", "保管單位": "秘書室", "入帳日期(購置日期)": "1977-12-17", "清查日期": "2021/06/16", "地籍": "台南市楠西區楠西段106-2號", "座標X(1)": 198516.72, "座標Y(1)": 2568286.53, "座標X(2)": "198553", "座標Y(2)": "2568280", "有無貼牌": "是", "有無QRCode": "無", "說明": null, "保管人": "陳奕瑋" }, "geometry": { "type": "Point", "coordinates": [ 120.496984972746276, 23.215960962004573 ] } },
{ "type": "Feature", "properties": { "工程（財產）名稱": "眷屬宿舍", "工程（財產）別名": "楠西眷舍", "財產編號": "2010601-004D 91-0000112", "保管單位": "秘書室", "入帳日期(購置日期)": "1970-11-30", "清查日期": "2021/06/16", "地籍": "台南市楠西區楠西段59-3號", "座標X(1)": 197907.61, "座標Y(1)": 2564452.0, "座標X(2)": "197875", "座標Y(2)": "2564452", "有無貼牌": "是", "有無QRCode": "無", "說明": "水庫路69、73、77、81號", "保管人": "陳奕瑋" }, "geometry": { "type": "Point", "coordinates": [ 120.491164937168662, 23.181315425255061 ] } },
{ "type": "Feature", "properties": { "工程（財產）名稱": "擋土牆", "工程（財產）別名": "擋土牆/111年曾文水庫湖域保護帶治理第一期", "財產編號": "1110102-0004 00-0000672", "保管單位": "曾管中心", "入帳日期(購置日期)": "2023-02-24", "清查日期": "2023/12/20", "地籍": null, "座標X(1)": 207822.43, "座標Y(1)": 2577360.02, "座標X(2)": null, "座標Y(2)": null, "有無貼牌": "否", "有無QRCode": "無", "說明": "大埔湖濱公園公廁旁(GOOGLE MAP連結)", "保管人": "李勝雄" }, "geometry": { "type": "Point", "coordinates": [ 120.587652039737733, 23.298161002780038 ] } },
{ "type": "Feature", "properties": { "工程（財產）名稱": "眷屬宿舍", "工程（財產）別名": "楠西眷舍", "財產編號": "2010601-004D 91-0000109", "保管單位": "秘書室", "入帳日期(購置日期)": "1970-11-30", "清查日期": "2021/06/16", "地籍": "台南市楠西區楠西段59-3號", "座標X(1)": 197814.14, "座標Y(1)": 2564509.86, "座標X(2)": "197908", "座標Y(2)": "2564489", "有無貼牌": "是", "有無QRCode": "無", "說明": "水庫路45、47、49、51號", "保管人": "陳奕瑋" }, "geometry": { "type": "Point", "coordinates": [ 120.490249976887398, 23.181834957484288 ] } },
{ "type": "Feature", "properties": { "工程（財產）名稱": "眷屬宿舍", "工程（財產）別名": "永康眷舍", "財產編號": "2010601-004D 91-0000101", "保管單位": "秘書室", "入帳日期(購置日期)": "1973-01-23", "清查日期": "2021/06/22", "地籍": "台南市永康區永仁段1100、1101號", "座標X(1)": 172108.15, "座標Y(1)": 2544981.95, "座標X(2)": "172122", "座標Y(2)": "2544939", "有無貼牌": "是", "有無QRCode": "無", "說明": "台南市永康區忠孝路86巷1、3、5、7號", "保管人": "陳奕瑋" }, "geometry": { "type": "Point", "coordinates": [ 120.240161023695336, 23.004488018669502 ] } },
{ "type": "Feature", "properties": { "工程（財產）名稱": "眷屬宿舍", "工程（財產）別名": "楠西眷舍", "財產編號": "2010601-004D 91-0000110", "保管單位": "秘書室", "入帳日期(購置日期)": "1970-11-30", "清查日期": "2021/06/16", "地籍": "台南市楠西區楠西段59-3號", "座標X(1)": 197875.95, "座標Y(1)": 2564451.45, "座標X(2)": "197916", "座標Y(2)": "2564436", "有無貼牌": "是", "有無QRCode": "無", "說明": "水庫路55、59、63、67號", "保管人": "陳奕瑋" }, "geometry": { "type": "Point", "coordinates": [ 120.490855712586921, 23.181309458876214 ] } },
{ "type": "Feature", "properties": { "工程（財產）名稱": "眷屬宿舍", "工程（財產）別名": "顧問宿舍", "財產編號": "2010601-004D 91-0000105", "保管單位": "秘書室", "入帳日期(購置日期)": "1977-12-17", "清查日期": "2021/06/16", "地籍": "台南市楠西區楠西段106-2號", "座標X(1)": 198547.84, "座標Y(1)": 2568286.54, "座標X(2)": "198514", "座標Y(2)": "2568280", "有無貼牌": "是", "有無QRCode": "無", "說明": null, "保管人": "陳奕瑋" }, "geometry": { "type": "Point", "coordinates": [ 120.497289019886821, 23.21596202457582 ] } },
{ "type": "Feature", "properties": { "工程（財產）名稱": "眷屬宿舍", "工程（財產）別名": "楠西眷舍", "財產編號": "2010601-004D 91-0000111", "保管單位": "秘書室", "入帳日期(購置日期)": "1970-11-30", "清查日期": "2023/10/19", "地籍": "台南市楠西區楠西段59-3號", "座標X(1)": 197905.61, "座標Y(1)": 2564492.38, "座標X(2)": "197877", "座標Y(2)": "2564488", "有無貼牌": "是", "有無QRCode": "無", "說明": "水庫路37、39、41、43號", "保管人": "陳奕瑋" }, "geometry": { "type": "Point", "coordinates": [ 120.49114402295784, 23.181680000443603 ] } },
{ "type": "Feature", "properties": { "工程（財產）名稱": "排水暗渠", "工程（財產）別名": "忠孝路排水改善工程", "財產編號": "2020405-0002 00-0000026", "保管單位": "甲仙(堰區)", "入帳日期(購置日期)": "2012-05-18", "清查日期": "2024/07/23", "地籍": "高雄市甲仙區東大邱園段1549號地", "座標X(1)": 206855.0, "座標Y(1)": 2553629.0, "座標X(2)": "207691", "座標Y(2)": "2553629", "有無貼牌": "是", "有無QRCode": "無", "說明": "現場X:207704 Y:2553632", "保管人": "洪瑞隆" }, "geometry": { "type": "Point", "coordinates": [ 120.578865714425632, 23.083838261797357 ] } },
{ "type": "Feature", "properties": { "工程（財產）名稱": "擋土牆", "工程（財產）別名": "擋土牆/113年阿公店集水區零星工程", "財產編號": "1110102-0004 00-0000675", "保管單位": "高市燕巢區", "入帳日期(購置日期)": "2024-09-26", "清查日期": "--", "地籍": "蓬萊段341地號", "座標X(1)": 185171.3, "座標Y(1)": 2523743.86, "座標X(2)": null, "座標Y(2)": null, "有無貼牌": "是", "有無QRCode": "無", "說明": "財增單及照片.pdf同意書蓬萊段340-341大埔段525-527煙波段1490地號.pdf", "保管人": "林堉介" }, "geometry": { "type": "Point", "coordinates": [ 120.368475054050336, 22.813262074998761 ] } },
{ "type": "Feature", "properties": { "工程（財產）名稱": "擋土牆", "工程（財產）別名": "擋土牆/111年曾文水庫週邊零星工程增辦", "財產編號": "1110102-0004 00-0000668", "保管單位": "養護科", "入帳日期(購置日期)": "2022-12-19", "清查日期": "--", "地籍": "嘉義縣大埔鄉大埔段1458-61、1458-72、1458-73、1458-89", "座標X(1)": 204765.0, "座標Y(1)": 2569895.0, "座標X(2)": "204747", "座標Y(2)": "2569879", "有無貼牌": "--", "有無QRCode": "無", "說明": null, "保管人": "吳宗翰" }, "geometry": { "type": "Point", "coordinates": [ 120.557984197487428, 23.230669209282819 ] } },
{ "type": "Feature", "properties": { "工程（財產）名稱": "擋土牆", "工程（財產）別名": "擋土牆/111牡丹水庫週邊零星工程", "財產編號": "1110102-0004 00-0000671", "保管單位": "牡管中心", "入帳日期(購置日期)": "2023-05-15", "清查日期": "--", "地籍": "牡丹鄉東源段1408地號", "座標X(1)": 233288.0, "座標Y(1)": 2453009.0, "座標X(2)": null, "座標Y(2)": null, "有無貼牌": "--", "有無QRCode": "無", "說明": "地點：199線道路旁", "保管人": "蔡國山" }, "geometry": { "type": "Point", "coordinates": [ 120.837943173343746, 22.175604350098933 ] } },
{ "type": "Feature", "properties": { "工程（財產）名稱": "擋土牆", "工程（財產）別名": "擋土牆/112高屏溪攔河週邊零星委辦工程", "財產編號": "1110102-0004 00-0000674", "保管單位": "高屏溪攔河堰", "入帳日期(購置日期)": "2023-12-20", "清查日期": "2024/04/19", "地籍": "高雄市大樹區三和段748-1號742-2號及743-3號", "座標X(1)": 189977.0, "座標Y(1)": 2512006.0, "座標X(2)": "189972", "座標Y(2)": "2512022", "有無貼牌": "是", "有無QRCode": "無", "說明": "B線起點 X189746 Y2512139 終點 X189752 Y2512130 新建擋牆長17公尺113年4月19日現地測得 X189975 Y2512024", "保管人": "沈文忠" }, "geometry": { "type": "Point", "coordinates": [ 120.415738641968076, 22.707441498907176 ] } },
{ "type": "Feature", "properties": { "工程（財產）名稱": "擋土牆", "工程（財產）別名": "擋土牆/112高屏溪攔河週邊零星委辦工程", "財產編號": "1110102-0004 00-0000673", "保管單位": "高屏溪攔河堰", "入帳日期(購置日期)": "2023-12-20", "清查日期": "2024/04/19", "地籍": "高市大樹區興和段566號,567號及594號", "座標X(1)": 192032.0, "座標Y(1)": 2513051.0, "座標X(2)": "191968", "座標Y(2)": "2513080", "有無貼牌": "是", "有無QRCode": "無", "說明": "長155公尺於113年4月19日現地盤點 X192027 Y2513062", "保管人": "沈文忠" }, "geometry": { "type": "Point", "coordinates": [ 120.435702485536169, 22.716950303822745 ] } },
{ "type": "Feature", "properties": { "工程（財產）名稱": "眷屬宿舍", "工程（財產）別名": "楠西眷舍", "財產編號": "2010601-004D 91-0000116", "保管單位": "秘書室", "入帳日期(購置日期)": "1971-12-20", "清查日期": "2023/10/19", "地籍": "台南市楠西區楠西段59-3、64-1、65-6號", "座標X(1)": 197825.56, "座標Y(1)": 2564465.42, "座標X(2)": "197818", "座標Y(2)": "2564467", "有無貼牌": "是", "有無QRCode": "無", "說明": "水庫路85、87、89、91號", "保管人": "陳奕瑋" }, "geometry": { "type": "Point", "coordinates": [ 120.490363043641764, 23.181434017852098 ] } },
{ "type": "Feature", "properties": { "工程（財產）名稱": "排水暗渠", "工程（財產）別名": "混凝土排水溝-千秋寮", "財產編號": "2020405-0002 93-0000004", "保管單位": "阿管中心", "入帳日期(購置日期)": "2004-12-31", "清查日期": "--", "地籍": null, "座標X(1)": 184996.0, "座標Y(1)": 2523572.0, "座標X(2)": null, "座標Y(2)": null, "有無貼牌": "--", "有無QRCode": "無", "說明": null, "保管人": "呂元鈞" }, "geometry": { "type": "Point", "coordinates": [ 120.366774633416128, 22.811703336499669 ] } },
{ "type": "Feature", "properties": { "工程（財產）名稱": "擋土牆", "工程（財產）別名": "環湖道路災害復建工程-677.5", "財產編號": "1110102-0004 95-0000142", "保管單位": "曾管中心", "入帳日期(購置日期)": "2006-11-29", "清查日期": "2015/07/24", "地籍": "嘉義縣大埔鄉柳籐潭段53號", "座標X(1)": 202895.39, "座標Y(1)": 2571046.61, "座標X(2)": null, "座標Y(2)": null, "有無貼牌": "--", "有無QRCode": "無", "說明": "位於曾庫公路水上樂園", "保管人": "周駿宏" }, "geometry": { "type": "Point", "coordinates": [ 120.539680000490989, 23.241016012317601 ] } },
{ "type": "Feature", "properties": { "工程（財產）名稱": "擋土牆", "工程（財產）別名": "曾文公共設施整建五期", "財產編號": "1110102-0004 94-0000124", "保管單位": "曾管中心", "入帳日期(購置日期)": "2005-12-30", "清查日期": "2015/01/28", "地籍": "台南市東山區加令九湖56號", "座標X(1)": 198913.13, "座標Y(1)": 2569715.16, "座標X(2)": null, "座標Y(2)": null, "有無貼牌": "--", "有無QRCode": "無", "說明": "東口露營區", "保管人": "陳乙震" }, "geometry": { "type": "Point", "coordinates": [ 120.500810012575712, 23.228874029158899 ] } },
{ "type": "Feature", "properties": { "工程（財產）名稱": "護坡", "工程（財產）別名": "護坡/108曾文水庫湖域保護帶治理第一", "財產編號": "1110102-003D 00-0000058", "保管單位": "曾管中心", "入帳日期(購置日期)": "2020-03-25", "清查日期": "2020/03/25", "地籍": "嘉義縣大埔鄉柳藤潭段(0834)14-5地號", "座標X(1)": 202646.309, "座標Y(1)": 2572273.778, "座標X(2)": null, "座標Y(2)": null, "有無貼牌": "--", "有無QRCode": "無", "說明": "護坡", "保管人": "周駿宏" }, "geometry": { "type": "Point", "coordinates": [ 120.537207738392652, 23.252090384538683 ] } },
{ "type": "Feature", "properties": { "工程（財產）名稱": "護坡", "工程（財產）別名": "護坡/108曾文水庫湖域保護帶治理第一", "財產編號": "1110102-003D 00-0000057", "保管單位": "曾管中心", "入帳日期(購置日期)": "2020-03-25", "清查日期": "2020/03/25", "地籍": "臺南市東山區下南勢段(3248)1198地號", "座標X(1)": 201522.74, "座標Y(1)": 2573128.622, "座標X(2)": null, "座標Y(2)": null, "有無貼牌": "--", "有無QRCode": "無", "說明": "護坡", "保管人": "周駿宏" }, "geometry": { "type": "Point", "coordinates": [ 120.526199997766483, 23.259777003008377 ] } },
{ "type": "Feature", "properties": { "工程（財產）名稱": "護坡", "工程（財產）別名": "護坡/108曾文水庫湖域保護帶治理第一", "財產編號": "1110102-003D 00-0000056", "保管單位": "曾管中心", "入帳日期(購置日期)": "2020-03-25", "清查日期": "2020/03/25", "地籍": "臺南市東山區下南勢段(3248)1198地號", "座標X(1)": 201584.395, "座標Y(1)": 2572895.644, "座標X(2)": null, "座標Y(2)": null, "有無貼牌": "--", "有無QRCode": "無", "說明": "護坡", "保管人": "周駿宏" }, "geometry": { "type": "Point", "coordinates": [ 120.526810002498408, 23.25767499808067 ] } },
{ "type": "Feature", "properties": { "工程（財產）名稱": "護坡", "工程（財產）別名": "護坡植草類/108曾文湖域保護帶治理第三", "財產編號": "1110102-003D 00-0000055", "保管單位": "曾管中心", "入帳日期(購置日期)": "2020-01-17", "清查日期": "2020/01/17", "地籍": "臺南市東山區下南勢段(3248)948-10地號", "座標X(1)": 200394.358, "座標Y(1)": 2570827.288, "座標X(2)": null, "座標Y(2)": null, "有無貼牌": "--", "有無QRCode": "無", "說明": "護坡", "保管人": "周駿宏" }, "geometry": { "type": "Point", "coordinates": [ 120.515247000470566, 23.2389620029256 ] } },
{ "type": "Feature", "properties": { "工程（財產）名稱": "護坡", "工程（財產）別名": "護坡植草類/108曾文水庫湖域保護帶治理工程", "財產編號": "1110102-003D 00-0000054", "保管單位": "曾管中心", "入帳日期(購置日期)": "2020-01-17", "清查日期": "2020/01/17", "地籍": "臺南市東山區下南勢段(3248)948-10地號", "座標X(1)": 200374.254, "座標Y(1)": 2570813.402, "座標X(2)": null, "座標Y(2)": null, "有無貼牌": "--", "有無QRCode": "無", "說明": "護坡", "保管人": "周駿宏" }, "geometry": { "type": "Point", "coordinates": [ 120.515051000090864, 23.238836004252725 ] } },
{ "type": "Feature", "properties": { "工程（財產）名稱": "護坡", "工程（財產）別名": "護坡植草類/108曾文水庫湖域保護帶治理第三", "財產編號": "1110102-003D 00-0000053", "保管單位": "曾管中心", "入帳日期(購置日期)": "2020-01-17", "清查日期": "2020/01/17", "地籍": "臺南市東山區下南勢段(3248)948-10地號", "座標X(1)": 198592.794, "座標Y(1)": 2569033.547, "座標X(2)": null, "座標Y(2)": null, "有無貼牌": "--", "有無QRCode": "無", "說明": "護坡", "保管人": "周駿宏" }, "geometry": { "type": "Point", "coordinates": [ 120.497703001752527, 23.222709003826687 ] } },
{ "type": "Feature", "properties": { "工程（財產）名稱": "護坡", "工程（財產）別名": "曾文集水區水土保持工程護坡-2825M2", "財產編號": "1110102-003D 00-0000008", "保管單位": "曾管中心", "入帳日期(購置日期)": "2009-12-31", "清查日期": "2015/08/04", "地籍": "台南市東山區下南勢段1138號", "座標X(1)": 195407.0, "座標Y(1)": 2569172.0, "座標X(2)": null, "座標Y(2)": null, "有無貼牌": "是", "有無QRCode": "無", "說明": "東口露營區", "保管人": "周駿宏" }, "geometry": { "type": "Point", "coordinates": [ 120.466570829580306, 23.223856717877695 ] } },
{ "type": "Feature", "properties": { "工程（財產）名稱": "護坡", "工程（財產）別名": "植生護坡/107年曾文水庫公共設施二期工程", "財產編號": "1110102-003D 00-0000052", "保管單位": "曾管中心", "入帳日期(購置日期)": "2019-04-27", "清查日期": "--", "地籍": null, "座標X(1)": 200394.358, "座標Y(1)": 2570827.288, "座標X(2)": null, "座標Y(2)": null, "有無貼牌": "--", "有無QRCode": "無", "說明": null, "保管人": "周駿宏" }, "geometry": { "type": "Point", "coordinates": [ 120.515247000470566, 23.2389620029256 ] } },
{ "type": "Feature", "properties": { "工程（財產）名稱": "護坡", "工程（財產）別名": "102年度阿公店水庫集水區水土保持零星工程", "財產編號": "1110102-003D 00-0000022", "保管單位": "阿管中心", "入帳日期(購置日期)": "2014-01-13", "清查日期": "2019/06/21", "地籍": "高雄市田寮區牛稠埔段253-144,253-146號", "座標X(1)": 184125.0, "座標Y(1)": 2526219.97, "座標X(2)": "184111.22", "座標Y(2)": "2526219.97", "有無貼牌": "--", "有無QRCode": "無", "說明": null, "保管人": "陳煌祥" }, "geometry": { "type": "Point", "coordinates": [ 120.358178260932803, 22.835581550652851 ] } },
{ "type": "Feature", "properties": { "工程（財產）名稱": "護坡", "工程（財產）別名": "103曾文水庫湖域保護帶治理工程第一期", "財產編號": "1110102-003D 00-0000032", "保管單位": "曾管中心", "入帳日期(購置日期)": "2015-05-20", "清查日期": "--", "地籍": "台南市東山區下南勢段948-9號地", "座標X(1)": 199311.0, "座標Y(1)": 2570124.0, "座標X(2)": null, "座標Y(2)": null, "有無貼牌": "--", "有無QRCode": "無", "說明": null, "保管人": "陳乙震" }, "geometry": { "type": "Point", "coordinates": [ 120.504684022618633, 23.23257820718792 ] } },
{ "type": "Feature", "properties": { "工程（財產）名稱": "護坡", "工程（財產）別名": "103曾文水庫湖域保護帶治理工程第一期", "財產編號": "1110102-003D 00-0000031", "保管單位": "曾管中心", "入帳日期(購置日期)": "2015-05-20", "清查日期": "--", "地籍": "台南市楠西區密枝段98-9號地", "座標X(1)": 199002.5, "座標Y(1)": 2569401.0, "座標X(2)": null, "座標Y(2)": null, "有無貼牌": "--", "有無QRCode": "無", "說明": null, "保管人": "陳乙震" }, "geometry": { "type": "Point", "coordinates": [ 120.501693785817068, 23.226039893197669 ] } },
{ "type": "Feature", "properties": { "工程（財產）名稱": "護坡", "工程（財產）別名": "曾文洩洪河道(3號橋左岸)治理工程-17310M2", "財產編號": "1110102-003D 00-0000013", "保管單位": "曾管中心", "入帳日期(購置日期)": "2011-10-26", "清查日期": "2022/07/06", "地籍": "無", "座標X(1)": 199090.48, "座標Y(1)": 2569653.97, "座標X(2)": "199098", "座標Y(2)": "2569646", "有無貼牌": "是", "有無QRCode": "無", "說明": "曾庫公路三號橋下游左岸,經查為河川用地無宗地資料", "保管人": "周駿宏" }, "geometry": { "type": "Point", "coordinates": [ 120.502544966276147, 23.228326969032203 ] } },
{ "type": "Feature", "properties": { "工程（財產）名稱": "護坡", "工程（財產）別名": "護坡/107曾文水庫公共設施工程", "財產編號": "1110102-003D 00-0000048", "保管單位": "曾管中心", "入帳日期(購置日期)": "2019-04-15", "清查日期": "--", "地籍": null, "座標X(1)": 198702.137, "座標Y(1)": 2569162.624, "座標X(2)": null, "座標Y(2)": null, "有無貼牌": "--", "有無QRCode": "無", "說明": null, "保管人": "周駿宏" }, "geometry": { "type": "Point", "coordinates": [ 120.498767004012507, 23.22387799608633 ] } },
{ "type": "Feature", "properties": { "工程（財產）名稱": "護坡", "工程（財產）別名": "102年曾文水庫湖域保護帶治理工程第一期", "財產編號": "1110102-003D 00-0000024", "保管單位": "曾管中心", "入帳日期(購置日期)": "2014-06-27", "清查日期": "2014/06/27", "地籍": "台南市東山區下南勢段1159號", "座標X(1)": 201653.0, "座標Y(1)": 2572623.0, "座標X(2)": null, "座標Y(2)": null, "有無貼牌": "--", "有無QRCode": "無", "說明": "護坡", "保管人": "廖元賢" }, "geometry": { "type": "Point", "coordinates": [ 120.527489172792031, 23.255215004906425 ] } },
{ "type": "Feature", "properties": { "工程（財產）名稱": "護坡", "工程（財產）別名": "102年曾文水庫湖域保護帶治理工程第一期", "財產編號": "1110102-003D 00-0000026", "保管單位": "曾管中心", "入帳日期(購置日期)": "2014-06-27", "清查日期": "2014/06/27", "地籍": "無地籍資料", "座標X(1)": 201185.0, "座標Y(1)": 2571009.0, "座標X(2)": "201205", "座標Y(2)": "2571049", "有無貼牌": "是", "有無QRCode": "無", "說明": "1.護坡2.於112年10月22日盤點時因現場在施工中,道路全改貌,故無法到達現地", "保管人": "廖元賢" }, "geometry": { "type": "Point", "coordinates": [ 120.522967217941513, 23.240626533609039 ] } },
{ "type": "Feature", "properties": { "工程（財產）名稱": "護坡", "工程（財產）別名": "102年曾文水庫湖域保護帶治理工程第一期", "財產編號": "1110102-003D 00-0000025", "保管單位": "曾管中心", "入帳日期(購置日期)": "2014-06-27", "清查日期": "2014/06/27", "地籍": "台南市東山區下南勢段1159號", "座標X(1)": 201629.0, "座標Y(1)": 2572626.0, "座標X(2)": null, "座標Y(2)": null, "有無貼牌": "--", "有無QRCode": "無", "說明": "護坡地點：台南市東山區下南勢段1159號 座標：N：2572626E：201629", "保管人": "廖元賢" }, "geometry": { "type": "Point", "coordinates": [ 120.527254523710909, 23.255241389452195 ] } },
{ "type": "Feature", "properties": { "工程（財產）名稱": "護坡", "工程（財產）別名": "103年曾文水庫湖域保護帶治理工程第二期", "財產編號": "1110102-003D 00-0000030", "保管單位": "曾管中心", "入帳日期(購置日期)": "2015-05-08", "清查日期": "--", "地籍": "高雄市那瑪夏區達悟芒段2號地", "座標X(1)": 213562.0, "座標Y(1)": 2577031.0, "座標X(2)": null, "座標Y(2)": null, "有無貼牌": "--", "有無QRCode": "無", "說明": null, "保管人": "陳乙震" }, "geometry": { "type": "Point", "coordinates": [ 120.643771806345015, 23.295327374298257 ] } },
{ "type": "Feature", "properties": { "工程（財產）名稱": "護坡", "工程（財產）別名": "101年度曾文水庫湖域保護帶治理工程(第二期", "財產編號": "1110102-003D 00-0000020", "保管單位": "曾管中心", "入帳日期(購置日期)": "2013-01-20", "清查日期": "--", "地籍": "台南市楠西區密枝段565號", "座標X(1)": 199692.39, "座標Y(1)": 2569969.286, "座標X(2)": "199745.634", "座標Y(2)": "2569969.286", "有無貼牌": "--", "有無QRCode": "無", "說明": null, "保管人": "陳乙震" }, "geometry": { "type": "Point", "coordinates": [ 120.508415848229433, 23.231192818997066 ] } },
{ "type": "Feature", "properties": { "工程（財產）名稱": "護坡", "工程（財產）別名": "護坡/107曾文水庫公共設施工程", "財產編號": "1110102-003D 00-0000049", "保管單位": "曾管中心", "入帳日期(購置日期)": "2019-04-15", "清查日期": "--", "地籍": null, "座標X(1)": 198829.214, "座標Y(1)": 2569300.723, "座標X(2)": null, "座標Y(2)": null, "有無貼牌": "--", "有無QRCode": "無", "說明": null, "保管人": "周駿宏" }, "geometry": { "type": "Point", "coordinates": [ 120.500003997242587, 23.225129002357924 ] } },
{ "type": "Feature", "properties": { "工程（財產）名稱": "護坡", "工程（財產）別名": "護坡/甲仙攔河堰引水隧道出口聯絡道路下邊", "財產編號": "1110102-003C 00-0000008", "保管單位": "甲仙攔河堰管理中心", "入帳日期(購置日期)": "2022-12-19", "清查日期": "2023/06/01", "地籍": "台南市南化區西大丘園段242-2,310號", "座標X(1)": 204887.726, "座標Y(1)": 2554032.525, "座標X(2)": "204584", "座標Y(2)": "2553837", "有無貼牌": "是", "有無QRCode": "無", "說明": null, "保管人": "洪瑞隆" }, "geometry": { "type": "Point", "coordinates": [ 120.559651896860544, 23.087429877618913 ] } },
{ "type": "Feature", "properties": { "工程（財產）名稱": "護坡", "工程（財產）別名": "護坡/109曾文水庫湖域保護帶第二期工程", "財產編號": "1110102-003D 00-0000067", "保管單位": "曾管中心", "入帳日期(購置日期)": "2021-01-22", "清查日期": "2021/01/22", "地籍": null, "座標X(1)": 207823.0, "座標Y(1)": 2577859.0, "座標X(2)": null, "座標Y(2)": null, "有無貼牌": "--", "有無QRCode": "無", "說明": "護坡", "保管人": "周駿宏" }, "geometry": { "type": "Point", "coordinates": [ 120.587643724909498, 23.302666885583704 ] } },
{ "type": "Feature", "properties": { "工程（財產）名稱": "護坡", "工程（財產）別名": "護坡/108曾文水庫湖域保護帶治理第二期", "財產編號": "1110102-003D 00-0000062", "保管單位": "曾管中心", "入帳日期(購置日期)": "2020-03-31", "清查日期": "2020/03/31", "地籍": "嘉義縣大埔鄉柳藤潭段(0834)14-3地號", "座標X(1)": 202486.0, "座標Y(1)": 2572418.0, "座標X(2)": null, "座標Y(2)": null, "有無貼牌": "--", "有無QRCode": "無", "說明": "護坡", "保管人": "周駿宏" }, "geometry": { "type": "Point", "coordinates": [ 120.535636552733337, 23.253388106835228 ] } },
{ "type": "Feature", "properties": { "工程（財產）名稱": "護坡", "工程（財產）別名": "護坡107曾文水庫週邊零星工程", "財產編號": "1110102-003C 00-0000006", "保管單位": "養護科", "入帳日期(購置日期)": "2019-02-26", "清查日期": "--", "地籍": "嘉義縣大埔段867-1地號", "座標X(1)": 209039.0, "座標Y(1)": 2577826.0, "座標X(2)": null, "座標Y(2)": null, "有無貼牌": "--", "有無QRCode": "無", "說明": "擋土牆36公尺", "保管人": "吳宗翰" }, "geometry": { "type": "Point", "coordinates": [ 120.599532982845929, 23.302399702318297 ] } },
{ "type": "Feature", "properties": { "工程（財產）名稱": "護坡", "工程（財產）別名": "102年曾文水庫湖域治理第二期工程", "財產編號": "1110102-003C 00-0000005", "保管單位": "曾管中心", "入帳日期(購置日期)": "2013-03-01", "清查日期": "--", "地籍": "大埔段1566號", "座標X(1)": 210704.0, "座標Y(1)": 2578408.0, "座標X(2)": null, "座標Y(2)": null, "有無貼牌": "--", "有無QRCode": "無", "說明": "水泥砂漿護坡，位於擋土牆下方", "保管人": "陳乙震" }, "geometry": { "type": "Point", "coordinates": [ 120.615795950344364, 23.307695996157882 ] } },
{ "type": "Feature", "properties": { "工程（財產）名稱": "護坡", "工程（財產）別名": "100年度曾文水庫湖域保護[帶治工程(第二期)", "財產編號": "1110102-003C 00-0000004", "保管單位": "曾管中心", "入帳日期(購置日期)": "2012-08-31", "清查日期": "2022/06/28", "地籍": "嘉義縣大埔鄉大埔段2169-4號", "座標X(1)": 203304.0, "座標Y(1)": 2571062.0, "座標X(2)": "202936", "座標Y(2)": "2570442", "有無貼牌": "是", "有無QRCode": "無", "說明": "共施作了5個位置,如下:1.X202949 Y2570457 位嘉義縣大埔鄉大埔段1484-21號 638800.jpg 638801.jpg 638802.jpg 共3張相片 2.X202937 Y2569774 位嘉義縣大埔鄉大埔段1474-58號 638809.jpg 638810.jpg 638811.jpg 共3張相片3.X202861 Y2570306 位嘉義縣大埔鄉大埔段1484-22號 638820.jpg 638821.jpg 638822.jpg 638823.jpg 共4張相片4.X203304 Y2571062 位嘉義縣大埔鄉大埔段2169-4號 638824.jpg 638825.jpg 638826.jpg 共3張相片5.X203264 Y2571035 位嘉義縣大埔鄉大埔段1484-22及同段1484-21號 639713jpg 639714.jpg 共2張相片111年6月29日盤點", "保管人": "周駿宏" }, "geometry": { "type": "Point", "coordinates": [ 120.543672485624114, 23.241166633864481 ] } },
{ "type": "Feature", "properties": { "工程（財產）名稱": "護坡", "工程（財產）別名": "曾文洩洪河道(3號橋左岸)治理工程-4100M2", "財產編號": "1110102-003C 00-0000002", "保管單位": "曾管中心", "入帳日期(購置日期)": "2011-10-26", "清查日期": "2022/06/22", "地籍": "未登錄,台南市東山區下南勢段948-3號", "座標X(1)": 199101.98, "座標Y(1)": 2569664.01, "座標X(2)": "199089", "座標Y(2)": "2569846", "有無貼牌": "是", "有無QRCode": "無", "說明": "曾庫公路三號橋上游左岸", "保管人": "周駿宏" }, "geometry": { "type": "Point", "coordinates": [ 120.50265699773604, 23.228417987139743 ] } },
{ "type": "Feature", "properties": { "工程（財產）名稱": "護坡", "工程（財產）別名": "100年度曾文水庫湖域保護治理工程(第二期)", "財產編號": "1110102-003C 00-0000003", "保管單位": "曾管中心", "入帳日期(購置日期)": "2012-08-31", "清查日期": "2022/06/28", "地籍": "台南市東山區下南勢段948-8號", "座標X(1)": 200311.0, "座標Y(1)": 2570736.0, "座標X(2)": "200246", "座標Y(2)": "2570719", "有無貼牌": "是", "有無QRCode": "無", "說明": "共8處地點:1. X200311 Y2570736 台南市東山區下南勢段948-8號 638830.jpg 638831.jpg, 638832.jpg共3張相片2. X199680 Y2570306 台南市東山區下南勢段948-9號 638837.jpg638838.jpg638839.jpg638840.jpg共4張相片3. X199668 Y2570299 台南市東山區下南勢段948-9號 639724.jpg 639725.jpg共2張4. X199539 Y2570255 台南市東山區下南勢段948-10及同段948-13號 639729.jpg 639730.jpg 共2張5. X199521 Y2570255 台南市東山區下南勢段948-13及同段948-9號 639732.jpg 639733.jpg 共2張6. X199355 Y2570132 台南市東山區下南勢段948-5及同段948-9號 639744.jpg 639745.jpg 共2張 7. X199198 Y2568737 台南市楠西區密枝段585號 644678.jpg 644679.jpg 644680.jpg共3張8. X198660 Y2568262 台南市楠西區密枝段104-9及同段104-29號 639756.jpg 639757.jpg共2張", "保管人": "周駿宏" }, "geometry": { "type": "Point", "coordinates": [ 120.514435420409072, 23.238135144692901 ] } },
{ "type": "Feature", "properties": { "工程（財產）名稱": "護坡", "工程（財產）別名": "護坡/106田寮區新興里水庫排洪道旁水土保持", "財產編號": "1110102-003D 00-0000046", "保管單位": "阿管中心", "入帳日期(購置日期)": "2018-01-04", "清查日期": "2022/12/16", "地籍": "高雄市田寮區牛稠埔段253-256及229號", "座標X(1)": 184151.5, "座標Y(1)": 2526208.5, "座標X(2)": "184130", "座標Y(2)": "2526246", "有無貼牌": "是", "有無QRCode": "無", "說明": null, "保管人": "陳煌祥" }, "geometry": { "type": "Point", "coordinates": [ 120.358436924235718, 22.835479012650492 ] } },
{ "type": "Feature", "properties": { "工程（財產）名稱": "護坡", "工程（財產）別名": "106年曾文水庫湖域保護帶治理第一期工程", "財產編號": "1110102-003D 00-0000042", "保管單位": "曾管中心", "入帳日期(購置日期)": "2018-01-30", "清查日期": "--", "地籍": null, "座標X(1)": 201354.0, "座標Y(1)": 2571738.0, "座標X(2)": null, "座標Y(2)": null, "有無貼牌": "--", "有無QRCode": "無", "說明": null, "保管人": "周駿宏" }, "geometry": { "type": "Point", "coordinates": [ 120.524595357919097, 23.247214514763183 ] } },
{ "type": "Feature", "properties": { "工程（財產）名稱": "護坡", "工程（財產）別名": "106年曾文水庫湖域保護帶治理第一期工程", "財產編號": "1110102-003D 00-0000043", "保管單位": "曾管中心", "入帳日期(購置日期)": "2018-01-30", "清查日期": "--", "地籍": null, "座標X(1)": 201354.0, "座標Y(1)": 2571738.0, "座標X(2)": null, "座標Y(2)": null, "有無貼牌": "--", "有無QRCode": "無", "說明": null, "保管人": "周駿宏" }, "geometry": { "type": "Point", "coordinates": [ 120.524595357919097, 23.247214514763183 ] } },
{ "type": "Feature", "properties": { "工程（財產）名稱": "擋土牆", "工程（財產）別名": "曾文水庫大埔水文站工程-永久河道放水道防", "財產編號": "1110102-0004 00-0000346", "保管單位": "曾管中心", "入帳日期(購置日期)": "2012-11-25", "清查日期": "2013/02/13", "地籍": "曾文溪上游河道", "座標X(1)": 213678.0, "座標Y(1)": 2577103.0, "座標X(2)": null, "座標Y(2)": null, "有無貼牌": "--", "有無QRCode": "無", "說明": null, "保管人": "黃政達" }, "geometry": { "type": "Point", "coordinates": [ 120.64490411303035, 23.29598012195013 ] } },
{ "type": "Feature", "properties": { "工程（財產）名稱": "擋土牆", "工程（財產）別名": "105年曾文水庫週邊零星工程(樂野村)", "財產編號": "1110102-0004 00-0000482", "保管單位": "養護科", "入帳日期(購置日期)": "2017-06-05", "清查日期": "--", "地籍": "阿里山鄉樂野段467號-樂野村", "座標X(1)": 219890.0, "座標Y(1)": 2594339.0, "座標X(2)": null, "座標Y(2)": null, "有無貼牌": "--", "有無QRCode": "無", "說明": "B工區", "保管人": "吳宗翰" }, "geometry": { "type": "Point", "coordinates": [ 120.705290136715277, 23.451750182225862 ] } },
{ "type": "Feature", "properties": { "工程（財產）名稱": "擋土牆", "工程（財產）別名": "馬頭山蝕溝處理工程", "財產編號": "1110102-0004 91-0000005", "保管單位": "曾管中心", "入帳日期(購置日期)": "1996-02-02", "清查日期": "2014/05/28", "地籍": "嘉義縣大埔鄉大埔段5-1號", "座標X(1)": 208693.82, "座標Y(1)": 2579304.71, "座標X(2)": null, "座標Y(2)": null, "有無貼牌": "--", "有無QRCode": "無", "說明": "位於埔藤公路產業道路", "保管人": "陳乙震" }, "geometry": { "type": "Point", "coordinates": [ 120.596117971537652, 23.315744031615694 ] } },
{ "type": "Feature", "properties": { "工程（財產）名稱": "擋土牆", "工程（財產）別名": "大埔鄉茄冬村水土保持", "財產編號": "1110102-0004 92-0000061", "保管單位": "養護科", "入帳日期(購置日期)": "2003-10-09", "清查日期": "2014/05/08", "地籍": "嘉義縣大埔鄉大埔段114、1161號", "座標X(1)": 211264.35, "座標Y(1)": 2570702.06, "座標X(2)": "211181.85", "座標Y(2)": "2570702.06", "有無貼牌": "--", "有無QRCode": "無", "說明": "(1)鋼筋混凝土擋土牆及(2)石籠(不含下面之混凝土擋土牆)", "保管人": "吳宗翰" }, "geometry": { "type": "Point", "coordinates": [ 120.621471167807201, 23.238122943836107 ] } },
{ "type": "Feature", "properties": { "工程（財產）名稱": "擋土牆", "工程（財產）別名": "曾文路邊公園整建工程", "財產編號": "1110102-0004 91-0000027", "保管單位": "曾管中心", "入帳日期(購置日期)": "1999-06-30", "清查日期": "2014/09/02", "地籍": "無", "座標X(1)": 201030.94, "座標Y(1)": 2571154.85, "座標X(2)": null, "座標Y(2)": null, "有無貼牌": "--", "有無QRCode": "無", "說明": "位於鳥宮遊樂場", "保管人": "陳乙震" }, "geometry": { "type": "Point", "coordinates": [ 120.521457046988317, 23.241939002377141 ] } },
{ "type": "Feature", "properties": { "工程（財產）名稱": "眷屬宿舍", "工程（財產）別名": "永康眷舍", "財產編號": "2010601-004D 91-0000102", "保管單位": "秘書室", "入帳日期(購置日期)": "1973-02-07", "清查日期": "2021/06/22", "地籍": "台南市永康區永仁段1100、1101號", "座標X(1)": 172126.66, "座標Y(1)": 2544933.13, "座標X(2)": "172139", "座標Y(2)": "2544463", "有無貼牌": "是", "有無QRCode": "無", "說明": "門牌為台南市永康區忠孝路106巷2、4、6、8號", "保管人": "陳奕瑋" }, "geometry": { "type": "Point", "coordinates": [ 120.240344045027555, 23.004048043477066 ] } },
{ "type": "Feature", "properties": { "工程（財產）名稱": "擋土牆", "工程（財產）別名": "風吹嶺駁坎護坡施設工", "財產編號": "1110102-0004 91-0000033", "保管單位": "曾管中心", "入帳日期(購置日期)": "2000-12-31", "清查日期": "2014/10/22", "地籍": "嘉義縣大埔鄉大埔段1484-21號、1466-19", "座標X(1)": 203393.65, "座標Y(1)": 2569400.24, "座標X(2)": "204188.12", "座標Y(2)": "2569400.24", "有無貼牌": "--", "有無QRCode": "無", "說明": "位於環湖道路", "保管人": "陳乙震" }, "geometry": { "type": "Point", "coordinates": [ 120.544599468155468, 23.2261631789715 ] } },
{ "type": "Feature", "properties": { "工程（財產）名稱": "擋土牆", "工程（財產）別名": "環湖道路災害復建工程-269m2", "財產編號": "1110102-0004 95-0000143", "保管單位": "曾管中心", "入帳日期(購置日期)": "2006-11-29", "清查日期": "2024/01/24", "地籍": "嘉義縣大埔鄉大埔段1484-21號", "座標X(1)": 203130.0, "座標Y(1)": 2570864.94, "座標X(2)": "203130", "座標Y(2)": "2570832", "有無貼牌": "是", "有無QRCode": "無", "說明": "位於曾庫公路參觀台至收費站中間", "保管人": "周駿宏" }, "geometry": { "type": "Point", "coordinates": [ 120.541978221030533, 23.239382200767739 ] } },
{ "type": "Feature", "properties": { "工程（財產）名稱": "擋土牆", "工程（財產）別名": "曾文崩坍地(樂野區)", "財產編號": "1110102-0004 93-0000094", "保管單位": "曾管中心", "入帳日期(購置日期)": "2004-12-31", "清查日期": "2023/11/21", "地籍": "嘉義縣阿里山鄉達巴拿瓦那段169號", "座標X(1)": 221414.48, "座標Y(1)": 2595144.73, "座標X(2)": "221400", "座標Y(2)": "2595136", "有無貼牌": "是", "有無QRCode": "無", "說明": null, "保管人": "連偉成" }, "geometry": { "type": "Point", "coordinates": [ 120.720195930752212, 23.459053476396093 ] } },
{ "type": "Feature", "properties": { "工程（財產）名稱": "擋土牆", "工程（財產）別名": "集水區水土保持處理工", "財產編號": "1110102-0004 91-0000006", "保管單位": "曾管中心", "入帳日期(購置日期)": "1996-03-31", "清查日期": "2023/02/22", "地籍": "嘉義縣阿里山鄉特富野343-1號", "座標X(1)": 225670.65, "座標Y(1)": 2595225.94, "座標X(2)": "225673", "座標Y(2)": "259*5251", "有無貼牌": "是", "有無QRCode": "無", "說明": null, "保管人": "連偉成" }, "geometry": { "type": "Point", "coordinates": [ 120.76185504387611, 23.459855970048846 ] } },
{ "type": "Feature", "properties": { "工程（財產）名稱": "擋土牆", "工程（財產）別名": "埔頂區處理工程", "財產編號": "1110102-0004 92-0000066", "保管單位": "曾管中心", "入帳日期(購置日期)": "2003-12-15", "清查日期": "2013/03/18", "地籍": "嘉義縣大埔鄉南寮段13號", "座標X(1)": 207518.81, "座標Y(1)": 2579989.42, "座標X(2)": null, "座標Y(2)": null, "有無貼牌": "--", "有無QRCode": "無", "說明": "位於馬頭山產業道路", "保管人": "陳乙震" }, "geometry": { "type": "Point", "coordinates": [ 120.58461001960066, 23.321897029163893 ] } },
{ "type": "Feature", "properties": { "工程（財產）名稱": "擋土牆", "工程（財產）別名": "賀伯災害茶山區處理工", "財產編號": "1110102-0004 91-0000021", "保管單位": "曾管中心", "入帳日期(購置日期)": "1999-06-30", "清查日期": "2022/12/08", "地籍": "嘉義縣阿里山鄉茶山段97號", "座標X(1)": 216451.99, "座標Y(1)": 2579190.97, "座標X(2)": "216465", "座標Y(2)": "2579208", "有無貼牌": "是", "有無QRCode": "無", "說明": null, "保管人": "連偉成" }, "geometry": { "type": "Point", "coordinates": [ 120.671976963334771, 23.314894042697613 ] } },
{ "type": "Feature", "properties": { "工程（財產）名稱": "擋土牆", "工程（財產）別名": "曾文崩坍地-壩區農場", "財產編號": "1110102-0004 93-0000101", "保管單位": "曾管中心", "入帳日期(購置日期)": "2004-12-31", "清查日期": "2013/02/27", "地籍": "嘉義縣大埔鄉大埔段1482號", "座標X(1)": 203609.49, "座標Y(1)": 2569349.6, "座標X(2)": null, "座標Y(2)": null, "有無貼牌": "--", "有無QRCode": "無", "說明": null, "保管人": "陳乙震" }, "geometry": { "type": "Point", "coordinates": [ 120.546709979182353, 23.225711985250122 ] } },
{ "type": "Feature", "properties": { "工程（財產）名稱": "擋土牆", "工程（財產）別名": "曾文公共設施整建五期", "財產編號": "1110102-0004 94-0000126", "保管單位": "曾管中心", "入帳日期(購置日期)": "2005-12-30", "清查日期": "2015/02/06", "地籍": null, "座標X(1)": 201923.48, "座標Y(1)": 2572262.55, "座標X(2)": null, "座標Y(2)": null, "有無貼牌": "--", "有無QRCode": "無", "說明": "曾庫公路梧棲溝路口", "保管人": "陳乙震" }, "geometry": { "type": "Point", "coordinates": [ 120.530143997413646, 23.251968021228986 ] } },
{ "type": "Feature", "properties": { "工程（財產）名稱": "擋土牆", "工程（財產）別名": "永樂村暨和平村水土保", "財產編號": "1110102-0004 92-0000060", "保管單位": "養護科", "入帳日期(購置日期)": "2003-09-12", "清查日期": "2014/04/18", "地籍": "嘉義縣大埔鄉大埔段768-4號", "座標X(1)": 212058.12, "座標Y(1)": 2577895.51, "座標X(2)": null, "座標Y(2)": null, "有無貼牌": "--", "有無QRCode": "無", "說明": null, "保管人": "吳宗翰" }, "geometry": { "type": "Point", "coordinates": [ 120.629048040787211, 23.303099995374186 ] } },
{ "type": "Feature", "properties": { "工程（財產）名稱": "擋土牆", "工程（財產）別名": "曾文集水區水土保持", "財產編號": "1110102-0004 91-0000011", "保管單位": "曾管中心", "入帳日期(購置日期)": "1996-06-01", "清查日期": "2014/05/28", "地籍": "保安林", "座標X(1)": 204040.56, "座標Y(1)": 2581327.8, "座標X(2)": null, "座標Y(2)": null, "有無貼牌": "--", "有無QRCode": "無", "說明": "位於南寮產業道路上(南寮國小附近)", "保管人": "陳乙震" }, "geometry": { "type": "Point", "coordinates": [ 120.550559090325976, 23.333888867581489 ] } },
{ "type": "Feature", "properties": { "工程（財產）名稱": "擋土牆", "工程（財產）別名": "擋土牆/108曾文水庫週邊零星工程", "財產編號": "1110102-0004 00-0000559", "保管單位": "養護科", "入帳日期(購置日期)": "2020-03-18", "清查日期": "--", "地籍": "嘉義縣南寮段49地號", "座標X(1)": 204593.0, "座標Y(1)": 2581152.0, "座標X(2)": null, "座標Y(2)": null, "有無貼牌": "--", "有無QRCode": "無", "說明": "擋土牆11公尺", "保管人": "吳宗翰" }, "geometry": { "type": "Point", "coordinates": [ 120.555966594302504, 23.332316785766242 ] } },
{ "type": "Feature", "properties": { "工程（財產）名稱": "擋土牆", "工程（財產）別名": "集水區壩區第二期工程", "財產編號": "1110102-0004 93-0000083", "保管單位": "曾管中心", "入帳日期(購置日期)": "2004-07-25", "清查日期": "2012/11/21", "地籍": "台南市東山區下南勢段1136號", "座標X(1)": 198997.45, "座標Y(1)": 2569772.12, "座標X(2)": null, "座標Y(2)": null, "有無貼牌": "--", "有無QRCode": "無", "說明": "東口露營區", "保管人": "陳乙震" }, "geometry": { "type": "Point", "coordinates": [ 120.501632003062042, 23.229390999795434 ] } },
{ "type": "Feature", "properties": { "工程（財產）名稱": "擋土牆", "工程（財產）別名": "集水區水土保持處理工", "財產編號": "1110102-0004 91-0000003", "保管單位": "曾管中心", "入帳日期(購置日期)": "1995-06-22", "清查日期": "2018/11/09", "地籍": "嘉義縣大埔鄉大埔段24-12號", "座標X(1)": 209723.35, "座標Y(1)": 2572991.04, "座標X(2)": null, "座標Y(2)": null, "有無貼牌": "--", "有無QRCode": "無", "說明": "位於大茅埔至坪林產業道路上", "保管人": "陳乙震" }, "geometry": { "type": "Point", "coordinates": [ 120.60635196398195, 23.25875598396086 ] } },
{ "type": "Feature", "properties": { "工程（財產）名稱": "擋土牆", "工程（財產）別名": "尖山村駁坎整修-156M2", "財產編號": "1110102-0004 95-0000147", "保管單位": "阿公店大壩下游", "入帳日期(購置日期)": "2006-12-25", "清查日期": "2015/04/15", "地籍": null, "座標X(1)": 183798.0, "座標Y(1)": 2523487.0, "座標X(2)": null, "座標Y(2)": null, "有無貼牌": "--", "有無QRCode": "無", "說明": null, "保管人": "呂元鈞" }, "geometry": { "type": "Point", "coordinates": [ 120.355108698305074, 22.810888970186284 ] } },
{ "type": "Feature", "properties": { "工程（財產）名稱": "擋土牆", "工程（財產）別名": "馬頭山至大埔水土保持", "財產編號": "1110102-0004 91-0000042", "保管單位": "養護科", "入帳日期(購置日期)": "2002-12-31", "清查日期": "2014/05/08", "地籍": "嘉義縣大埔鄉埔南段313號", "座標X(1)": 208356.952, "座標Y(1)": 2577318.723, "座標X(2)": null, "座標Y(2)": null, "有無貼牌": "--", "有無QRCode": "無", "說明": null, "保管人": "吳宗翰" }, "geometry": { "type": "Point", "coordinates": [ 120.592878812593483, 23.297801736533401 ] } },
{ "type": "Feature", "properties": { "工程（財產）名稱": "眷屬宿舍", "工程（財產）別名": "楠西眷舍", "財產編號": "2010601-004D 91-0000115", "保管單位": "秘書室", "入帳日期(購置日期)": "1970-11-30", "清查日期": "2023/10/19", "地籍": "台南市楠西區楠西段65-6號", "座標X(1)": 197872.61, "座標Y(1)": 2564455.29, "座標X(2)": "197789", "座標Y(2)": "2564465", "有無貼牌": "是", "有無QRCode": "無", "說明": "水庫路93、95、97、99號", "保管人": "陳奕瑋" }, "geometry": { "type": "Point", "coordinates": [ 120.490822957468922, 23.181344029225503 ] } },
{ "type": "Feature", "properties": { "工程（財產）名稱": "眷屬宿舍", "工程（財產）別名": "警察隊宿舍", "財產編號": "2010601-004D 91-0000119", "保管單位": "警察隊", "入帳日期(購置日期)": "1990-06-30", "清查日期": "2025/02/13", "地籍": "台南市楠西區密枝段101-5號", "座標X(1)": 198695.049, "座標Y(1)": 2568956.56, "座標X(2)": "198696", "座標Y(2)": "2568959", "有無貼牌": "是", "有無QRCode": "有", "說明": null, "保管人": "許晉豪" }, "geometry": { "type": "Point", "coordinates": [ 120.498704695235418, 23.222016989620855 ] } },
{ "type": "Feature", "properties": { "工程（財產）名稱": "排水暗渠", "工程（財產）別名": "七星村混凝土排水溝", "財產編號": "2020405-0002 93-0000001", "保管單位": "阿管中心", "入帳日期(購置日期)": "2004-12-31", "清查日期": "2019/06/21", "地籍": "高雄市田寮區水蛙潭段381-138號", "座標X(1)": 186725.0, "座標Y(1)": 2524694.0, "座標X(2)": null, "座標Y(2)": null, "有無貼牌": "--", "有無QRCode": "無", "說明": null, "保管人": "陳煌祥" }, "geometry": { "type": "Point", "coordinates": [ 120.383571031119686, 22.821901482496379 ] } },
{ "type": "Feature", "properties": { "工程（財產）名稱": "擋土牆", "工程（財產）別名": "擋土牆/110年阿公店水庫週邊零星工程", "財產編號": "1110102-0004 00-0000652", "保管單位": "阿管中心", "入帳日期(購置日期)": "2022-01-26", "清查日期": "2022/12/07", "地籍": "田寮區水蛙潭段381-166地號", "座標X(1)": 186852.0, "座標Y(1)": 2524381.0, "座標X(2)": "186849", "座標Y(2)": "2524396", "有無貼牌": "是", "有無QRCode": "無", "說明": null, "保管人": "陳煌祥" }, "geometry": { "type": "Point", "coordinates": [ 120.384820915855315, 22.81907974292811 ] } },
{ "type": "Feature", "properties": { "工程（財產）名稱": "擋土牆", "工程（財產）別名": "擋土牆/101曾文水庫週邊零星工程", "財產編號": "1110102-0004 00-0000583", "保管單位": "養護科", "入帳日期(購置日期)": "2013-01-08", "清查日期": "2020/09/23", "地籍": "新美段122地號", "座標X(1)": 218449.0, "座標Y(1)": 2581562.0, "座標X(2)": null, "座標Y(2)": null, "有無貼牌": "--", "有無QRCode": "無", "說明": null, "保管人": "吳宗翰" }, "geometry": { "type": "Point", "coordinates": [ 120.691453507852032, 23.336344640443244 ] } },
{ "type": "Feature", "properties": { "工程（財產）名稱": "擋土牆", "工程（財產）別名": "擋土牆/101曾文水庫週邊零星工程", "財產編號": "1110102-0004 00-0000582", "保管單位": "養護科", "入帳日期(購置日期)": "2013-01-08", "清查日期": "2020/09/23", "地籍": "特富野段37-2號", "座標X(1)": 226761.0, "座標Y(1)": 2595851.0, "座標X(2)": null, "座標Y(2)": null, "有無貼牌": "--", "有無QRCode": "無", "說明": null, "保管人": "吳宗翰" }, "geometry": { "type": "Point", "coordinates": [ 120.772518066977881, 23.465516272761718 ] } },
{ "type": "Feature", "properties": { "工程（財產）名稱": "擋土牆", "工程（財產）別名": "擋土牆/101曾文水庫週邊零星工程", "財產編號": "1110102-0004 00-0000581", "保管單位": "養護科", "入帳日期(購置日期)": "2013-01-08", "清查日期": "2020/09/23", "地籍": "樂野段76-30地號", "座標X(1)": 219752.0, "座標Y(1)": 2596771.0, "座標X(2)": null, "座標Y(2)": null, "有無貼牌": "--", "有無QRCode": "無", "說明": null, "保管人": "吳宗翰" }, "geometry": { "type": "Point", "coordinates": [ 120.703890457091973, 23.473708790466102 ] } },
{ "type": "Feature", "properties": { "工程（財產）名稱": "擋土牆", "工程（財產）別名": "擋土牆/101東源區水庫周邊零星工程", "財產編號": "1110102-0004 00-0000574", "保管單位": "養護科", "入帳日期(購置日期)": "2013-01-15", "清查日期": "2020/09/23", "地籍": "牡丹鄉東源段1311-2號", "座標X(1)": 233586.0, "座標Y(1)": 2453418.0, "座標X(2)": null, "座標Y(2)": null, "有無貼牌": "--", "有無QRCode": "無", "說明": null, "保管人": "吳宗翰" }, "geometry": { "type": "Point", "coordinates": [ 120.840828721721323, 22.179301132918898 ] } },
{ "type": "Feature", "properties": { "工程（財產）名稱": "擋土牆", "工程（財產）別名": "擋土牆/106甲仙攔河堰聯外道路邊坡水土保持", "財產編號": "1110102-0004 00-0000539", "保管單位": "甲仙攔河堰管理中心", "入帳日期(購置日期)": "2019-02-26", "清查日期": "2024/07/15", "地籍": "高雄市甲仙區公館段1-1、58-1、60-1、59-1、67-1、68-1、72-1、69及1-4地號", "座標X(1)": 207342.0, "座標Y(1)": 2553562.0, "座標X(2)": "207305", "座標Y(2)": "2553567", "有無貼牌": "是", "有無QRCode": "無", "說明": null, "保管人": "籃駿鞍" }, "geometry": { "type": "Point", "coordinates": [ 120.58362104146191, 23.083245827345227 ] } },
{ "type": "Feature", "properties": { "工程（財產）名稱": "擋土牆", "工程（財產）別名": "106年曾文水庫週邊零星工程延續擋土牆", "財產編號": "1110102-0004 00-0000508", "保管單位": "養護科", "入帳日期(購置日期)": "2017-03-03", "清查日期": "--", "地籍": "南寮段44號", "座標X(1)": 203998.0, "座標Y(1)": 2581745.0, "座標X(2)": null, "座標Y(2)": null, "有無貼牌": "--", "有無QRCode": "無", "說明": "護岸 集水井 涵管 簡易護欄 擋土牆", "保管人": "吳宗翰" }, "geometry": { "type": "Point", "coordinates": [ 120.550130213640969, 23.337655019125215 ] } },
{ "type": "Feature", "properties": { "工程（財產）名稱": "擋土牆", "工程（財產）別名": "106年曾文水庫湖域保護帶期治理第一期工程", "財產編號": "1110102-0004 00-0000493", "保管單位": "曾管中心", "入帳日期(購置日期)": "2018-01-30", "清查日期": "--", "地籍": null, "座標X(1)": 201354.0, "座標Y(1)": 2571738.0, "座標X(2)": null, "座標Y(2)": null, "有無貼牌": "--", "有無QRCode": "無", "說明": null, "保管人": "周駿宏" }, "geometry": { "type": "Point", "coordinates": [ 120.524595357919097, 23.247214514763183 ] } },
{ "type": "Feature", "properties": { "工程（財產）名稱": "擋土牆", "工程（財產）別名": "擋土牆/109曾文水庫湖域保護帶治理第三期", "財產編號": "1110102-0004 00-0000650", "保管單位": "曾管中心", "入帳日期(購置日期)": "2021-10-07", "清查日期": "2022/10/25", "地籍": "台南市楠西區巖仔頂段29號", "座標X(1)": 201575.597, "座標Y(1)": 2558950.696, "座標X(2)": "200816", "座標Y(2)": "2558970", "有無貼牌": "是", "有無QRCode": "無", "說明": "因山路長滿雜草,未帶到簾刀,無法再往前走,全身已沾滿了咸豐草的刺芒", "保管人": "林韋辰" }, "geometry": { "type": "Point", "coordinates": [ 120.527167002853005, 23.131749000120621 ] } },
{ "type": "Feature", "properties": { "工程（財產）名稱": "擋土牆", "工程（財產）別名": "擋土牆/110年曾文水庫周邊零星工程", "財產編號": "1110102-0004 00-0000649", "保管單位": "養護科", "入帳日期(購置日期)": "2021-12-16", "清查日期": "--", "地籍": null, "座標X(1)": 206595.0, "座標Y(1)": 2572457.0, "座標X(2)": null, "座標Y(2)": null, "有無貼牌": "--", "有無QRCode": "無", "說明": null, "保管人": "吳宗翰" }, "geometry": { "type": "Point", "coordinates": [ 120.575792592775855, 23.253853878749691 ] } },
{ "type": "Feature", "properties": { "工程（財產）名稱": "眷屬宿舍", "工程（財產）別名": "楠西眷舍", "財產編號": "2010601-004D 91-0000113", "保管單位": "秘書室", "入帳日期(購置日期)": "1970-11-30", "清查日期": "2021/06/16", "地籍": "台南市楠西區楠西段59-3號", "座標X(1)": 197910.16, "座標Y(1)": 2564447.51, "座標X(2)": "197879", "座標Y(2)": "2564442", "有無貼牌": "是", "有無QRCode": "無", "說明": "水庫路71、75、79、83號", "保管人": "陳奕瑋" }, "geometry": { "type": "Point", "coordinates": [ 120.491189997956667, 23.181274960282856 ] } },
{ "type": "Feature", "properties": { "工程（財產）名稱": "眷屬宿舍", "工程（財產）別名": "楠西眷舍", "財產編號": "2010601-004D 91-0000117", "保管單位": "秘書室", "入帳日期(購置日期)": "1971-12-20", "清查日期": "2023/10/19", "地籍": "台南市楠西區楠西段65-6、64-1、59-3號", "座標X(1)": 197794.56, "座標Y(1)": 2564472.5, "座標X(2)": "197812", "座標Y(2)": "2564505", "有無貼牌": "是", "有無QRCode": "無", "說明": "水庫路29、31、33、35號", "保管人": "陳奕瑋" }, "geometry": { "type": "Point", "coordinates": [ 120.490060004388567, 23.181496970972937 ] } },
{ "type": "Feature", "properties": { "工程（財產）名稱": "擋土牆", "工程（財產）別名": "擋土牆/110年阿公店水庫週邊零星工程", "財產編號": "1110102-0004 00-0000651", "保管單位": "阿管中心", "入帳日期(購置日期)": "2022-01-26", "清查日期": "2022/12/07", "地籍": "田寮區牛稠埔段500-68地號", "座標X(1)": 185427.0, "座標Y(1)": 2525995.0, "座標X(2)": "186849", "座標Y(2)": "2525967", "有無貼牌": "是", "有無QRCode": "無", "說明": null, "保管人": "陳煌祥" }, "geometry": { "type": "Point", "coordinates": [ 120.370872423760147, 22.833600597436106 ] } },
{ "type": "Feature", "properties": { "工程（財產）名稱": "眷屬宿舍", "工程（財產）別名": "楠西眷舍", "財產編號": "2010601-004D 91-0000108", "保管單位": "秘書室", "入帳日期(購置日期)": "1970-11-30", "清查日期": "2021/06/16", "地籍": "台南市楠西區楠西段59-3號", "座標X(1)": 197798.07, "座標Y(1)": 2564510.81, "座標X(2)": "197915", "座標Y(2)": "2564450", "有無貼牌": "是", "有無QRCode": "無", "說明": "水庫路53、57、61、65號", "保管人": "陳奕瑋" }, "geometry": { "type": "Point", "coordinates": [ 120.490092977872592, 23.181843027827266 ] } },
{ "type": "Feature", "properties": { "工程（財產）名稱": "公廁", "工程（財產）別名": "大埔壩址公廁", "財產編號": "2020202-006C 91-0000004", "保管單位": "曾管中心", "入帳日期(購置日期)": "1974-11-01", "清查日期": "2022/03/15", "地籍": "嘉義縣大埔鄉柳藤潭段53-20號", "座標X(1)": 202739.1, "座標Y(1)": 2571232.26, "座標X(2)": "202953", "座標Y(2)": "2571004", "有無貼牌": "是", "有無QRCode": "無", "說明": "環湖道路水上樂園", "保管人": "黃冠璋" }, "geometry": { "type": "Point", "coordinates": [ 120.5381469564242, 23.242687980739824 ] } },
{ "type": "Feature", "properties": { "工程（財產）名稱": "診療室", "工程（財產）別名": "試驗室", "財產編號": "2010401-001A 91-0000001", "保管單位": "秘書室", "入帳日期(購置日期)": "1970-11-30", "清查日期": "2021/06/16", "地籍": "台南市楠西區密枝段102-47號", "座標X(1)": 198535.31, "座標Y(1)": 2568629.76, "座標X(2)": "198553", "座標Y(2)": "2568613", "有無貼牌": "是", "有無QRCode": "無", "說明": "4/1清查結果:TWD97,台南市楠西區密枝段102-47號,建物面積121.23平方公尺", "保管人": "陳奕瑋" }, "geometry": { "type": "Point", "coordinates": [ 120.497154997576814, 23.219060957371195 ] } },
{ "type": "Feature", "properties": { "工程（財產）名稱": "觀測臺", "工程（財產）別名": "曾文水庫大埔水文站工程-永久河道放水道防", "財產編號": "2020202-002A 00-0000001", "保管單位": "曾管中心", "入帳日期(購置日期)": "2012-11-25", "清查日期": "2013/03/13", "地籍": "曾文溪上游河道", "座標X(1)": 213715.0, "座標Y(1)": 2577098.0, "座標X(2)": null, "座標Y(2)": null, "有無貼牌": "--", "有無QRCode": "無", "說明": "大埔水文站", "保管人": "黃政達" }, "geometry": { "type": "Point", "coordinates": [ 120.645265951587945, 23.295935789357571 ] } },
{ "type": "Feature", "properties": { "工程（財產）名稱": "營業處所房屋", "工程（財產）別名": "收費站改建工程", "財產編號": "2010202-001B 00-0000001", "保管單位": "曾管中心", "入帳日期(購置日期)": "1994-07-31", "清查日期": "2025/01/22", "地籍": "台南市楠西區旺萊宅段5-184號", "座標X(1)": 198505.09, "座標Y(1)": 2567644.84, "座標X(2)": "198503", "座標Y(2)": "2567634", "有無貼牌": "是", "有無QRCode": "有", "說明": "位於二號橋", "保管人": "陳乙震" }, "geometry": { "type": "Point", "coordinates": [ 120.49689304472777, 23.210166045791155 ] } },
{ "type": "Feature", "properties": { "工程（財產）名稱": "汽車庫", "工程（財產）別名": "渡假村停車場(山芙蓉)", "財產編號": "2010204-002C 91-0000004", "保管單位": "曾管中心", "入帳日期(購置日期)": "1997-02-27", "清查日期": "2022/03/15", "地籍": "台南市楠西鄉密枝段98-10號及98-1號", "座標X(1)": 198831.78, "座標Y(1)": 2569153.54, "座標X(2)": "198928", "座標Y(2)": "2569213", "有無貼牌": "是", "有無QRCode": "無", "說明": "山芙蓉渡假村道路旁", "保管人": "黃冠璋" }, "geometry": { "type": "Point", "coordinates": [ 120.50003401780998, 23.223799999786387 ] } },
{ "type": "Feature", "properties": { "工程（財產）名稱": "汽車庫", "工程（財產）別名": "本局停車棚", "財產編號": "2010204-002C 91-0000001", "保管單位": "秘書室", "入帳日期(購置日期)": "1969-11-10", "清查日期": "2013/09/12", "地籍": "台南市楠西區密枝段102-70號", "座標X(1)": 198703.88, "座標Y(1)": 2568660.3, "座標X(2)": null, "座標Y(2)": null, "有無貼牌": "是", "有無QRCode": "無", "說明": null, "保管人": "陳奕瑋" }, "geometry": { "type": "Point", "coordinates": [ 120.498800963147886, 23.219341996230828 ] } },
{ "type": "Feature", "properties": { "工程（財產）名稱": "汽車庫", "工程（財產）別名": "車庫", "財產編號": "2010204-002C 91-0000002", "保管單位": "秘書室", "入帳日期(購置日期)": "1970-11-30", "清查日期": "2013/09/12", "地籍": "台南市楠西區密枝102-67號", "座標X(1)": 198674.83, "座標Y(1)": 2568666.28, "座標X(2)": null, "座標Y(2)": null, "有無貼牌": "是", "有無QRCode": "無", "說明": "含駕駛休息室", "保管人": "陳奕瑋" }, "geometry": { "type": "Point", "coordinates": [ 120.498516931078925, 23.2193950914839 ] } },
{ "type": "Feature", "properties": { "工程（財產）名稱": "汽車庫", "工程（財產）別名": "消防車庫", "財產編號": "2010204-002C 91-0000003", "保管單位": "警察隊", "入帳日期(購置日期)": "1970-11-30", "清查日期": "2025/02/13", "地籍": "台南市楠西區密枝段102-1號", "座標X(1)": 198709.5, "座標Y(1)": 2568922.4, "座標X(2)": "198695", "座標Y(2)": "2568917", "有無貼牌": "是", "有無QRCode": "有", "說明": null, "保管人": "許晉豪" }, "geometry": { "type": "Point", "coordinates": [ 120.498847041375072, 23.221708970301162 ] } },
{ "type": "Feature", "properties": { "工程（財產）名稱": "護岸", "工程（財產）別名": "東源段野溪整治工程", "財產編號": "1110102-008G 94-0000001", "保管單位": "牡管中心", "入帳日期(購置日期)": "2004-12-31", "清查日期": "2014/04/01", "地籍": "屏東縣牡丹鄉(無地籍資料)", "座標X(1)": 224008.18, "座標Y(1)": 2455706.18, "座標X(2)": "234008.18", "座標Y(2)": "2455706.18", "有無貼牌": "--", "有無QRCode": "無", "說明": null, "保管人": "周百欽" }, "geometry": { "type": "Point", "coordinates": [ 120.747913537054103, 22.199849781082108 ] } },
{ "type": "Feature", "properties": { "工程（財產）名稱": "公廁", "工程（財產）別名": "二號橋公廁", "財產編號": "2020202-006C 91-0000001", "保管單位": "曾管中心", "入帳日期(購置日期)": "1972-01-01", "清查日期": "2025/01/22", "地籍": "台南市楠西區旺萊宅段5-134號及5-184號", "座標X(1)": 198506.34, "座標Y(1)": 2567651.59, "座標X(2)": "198518", "座標Y(2)": "2567685", "有無貼牌": "是", "有無QRCode": "有", "說明": "二號橋收費站", "保管人": "黃冠璋" }, "geometry": { "type": "Point", "coordinates": [ 120.496905028692794, 23.210227038343991 ] } },
{ "type": "Feature", "properties": { "工程（財產）名稱": "操場", "工程（財產）別名": "廣場", "財產編號": "1110103-004D 00-0000001", "保管單位": "阿管中心", "入帳日期(購置日期)": "2009-12-31", "清查日期": "2013/03/26", "地籍": "高雄市燕巢區瓊東段236號", "座標X(1)": 183977.96, "座標Y(1)": 2522605.19, "座標X(2)": null, "座標Y(2)": null, "有無貼牌": "--", "有無QRCode": "無", "說明": null, "保管人": "陳煌祥" }, "geometry": { "type": "Point", "coordinates": [ 120.356899024423171, 22.802932968817949 ] } },
{ "type": "Feature", "properties": { "工程（財產）名稱": "擋土牆", "工程（財產）別名": "曾文公共設施整建三期", "財產編號": "1110102-0004 93-0000102", "保管單位": "曾管中心", "入帳日期(購置日期)": "2004-12-31", "清查日期": "2018/10/31", "地籍": "台南市東山區下南勢段948-9(地號", "座標X(1)": 200144.16, "座標Y(1)": 2570647.06, "座標X(2)": null, "座標Y(2)": null, "有無貼牌": "--", "有無QRCode": "無", "說明": "位於曾庫公路溪畔上方出口處", "保管人": "周駿宏" }, "geometry": { "type": "Point", "coordinates": [ 120.512808008930477, 23.237326958126573 ] } },
{ "type": "Feature", "properties": { "工程（財產）名稱": "擋土牆", "工程（財產）別名": "擋土牆/104曾文水庫集水區主流樂野壩下游至", "財產編號": "1110102-0004 00-0000547", "保管單位": "曾管中心", "入帳日期(購置日期)": "2016-04-01", "清查日期": "--", "地籍": "嘉義縣阿里山鄉烏玆娜段65號及嘎娜烏段9號", "座標X(1)": 219160.0, "座標Y(1)": 2593521.0, "座標X(2)": "218907", "座標Y(2)": "2593521", "有無貼牌": "--", "有無QRCode": "無", "說明": "RC護岸290公尺", "保管人": "許玿瑛" }, "geometry": { "type": "Point", "coordinates": [ 120.698161921394004, 23.444349905425526 ] } },
{ "type": "Feature", "properties": { "工程（財產）名稱": "排水暗渠", "工程（財產）別名": "阿公店水庫舟仔坑及中", "財產編號": "2020405-0002 00-0000013", "保管單位": "阿管中心", "入帳日期(購置日期)": "2003-09-04", "清查日期": "2015/04/08", "地籍": null, "座標X(1)": 184326.0, "座標Y(1)": 2525271.0, "座標X(2)": "184054", "座標Y(2)": "2525271", "有無貼牌": "--", "有無QRCode": "無", "說明": null, "保管人": "呂元鈞" }, "geometry": { "type": "Point", "coordinates": [ 120.360176576817153, 22.827019886434019 ] } },
{ "type": "Feature", "properties": { "工程（財產）名稱": "排水暗渠", "工程（財產）別名": "排水暗溝", "財產編號": "2020405-0002 94-0000005", "保管單位": "甲仙(堰區)", "入帳日期(購置日期)": "2005-12-30", "清查日期": "2024/07/23", "地籍": "甲仙段827號地", "座標X(1)": 207924.35, "座標Y(1)": 2553423.06, "座標X(2)": "207967", "座標Y(2)": "2553403", "有無貼牌": "是", "有無QRCode": "無", "說明": null, "保管人": "洪瑞隆" }, "geometry": { "type": "Point", "coordinates": [ 120.589308978511838, 23.082006023941965 ] } },
{ "type": "Feature", "properties": { "工程（財產）名稱": "排水暗渠", "工程（財產）別名": "排水暗溝", "財產編號": "2020405-0002 94-0000006", "保管單位": "甲仙(堰區)", "入帳日期(購置日期)": "2005-12-30", "清查日期": "2022/04/11", "地籍": "高雄市甲仙區東阿里關段1248號", "座標X(1)": 211481.54, "座標Y(1)": 2559836.11, "座標X(2)": "211476", "座標Y(2)": "2559731", "有無貼牌": "是", "有無QRCode": "無", "說明": null, "保管人": "洪瑞隆" }, "geometry": { "type": "Point", "coordinates": [ 120.623868016101468, 23.140004981276626 ] } },
{ "type": "Feature", "properties": { "工程（財產）名稱": "排水暗渠", "工程（財產）別名": "東安村油礦巷道路排水改善工程", "財產編號": "2020405-0002 00-0000024", "保管單位": "甲仙(堰區)", "入帳日期(購置日期)": "2010-08-03", "清查日期": "2021/11/03", "地籍": "甲仙段36等號地", "座標X(1)": 207955.18, "座標Y(1)": 2553775.0, "座標X(2)": "207896", "座標Y(2)": "2553774", "有無貼牌": "是", "有無QRCode": "無", "說明": null, "保管人": "洪瑞隆" }, "geometry": { "type": "Point", "coordinates": [ 120.589600250027345, 23.085184968088228 ] } },
{ "type": "Feature", "properties": { "工程（財產）名稱": "排水暗渠", "工程（財產）別名": "金山村混凝土排水溝", "財產編號": "2020405-0002 93-0000003", "保管單位": "阿管中心", "入帳日期(購置日期)": "2004-12-31", "清查日期": "2019/06/21", "地籍": "高雄市燕巢區尖山段680-4號", "座標X(1)": 185677.0, "座標Y(1)": 2523227.0, "座標X(2)": null, "座標Y(2)": null, "有無貼牌": "--", "有無QRCode": "無", "說明": null, "保管人": "陳煌祥" }, "geometry": { "type": "Point", "coordinates": [ 120.373422419708447, 22.808614058717609 ] } },
{ "type": "Feature", "properties": { "工程（財產）名稱": "基礎", "工程（財產）別名": "基礎/高屏堰興田伏流水發電機備授電力平台", "財產編號": "1110101-0031 00-0000003", "保管單位": "高屏溪攔河堰", "入帳日期(購置日期)": "2022-07-29", "清查日期": "2023/04/11", "地籍": "屏東縣屏東市大鵬段206號", "座標X(1)": 193787.0, "座標Y(1)": 2512359.0, "座標X(2)": "193786", "座標Y(2)": "2512362", "有無貼牌": "是", "有無QRCode": "無", "說明": null, "保管人": "蔡易龍" }, "geometry": { "type": "Point", "coordinates": [ 120.452811008174621, 22.710760464688441 ] } },
{ "type": "Feature", "properties": { "工程（財產）名稱": "路燈", "工程（財產）別名": "路燈", "財產編號": "2020202-012B 00-0000055", "保管單位": "曾管中心", "入帳日期(購置日期)": "2009-12-31", "清查日期": "2021/09/16", "地籍": null, "座標X(1)": 198815.36, "座標Y(1)": 2569556.25, "座標X(2)": "198812", "座標Y(2)": "2569556", "有無貼牌": "是", "有無QRCode": "無", "說明": "東口露營區", "保管人": "邱玟融" }, "geometry": { "type": "Point", "coordinates": [ 120.499860037116932, 23.227436014400851 ] } },
{ "type": "Feature", "properties": { "工程（財產）名稱": "路燈", "工程（財產）別名": "路燈", "財產編號": "2020202-012B 00-0000026", "保管單位": "曾管中心", "入帳日期(購置日期)": "2008-12-25", "清查日期": "2021/04/15", "地籍": "台南市楠西區密枝段 98-42號", "座標X(1)": 198806.0, "座標Y(1)": 2569216.0, "座標X(2)": null, "座標Y(2)": null, "有無貼牌": "是", "有無QRCode": "無", "說明": null, "保管人": "邱玟融" }, "geometry": { "type": "Point", "coordinates": [ 120.499780027145022, 23.224363220752849 ] } },
{ "type": "Feature", "properties": { "工程（財產）名稱": "路燈", "工程（財產）別名": "路燈", "財產編號": "2020202-012B 00-0000070", "保管單位": "阿管中心", "入帳日期(購置日期)": "2009-12-31", "清查日期": "2022/09/08", "地籍": "高雄市田寮區牛稠埔段221號", "座標X(1)": 184263.0, "座標Y(1)": 2526612.0, "座標X(2)": null, "座標Y(2)": null, "有無貼牌": "是", "有無QRCode": "無", "說明": null, "保管人": "陳煌祥" }, "geometry": { "type": "Point", "coordinates": [ 120.359506161910787, 22.839127132775584 ] } },
{ "type": "Feature", "properties": { "工程（財產）名稱": "路燈", "工程（財產）別名": "路燈", "財產編號": "2020202-012B 00-0000079", "保管單位": "阿管中心", "入帳日期(購置日期)": "2010-12-31", "清查日期": "2022/09/08", "地籍": null, "座標X(1)": 184253.0, "座標Y(1)": 2526651.0, "座標X(2)": null, "座標Y(2)": null, "有無貼牌": "是", "有無QRCode": "無", "說明": null, "保管人": "陳煌祥" }, "geometry": { "type": "Point", "coordinates": [ 120.359407084813753, 22.839478924647771 ] } },
{ "type": "Feature", "properties": { "工程（財產）名稱": "路燈", "工程（財產）別名": "路燈", "財產編號": "2020202-012B 00-0000022", "保管單位": "高屏溪攔河堰", "入帳日期(購置日期)": "2008-11-03", "清查日期": "2021/06/17", "地籍": "大樹區保安段河川公地", "座標X(1)": 192063.0, "座標Y(1)": 2509810.0, "座標X(2)": "192091", "座標Y(2)": "2509858", "有無貼牌": "是", "有無QRCode": "無", "說明": null, "保管人": "許子晏" }, "geometry": { "type": "Point", "coordinates": [ 120.436124082439548, 22.687683080672105 ] } },
{ "type": "Feature", "properties": { "工程（財產）名稱": "路燈", "工程（財產）別名": "路燈", "財產編號": "2020202-012B 00-0000052", "保管單位": "曾管中心", "入帳日期(購置日期)": "2009-12-31", "清查日期": "2022/11/14", "地籍": "台南市東山區下南勢段1135號", "座標X(1)": 198689.13, "座標Y(1)": 2569517.37, "座標X(2)": "198484", "座標Y(2)": "2569338", "有無貼牌": "是", "有無QRCode": "無", "說明": "東口露營區", "保管人": "邱玟融" }, "geometry": { "type": "Point", "coordinates": [ 120.498627954737373, 23.227080993902572 ] } },
{ "type": "Feature", "properties": { "工程（財產）名稱": "路燈", "工程（財產）別名": "路燈", "財產編號": "2020202-012B 00-0000086", "保管單位": "阿管中心", "入帳日期(購置日期)": "2010-12-31", "清查日期": "2022/07/13", "地籍": "高雄市田寮區牛稠埔段207-2號", "座標X(1)": 184275.0, "座標Y(1)": 2526647.0, "座標X(2)": null, "座標Y(2)": null, "有無貼牌": "是", "有無QRCode": "無", "說明": null, "保管人": "陳煌祥" }, "geometry": { "type": "Point", "coordinates": [ 120.359621596229573, 22.839443665288449 ] } },
{ "type": "Feature", "properties": { "工程（財產）名稱": "路燈", "工程（財產）別名": "路燈", "財產編號": "2020202-012B 00-0000058", "保管單位": "曾管中心", "入帳日期(購置日期)": "2009-12-31", "清查日期": "2021/09/16", "地籍": null, "座標X(1)": 198849.63, "座標Y(1)": 2569583.93, "座標X(2)": "198848", "座標Y(2)": "2569586", "有無貼牌": "是", "有無QRCode": "無", "說明": "東口露營區", "保管人": "邱玟融" }, "geometry": { "type": "Point", "coordinates": [ 120.500193958871392, 23.227687033461578 ] } },
{ "type": "Feature", "properties": { "工程（財產）名稱": "路燈", "工程（財產）別名": "路燈", "財產編號": "2020202-012B 00-0000031", "保管單位": "曾管中心", "入帳日期(購置日期)": "2009-12-31", "清查日期": "2022/11/21", "地籍": "台南市東山鄉下南勢段1135號", "座標X(1)": 198608.7, "座標Y(1)": 2569429.94, "座標X(2)": "198695", "座標Y(2)": "2569485", "有無貼牌": "是", "有無QRCode": "無", "說明": "東口露營區", "保管人": "邱玟融" }, "geometry": { "type": "Point", "coordinates": [ 120.497845028085095, 23.226288981229711 ] } },
{ "type": "Feature", "properties": { "工程（財產）名稱": "路燈", "工程（財產）別名": "路燈", "財產編號": "2020202-012B 00-0000044", "保管單位": "曾管中心", "入帳日期(購置日期)": "2009-12-31", "清查日期": "2022/11/14", "地籍": "台南市東山鄉下南勢段1136號位河川地無地籍資料", "座標X(1)": 198642.71, "座標Y(1)": 2569409.89, "座標X(2)": "198562", "座標Y(2)": "2569283", "有無貼牌": "是", "有無QRCode": "無", "說明": "東口露營區", "保管人": "邱玟融" }, "geometry": { "type": "Point", "coordinates": [ 120.498178013613213, 23.22610898827924 ] } },
{ "type": "Feature", "properties": { "工程（財產）名稱": "路燈", "工程（財產）別名": "路燈", "財產編號": "2020202-012B 00-0000036", "保管單位": "曾管中心", "入帳日期(購置日期)": "2009-12-31", "清查日期": "2022/11/14", "地籍": "台南市東山區下南勢段1135號地", "座標X(1)": 198579.7, "座標Y(1)": 2569329.17, "座標X(2)": "198511", "座標Y(2)": "2569347", "有無貼牌": "是", "有無QRCode": "無", "說明": "東口露營區", "保管人": "邱玟融" }, "geometry": { "type": "Point", "coordinates": [ 120.497565076592664, 23.225378109668039 ] } },
{ "type": "Feature", "properties": { "工程（財產）名稱": "路燈", "工程（財產）別名": "路燈", "財產編號": "2020202-012B 00-0000024", "保管單位": "高屏溪攔河堰", "入帳日期(購置日期)": "2008-11-03", "清查日期": "2021/06/17", "地籍": "大樹區保安段河川公地", "座標X(1)": 192063.0, "座標Y(1)": 2509810.0, "座標X(2)": "192108", "座標Y(2)": "2509899", "有無貼牌": "是", "有無QRCode": "無", "說明": null, "保管人": "許子晏" }, "geometry": { "type": "Point", "coordinates": [ 120.436124082439548, 22.687683080672105 ] } },
{ "type": "Feature", "properties": { "工程（財產）名稱": "路燈", "工程（財產）別名": "路燈", "財產編號": "2020202-012B 00-0000068", "保管單位": "阿管中心", "入帳日期(購置日期)": "2009-12-31", "清查日期": "2022/07/13", "地籍": "高雄市田寮區牛稠埔段219-1號", "座標X(1)": 184247.0, "座標Y(1)": 2526633.0, "座標X(2)": null, "座標Y(2)": null, "有無貼牌": "是", "有無QRCode": "無", "說明": null, "保管人": "陳煌祥" }, "geometry": { "type": "Point", "coordinates": [ 120.359349388969306, 22.839316143153983 ] } },
{ "type": "Feature", "properties": { "工程（財產）名稱": "路燈", "工程（財產）別名": "路燈", "財產編號": "2020202-012B 00-0000042", "保管單位": "曾管中心", "入帳日期(購置日期)": "2009-12-31", "清查日期": "2022/11/24", "地籍": "無地籍資料", "座標X(1)": 198624.13, "座標Y(1)": 2569334.76, "座標X(2)": "198630", "座標Y(2)": "2569333", "有無貼牌": "是", "有無QRCode": "無", "說明": "東口露營區", "保管人": "邱玟融" }, "geometry": { "type": "Point", "coordinates": [ 120.497999006704262, 23.225429974956715 ] } },
{ "type": "Feature", "properties": { "工程（財產）名稱": "路燈", "工程（財產）別名": "路燈", "財產編號": "2020202-012B 00-0000067", "保管單位": "阿管中心", "入帳日期(購置日期)": "2009-12-31", "清查日期": "2022/07/13", "地籍": "高雄市田寮區牛稠埔段222-3號", "座標X(1)": 184202.0, "座標Y(1)": 2526644.0, "座標X(2)": null, "座標Y(2)": null, "有無貼牌": "是", "有無QRCode": "無", "說明": null, "保管人": "陳煌祥" }, "geometry": { "type": "Point", "coordinates": [ 120.358910496543217, 22.839413712688192 ] } },
{ "type": "Feature", "properties": { "工程（財產）名稱": "路燈", "工程（財產）別名": "路燈", "財產編號": "2020202-012B 00-0000078", "保管單位": "阿管中心", "入帳日期(購置日期)": "2009-12-31", "清查日期": "2022/07/13", "地籍": "高雄市田寮區牛稠埔段222號", "座標X(1)": 184200.0, "座標Y(1)": 2526628.0, "座標X(2)": null, "座標Y(2)": null, "有無貼牌": "是", "有無QRCode": "無", "說明": null, "保管人": "陳煌祥" }, "geometry": { "type": "Point", "coordinates": [ 120.358891687952024, 22.839269148622432 ] } },
{ "type": "Feature", "properties": { "工程（財產）名稱": "路燈", "工程（財產）別名": "路燈", "財產編號": "2020202-012B 00-0000056", "保管單位": "曾管中心", "入帳日期(購置日期)": "2009-12-31", "清查日期": "2012/10/18", "地籍": null, "座標X(1)": 198815.36, "座標Y(1)": 2569556.25, "座標X(2)": "198827", "座標Y(2)": "2569539", "有無貼牌": "是", "有無QRCode": "無", "說明": "東口露營區", "保管人": "邱玟融" }, "geometry": { "type": "Point", "coordinates": [ 120.499860037116932, 23.227436014400851 ] } },
{ "type": "Feature", "properties": { "工程（財產）名稱": "路燈", "工程（財產）別名": "路燈", "財產編號": "2020202-012B 00-0000034", "保管單位": "曾管中心", "入帳日期(購置日期)": "2009-12-31", "清查日期": "2022/11/21", "地籍": "台南市東山鄉下南勢段1135號", "座標X(1)": 198520.39, "座標Y(1)": 2569345.75, "座標X(2)": "198547", "座標Y(2)": "2569366", "有無貼牌": "是", "有無QRCode": "無", "說明": "東口露營區", "保管人": "邱玟融" }, "geometry": { "type": "Point", "coordinates": [ 120.496985006698196, 23.225525976015373 ] } },
{ "type": "Feature", "properties": { "工程（財產）名稱": "護岸", "工程（財產）別名": "濁水溪支流崩塌地治理", "財產編號": "1110102-008F 94-0000016", "保管單位": "阿管中心", "入帳日期(購置日期)": "2005-12-30", "清查日期": "2015/03/09", "地籍": "高雄市燕巢區千秋寮段202-2號", "座標X(1)": 188154.0, "座標Y(1)": 2523817.0, "座標X(2)": null, "座標Y(2)": null, "有無貼牌": "--", "有無QRCode": "無", "說明": null, "保管人": "呂元鈞" }, "geometry": { "type": "Point", "coordinates": [ 120.397526677867958, 22.814035028814953 ] } },
{ "type": "Feature", "properties": { "工程（財產）名稱": "明渠", "工程（財產）別名": "曾文崩坍大復育計劃(第三期)-687m", "財產編號": "1110101-029A 00-0000021", "保管單位": "曾管中心", "入帳日期(購置日期)": "2007-04-26", "清查日期": "2015/06/26", "地籍": "台南市東山區下南勢段948-9號", "座標X(1)": 199290.88, "座標Y(1)": 2570107.77, "座標X(2)": null, "座標Y(2)": null, "有無貼牌": "--", "有無QRCode": "無", "說明": "曾庫公路溪畔遊樂區入口處", "保管人": "周駿宏" }, "geometry": { "type": "Point", "coordinates": [ 120.504487963418583, 23.232431028445045 ] } },
{ "type": "Feature", "properties": { "工程（財產）名稱": "明渠", "工程（財產）別名": "曾文公共設施工程-974", "財產編號": "1110101-029A 95-0000012", "保管單位": "曾管中心", "入帳日期(購置日期)": "2006-12-29", "清查日期": "2016/05/26", "地籍": "下南勢段1131號", "座標X(1)": 198737.0, "座標Y(1)": 2569546.0, "座標X(2)": null, "座標Y(2)": null, "有無貼牌": "--", "有無QRCode": "無", "說明": null, "保管人": "陳乙震" }, "geometry": { "type": "Point", "coordinates": [ 120.49909472676849, 23.227341017656681 ] } },
{ "type": "Feature", "properties": { "工程（財產）名稱": "明渠", "工程（財產）別名": "風景區公共設施一期", "財產編號": "1110101-029A 92-0000001", "保管單位": "曾管中心", "入帳日期(購置日期)": "2003-10-02", "清查日期": "2015/01/28", "地籍": "台南市東山區下南勢段948-9號地", "座標X(1)": 199772.73, "座標Y(1)": 2570389.07, "座標X(2)": null, "座標Y(2)": null, "有無貼牌": "--", "有無QRCode": "無", "說明": "位於曾庫公路四號橋前", "保管人": "陳乙震" }, "geometry": { "type": "Point", "coordinates": [ 120.509187012437295, 23.234985979445955 ] } },
{ "type": "Feature", "properties": { "工程（財產）名稱": "明渠", "工程（財產）別名": "曾文洩洪河道(3號橋左岸)治理工程-196.5M", "財產編號": "1110101-029A 00-0000029", "保管單位": "曾管中心", "入帳日期(購置日期)": "2011-10-26", "清查日期": "2024/02/05", "地籍": "台南市楠西區密枝段98-9號", "座標X(1)": 199052.77, "座標Y(1)": 2569489.76, "座標X(2)": "199057", "座標Y(2)": "2569490", "有無貼牌": "是", "有無QRCode": "無", "說明": "位於三號橋附近", "保管人": "周駿宏" }, "geometry": { "type": "Point", "coordinates": [ 120.502181997403554, 23.226842964215543 ] } },
{ "type": "Feature", "properties": { "工程（財產）名稱": "明渠", "工程（財產）別名": "明渠", "財產編號": "1110101-029A 00-0000033", "保管單位": "牡管中心", "入帳日期(購置日期)": "2016-12-21", "清查日期": "2019/06/12", "地籍": "屏東縣牡丹鄉東源段1276.1211地號", "座標X(1)": 232424.0, "座標Y(1)": 2451738.0, "座標X(2)": null, "座標Y(2)": null, "有無貼牌": "--", "有無QRCode": "無", "說明": "零星工程", "保管人": "周百欽" }, "geometry": { "type": "Point", "coordinates": [ 120.829578797465544, 22.164116602976076 ] } },
{ "type": "Feature", "properties": { "工程（財產）名稱": "明渠", "工程（財產）別名": "曾文靜水池至曾文五號橋河道右岸..-83.52M", "財產編號": "1110101-029A 00-0000030", "保管單位": "曾管中心", "入帳日期(購置日期)": "2011-12-31", "清查日期": "2012/11/12", "地籍": null, "座標X(1)": 200995.0, "座標Y(1)": 2571181.0, "座標X(2)": null, "座標Y(2)": null, "有無貼牌": "--", "有無QRCode": "無", "說明": "位於五號橋上方曾文溪右岸", "保管人": "陳乙震" }, "geometry": { "type": "Point", "coordinates": [ 120.52110499522729, 23.242174070542063 ] } },
{ "type": "Feature", "properties": { "工程（財產）名稱": "路燈", "工程（財產）別名": "路燈", "財產編號": "2020202-012B 00-0000085", "保管單位": "阿管中心", "入帳日期(購置日期)": "2010-12-31", "清查日期": "2022/07/13", "地籍": "高雄市田寮區牛稠段207-3號", "座標X(1)": 184239.0, "座標Y(1)": 2526649.0, "座標X(2)": null, "座標Y(2)": null, "有無貼牌": "是", "有無QRCode": "無", "說明": null, "保管人": "陳煌祥" }, "geometry": { "type": "Point", "coordinates": [ 120.359270769730827, 22.839460315215817 ] } },
{ "type": "Feature", "properties": { "工程（財產）名稱": "路燈", "工程（財產）別名": "路燈", "財產編號": "2020202-012B 00-0000038", "保管單位": "曾管中心", "入帳日期(購置日期)": "2009-12-31", "清查日期": "2022/11/14", "地籍": "台南市東山區下南勢段1135號", "座標X(1)": 198459.87, "座標Y(1)": 2569335.44, "座標X(2)": "198476", "座標Y(2)": "2569320", "有無貼牌": "是", "有無QRCode": "無", "說明": "東口露營區", "保管人": "邱玟融" }, "geometry": { "type": "Point", "coordinates": [ 120.496394023540759, 23.225430982171265 ] } },
{ "type": "Feature", "properties": { "工程（財產）名稱": "路燈", "工程（財產）別名": "路燈", "財產編號": "2020202-012B 00-0000071", "保管單位": "阿管中心", "入帳日期(購置日期)": "2009-12-31", "清查日期": "2022/07/13", "地籍": "高雄市田寮區牛稠埔段221號", "座標X(1)": 184263.0, "座標Y(1)": 2526608.0, "座標X(2)": null, "座標Y(2)": null, "有無貼牌": "是", "有無QRCode": "無", "說明": null, "保管人": "陳煌祥" }, "geometry": { "type": "Point", "coordinates": [ 120.359506331012668, 22.839091011364513 ] } },
{ "type": "Feature", "properties": { "工程（財產）名稱": "路燈", "工程（財產）別名": "路燈", "財產編號": "2020202-012B 00-0000028", "保管單位": "曾管中心", "入帳日期(購置日期)": "2009-12-23", "清查日期": "2021/04/15", "地籍": "台南市楠西區密枝段 98-29號", "座標X(1)": 198453.0, "座標Y(1)": 2568748.0, "座標X(2)": null, "座標Y(2)": null, "有無貼牌": "是", "有無QRCode": "無", "說明": "救國團入口", "保管人": "邱玟融" }, "geometry": { "type": "Point", "coordinates": [ 120.496346793119486, 23.22012610668525 ] } },
{ "type": "Feature", "properties": { "工程（財產）名稱": "路燈", "工程（財產）別名": "路燈", "財產編號": "2020202-012B 00-0000030", "保管單位": "曾管中心", "入帳日期(購置日期)": "2009-12-31", "清查日期": "2022/11/14", "地籍": "台南市東山鄉下南勢段1136,1135號", "座標X(1)": 198698.03, "座標Y(1)": 2569485.78, "座標X(2)": "198488", "座標Y(2)": "2569331", "有無貼牌": "是", "有無QRCode": "無", "說明": "東口露營區", "保管人": "邱玟融" }, "geometry": { "type": "Point", "coordinates": [ 120.498715981455788, 23.226796009431474 ] } },
{ "type": "Feature", "properties": { "工程（財產）名稱": "路燈", "工程（財產）別名": "路燈", "財產編號": "2020202-012B 00-0000048", "保管單位": "曾管中心", "入帳日期(購置日期)": "2009-12-31", "清查日期": "2022/12/02", "地籍": "台南市東山鄉下南勢段1134號", "座標X(1)": 198664.14, "座標Y(1)": 2569480.47, "座標X(2)": "198668", "座標Y(2)": "2569508", "有無貼牌": "是", "有無QRCode": "無", "說明": "東口露營區", "保管人": "邱玟融" }, "geometry": { "type": "Point", "coordinates": [ 120.498385022983513, 23.226747003142698 ] } },
{ "type": "Feature", "properties": { "工程（財產）名稱": "路燈", "工程（財產）別名": "路燈", "財產編號": "2020202-012B 00-0000083", "保管單位": "阿管中心", "入帳日期(購置日期)": "2010-12-31", "清查日期": "2022/09/08", "地籍": "高雄市田寮區牛稠埔段207-2號", "座標X(1)": 184242.0, "座標Y(1)": 2526658.0, "座標X(2)": null, "座標Y(2)": null, "有無貼牌": "是", "有無QRCode": "無", "說明": null, "保管人": "陳煌祥" }, "geometry": { "type": "Point", "coordinates": [ 120.359299617617438, 22.839541705977759 ] } },
{ "type": "Feature", "properties": { "工程（財產）名稱": "路燈", "工程（財產）別名": "路燈", "財產編號": "2020202-012B 00-0000033", "保管單位": "曾管中心", "入帳日期(購置日期)": "2009-12-31", "清查日期": "2022/11/21", "地籍": "台南市東山鄉下南勢段1135及1134號", "座標X(1)": 198548.61, "座標Y(1)": 2569366.03, "座標X(2)": "198655", "座標Y(2)": "2569447", "有無貼牌": "是", "有無QRCode": "無", "說明": "東口露營區", "保管人": "邱玟融" }, "geometry": { "type": "Point", "coordinates": [ 120.497260054664892, 23.225709989074787 ] } },
{ "type": "Feature", "properties": { "工程（財產）名稱": "路燈", "工程（財產）別名": "路燈", "財產編號": "2020202-012B 00-0000060", "保管單位": "曾管中心", "入帳日期(購置日期)": "2009-12-31", "清查日期": "2021/09/16", "地籍": null, "座標X(1)": 198863.11, "座標Y(1)": 2569602.48, "座標X(2)": "198865", "座標Y(2)": "2569598", "有無貼牌": "是", "有無QRCode": "無", "說明": "東口露營區", "保管人": "邱玟融" }, "geometry": { "type": "Point", "coordinates": [ 120.500325048810467, 23.227854961130802 ] } },
{ "type": "Feature", "properties": { "工程（財產）名稱": "路燈", "工程（財產）別名": "路燈", "財產編號": "2020202-012B 00-0000075", "保管單位": "阿管中心", "入帳日期(購置日期)": "2009-12-31", "清查日期": "2022/09/08", "地籍": "高雄市田寮區牛稠埔段221號", "座標X(1)": 184253.0, "座標Y(1)": 2526585.0, "座標X(2)": null, "座標Y(2)": null, "有無貼牌": "是", "有無QRCode": "無", "說明": null, "保管人": "陳煌祥" }, "geometry": { "type": "Point", "coordinates": [ 120.359409875430444, 22.838882921381909 ] } },
{ "type": "Feature", "properties": { "工程（財產）名稱": "路燈", "工程（財產）別名": "路燈", "財產編號": "2020202-012B 00-0000081", "保管單位": "阿管中心", "入帳日期(購置日期)": "2010-12-31", "清查日期": "2022/09/08", "地籍": "高雄市田寮區牛稠埔段253-122號", "座標X(1)": 184234.0, "座標Y(1)": 2526565.0, "座標X(2)": null, "座標Y(2)": null, "有無貼牌": "是", "有無QRCode": "無", "說明": null, "保管人": "陳煌祥" }, "geometry": { "type": "Point", "coordinates": [ 120.359225608272027, 22.838701569620213 ] } },
{ "type": "Feature", "properties": { "工程（財產）名稱": "路燈", "工程（財產）別名": "路燈", "財產編號": "2020202-012B 00-0000046", "保管單位": "曾管中心", "入帳日期(購置日期)": "2009-12-31", "清查日期": "2022/11/21", "地籍": "台南市東山鄉下南勢段1134號", "座標X(1)": 198637.07, "座標Y(1)": 2569466.83, "座標X(2)": "198667", "座標Y(2)": "2569485", "有無貼牌": "是", "有無QRCode": "無", "說明": "東口露營區", "保管人": "邱玟融" }, "geometry": { "type": "Point", "coordinates": [ 120.49812098378878, 23.226622987946762 ] } },
{ "type": "Feature", "properties": { "工程（財產）名稱": "路燈", "工程（財產）別名": "路燈", "財產編號": "2020202-012B 00-0000077", "保管單位": "阿管中心", "入帳日期(購置日期)": "2009-12-31", "清查日期": "2022/09/08", "地籍": "高雄市田寮區牛稠埔段253-122號", "座標X(1)": 184239.0, "座標Y(1)": 2526557.0, "座標X(2)": null, "座標Y(2)": null, "有無貼牌": "是", "有無QRCode": "無", "說明": null, "保管人": "陳煌祥" }, "geometry": { "type": "Point", "coordinates": [ 120.35927466047994, 22.838629522792555 ] } },
{ "type": "Feature", "properties": { "工程（財產）名稱": "路燈", "工程（財產）別名": "路燈", "財產編號": "2020202-012B 00-0000035", "保管單位": "曾管中心", "入帳日期(購置日期)": "2009-12-31", "清查日期": "2022/11/24", "地籍": "台南市東山區下南勢段1136號", "座標X(1)": 198493.73, "座標Y(1)": 2569330.34, "座標X(2)": "198647", "座標Y(2)": "2569405", "有無貼牌": "是", "有無QRCode": "無", "說明": "東口露營區", "保管人": "邱玟融" }, "geometry": { "type": "Point", "coordinates": [ 120.496725037178479, 23.225385988009741 ] } },
{ "type": "Feature", "properties": { "工程（財產）名稱": "路燈", "工程（財產）別名": "路燈", "財產編號": "2020202-012B 00-0000037", "保管單位": "曾管中心", "入帳日期(購置日期)": "2009-12-31", "清查日期": "2022/11/24", "地籍": "東口露營區", "座標X(1)": 198459.87, "座標Y(1)": 2569335.44, "座標X(2)": "198588", "座標Y(2)": "2569404", "有無貼牌": "是", "有無QRCode": "無", "說明": null, "保管人": "邱玟融" }, "geometry": { "type": "Point", "coordinates": [ 120.496394023540759, 23.225430982171265 ] } },
{ "type": "Feature", "properties": { "工程（財產）名稱": "箱涵", "工程（財產）別名": "箱涵/曾文水庫越域引水工程-隧道工程", "財產編號": "1110101-028A 00-0000509", "保管單位": "計畫科", "入帳日期(購置日期)": "2011-04-22", "清查日期": "2020/07/06", "地籍": "高雄市那瑪夏區南沙魯段132-23號", "座標X(1)": 218252.0, "座標Y(1)": 2567878.0, "座標X(2)": null, "座標Y(2)": null, "有無貼牌": "--", "有無QRCode": "無", "說明": null, "保管人": "吳哲全" }, "geometry": { "type": "Point", "coordinates": [ 120.689813274173858, 23.212770352901231 ] } },
{ "type": "Feature", "properties": { "工程（財產）名稱": "箱涵", "工程（財產）別名": "箱涵", "財產編號": "1110101-028A 00-0000438", "保管單位": "牡管中心", "入帳日期(購置日期)": "2016-01-14", "清查日期": "2019/06/12", "地籍": "屏東縣牡丹鄉東源段1397號", "座標X(1)": 233376.0, "座標Y(1)": 2453067.0, "座標X(2)": null, "座標Y(2)": null, "有無貼牌": "--", "有無QRCode": "無", "說明": null, "保管人": "周百欽" }, "geometry": { "type": "Point", "coordinates": [ 120.838795912432602, 22.176129030731275 ] } },
{ "type": "Feature", "properties": { "工程（財產）名稱": "結構橋", "工程（財產）別名": "104年度曾文水庫公共設施工程", "財產編號": "1110101-0016 00-0000001", "保管單位": "曾管中心", "入帳日期(購置日期)": "2017-04-24", "清查日期": "2022/11/21", "地籍": "台南市東山區下南勢段1135(公)", "座標X(1)": 198560.0, "座標Y(1)": 2569371.0, "座標X(2)": "198553", "座標Y(2)": "2569360", "有無貼牌": "是", "有無QRCode": "無", "說明": null, "保管人": "黃冠璋" }, "geometry": { "type": "Point", "coordinates": [ 120.497371176903059, 23.225755224685997 ] } },
{ "type": "Feature", "properties": { "工程（財產）名稱": "護岸", "工程（財產）別名": "達邦壩上游治理工程", "財產編號": "1110102-008F 95-0000019", "保管單位": "曾管中心", "入帳日期(購置日期)": "2006-02-20", "清查日期": "2023/12/21", "地籍": "嘉義縣阿里山鄉特富野段328-1號", "座標X(1)": 224361.75, "座標Y(1)": 2595174.79, "座標X(2)": "224381", "座標Y(2)": "2595062", "有無貼牌": "是", "有無QRCode": "無", "說明": null, "保管人": "連偉成" }, "geometry": { "type": "Point", "coordinates": [ 120.749043997407114, 23.459373995378574 ] } },
{ "type": "Feature", "properties": { "工程（財產）名稱": "護岸", "工程（財產）別名": "特富野區工程-170M", "財產編號": "1110102-008F 95-0000022", "保管單位": "曾管中心", "入帳日期(購置日期)": "2006-12-25", "清查日期": "2024/01/04", "地籍": "河川地無地籍資料", "座標X(1)": 224696.73, "座標Y(1)": 2595344.97, "座標X(2)": "224736", "座標Y(2)": "2595310", "有無貼牌": "是", "有無QRCode": "無", "說明": "F----財質為:亂石堆砌", "保管人": "連偉成" }, "geometry": { "type": "Point", "coordinates": [ 120.752320006110082, 23.460915981866808 ] } },
{ "type": "Feature", "properties": { "工程（財產）名稱": "護岸", "工程（財產）別名": "達邦壩上游治理工程", "財產編號": "1110102-008F 95-0000020", "保管單位": "曾管中心", "入帳日期(購置日期)": "2006-02-20", "清查日期": "2023/12/29", "地籍": "河川地無地籍資料", "座標X(1)": 224343.22, "座標Y(1)": 2594976.6, "座標X(2)": "223396", "座標Y(2)": "2594306", "有無貼牌": "是", "有無QRCode": "無", "說明": null, "保管人": "連偉成" }, "geometry": { "type": "Point", "coordinates": [ 120.748866005670365, 23.457584023383244 ] } },
{ "type": "Feature", "properties": { "工程（財產）名稱": "護岸", "工程（財產）別名": "野溪蝕溝治理工程", "財產編號": "1110102-008F 00-0000027", "保管單位": "阿管中心", "入帳日期(購置日期)": "2004-12-30", "清查日期": "2015/03/04", "地籍": "高雄市燕巢區尖千秋寮一小段315號", "座標X(1)": 187839.0, "座標Y(1)": 2523282.0, "座標X(2)": null, "座標Y(2)": null, "有無貼牌": "--", "有無QRCode": "無", "說明": null, "保管人": "呂元鈞" }, "geometry": { "type": "Point", "coordinates": [ 120.394479588549146, 22.809192113397529 ] } },
{ "type": "Feature", "properties": { "工程（財產）名稱": "護岸", "工程（財產）別名": "亂石堆砌護岸-21M", "財產編號": "1110102-008F 00-0000041", "保管單位": "曾管中心", "入帳日期(購置日期)": "2009-12-31", "清查日期": "2012/11/09", "地籍": "曾文溪河道", "座標X(1)": 198629.59, "座標Y(1)": 2567635.37, "座標X(2)": null, "座標Y(2)": null, "有無貼牌": "--", "有無QRCode": "無", "說明": "曾文水庫二號橋下游右岸警勤室後方河道旁", "保管人": "黃政達" }, "geometry": { "type": "Point", "coordinates": [ 120.498109697068898, 23.21008441625882 ] } },
{ "type": "Feature", "properties": { "工程（財產）名稱": "路燈", "工程（財產）別名": "路燈", "財產編號": "2020202-012B 00-0000082", "保管單位": "阿管中心", "入帳日期(購置日期)": "2010-12-31", "清查日期": "2022/09/08", "地籍": "高雄市田寮區牛稠埔段207-2號", "座標X(1)": 184252.0, "座標Y(1)": 2526659.0, "座標X(2)": null, "座標Y(2)": null, "有無貼牌": "是", "有無QRCode": "無", "說明": null, "保管人": "陳煌祥" }, "geometry": { "type": "Point", "coordinates": [ 120.359397003712274, 22.839551128273701 ] } },
{ "type": "Feature", "properties": { "工程（財產）名稱": "路燈", "工程（財產）別名": "路燈", "財產編號": "2020202-012B 00-0000076", "保管單位": "阿管中心", "入帳日期(購置日期)": "2009-12-31", "清查日期": "2022/07/13", "地籍": "高雄市田寮區牛稠埔段207-2號", "座標X(1)": 184261.0, "座標Y(1)": 2526675.0, "座標X(2)": null, "座標Y(2)": null, "有無貼牌": "是", "有無QRCode": "無", "說明": null, "保管人": "陳煌祥" }, "geometry": { "type": "Point", "coordinates": [ 120.359484012812814, 22.839695966606708 ] } },
{ "type": "Feature", "properties": { "工程（財產）名稱": "路燈", "工程（財產）別名": "路燈", "財產編號": "2020202-012B 00-0000023", "保管單位": "高屏溪攔河堰", "入帳日期(購置日期)": "2008-11-03", "清查日期": "2021/06/17", "地籍": "大樹區保安段河川公地", "座標X(1)": 192063.0, "座標Y(1)": 2509810.0, "座標X(2)": "192102", "座標Y(2)": "2509879", "有無貼牌": "是", "有無QRCode": "無", "說明": null, "保管人": "許子晏" }, "geometry": { "type": "Point", "coordinates": [ 120.436124082439548, 22.687683080672105 ] } },
{ "type": "Feature", "properties": { "工程（財產）名稱": "路燈", "工程（財產）別名": "路燈", "財產編號": "2020202-012B 00-0000054", "保管單位": "曾管中心", "入帳日期(購置日期)": "2009-12-31", "清查日期": "2021/09/16", "地籍": null, "座標X(1)": 198910.92, "座標Y(1)": 2569545.19, "座標X(2)": "198814", "座標Y(2)": "2569534", "有無貼牌": "是", "有無QRCode": "無", "說明": "東口露營區", "保管人": "邱玟融" }, "geometry": { "type": "Point", "coordinates": [ 120.500794125496967, 23.227339109122852 ] } },
{ "type": "Feature", "properties": { "工程（財產）名稱": "路燈", "工程（財產）別名": "路燈", "財產編號": "2020202-012B 00-0000050", "保管單位": "曾管中心", "入帳日期(購置日期)": "2009-12-31", "清查日期": "2022/11/21", "地籍": "台南市東山鄉下南勢段1136號", "座標X(1)": 198698.05, "座標Y(1)": 2569490.43, "座標X(2)": "198685", "座標Y(2)": "2569510", "有無貼牌": "是", "有無QRCode": "無", "說明": "東口露營區", "保管人": "邱玟融" }, "geometry": { "type": "Point", "coordinates": [ 120.498716020102862, 23.226838000159816 ] } },
{ "type": "Feature", "properties": { "工程（財產）名稱": "結構橋", "工程（財產）別名": "結構橋/曾文水庫防淤隧道工程", "財產編號": "1110101-0016 00-0000002", "保管單位": "曾管中心", "入帳日期(購置日期)": "2018-06-26", "清查日期": "2018/11/27", "地籍": "台南市東山區下南勢段1135地號", "座標X(1)": 198572.29, "座標Y(1)": 2569378.91, "座標X(2)": null, "座標Y(2)": null, "有無貼牌": "--", "有無QRCode": "無", "說明": "防淤隧道工程施工鋼便橋", "保管人": "李勝雄" }, "geometry": { "type": "Point", "coordinates": [ 120.497490993651169, 23.225827036910719 ] } },
{ "type": "Feature", "properties": { "工程（財產）名稱": "擋土牆", "工程（財產）別名": "擋土牆/110年曾文水庫周邊零星工程", "財產編號": "1110102-0004 00-0000648", "保管單位": "養護科", "入帳日期(購置日期)": "2021-12-16", "清查日期": "--", "地籍": null, "座標X(1)": 209116.0, "座標Y(1)": 2574104.0, "座標X(2)": null, "座標Y(2)": null, "有無貼牌": "--", "有無QRCode": "無", "說明": null, "保管人": "吳宗翰" }, "geometry": { "type": "Point", "coordinates": [ 120.600386111687442, 23.268791259181917 ] } },
{ "type": "Feature", "properties": { "工程（財產）名稱": "擋土牆", "工程（財產）別名": "101阿公店水庫集水區水土保持零星工程-下店", "財產編號": "1110102-0004 00-0000451", "保管單位": "阿管中心", "入帳日期(購置日期)": "2012-12-15", "清查日期": "2019/07/10", "地籍": "牛稠埔段700-120(公)", "座標X(1)": 183888.32, "座標Y(1)": 2525905.9, "座標X(2)": null, "座標Y(2)": null, "有無貼牌": "--", "有無QRCode": "無", "說明": "TW67 X183061 Y2526114 面積69平方米", "保管人": "陳煌祥" }, "geometry": { "type": "Point", "coordinates": [ 120.355885743364766, 22.832736079380652 ] } },
{ "type": "Feature", "properties": { "工程（財產）名稱": "擋土牆", "工程（財產）別名": "擋土牆/108阿公店水庫邊緣設施崩塌地處理工", "財產編號": "1110102-0004 00-0000600", "保管單位": "阿管中心", "入帳日期(購置日期)": "2020-09-15", "清查日期": "2021/05/14", "地籍": "高雄市田寮區水蛙潭段323-201地號(本局)", "座標X(1)": 187969.0, "座標Y(1)": 2524833.0, "座標X(2)": "187962", "座標Y(2)": "2524833", "有無貼牌": "是", "有無QRCode": "無", "說明": null, "保管人": "陳煌祥" }, "geometry": { "type": "Point", "coordinates": [ 120.395684091883268, 22.823203132219902 ] } },
{ "type": "Feature", "properties": { "工程（財產）名稱": "擋土牆", "工程（財產）別名": "102年度阿公店水庫集水區水土保持零星工程", "財產編號": "1110102-0004 00-0000369", "保管單位": "阿管中心", "入帳日期(購置日期)": "2014-01-13", "清查日期": "2014/11/18", "地籍": "高雄市田寮區牛稠埔段253-146號", "座標X(1)": 184125.0, "座標Y(1)": 2526272.7, "座標X(2)": "184132.8", "座標Y(2)": "2526272.7", "有無貼牌": "--", "有無QRCode": "無", "說明": null, "保管人": "陳煌祥" }, "geometry": { "type": "Point", "coordinates": [ 120.358176027479828, 22.836057721226645 ] } },
{ "type": "Feature", "properties": { "工程（財產）名稱": "護坡", "工程（財產）別名": "護坡", "財產編號": "1110102-003A 00-0000435", "保管單位": "牡管中心", "入帳日期(購置日期)": "2016-01-14", "清查日期": "2023/03/21", "地籍": "屏東縣牡丹鄉東源段238-2及238-1地號", "座標X(1)": 234945.0, "座標Y(1)": 2456265.0, "座標X(2)": "234946", "座標Y(2)": "256260", "有無貼牌": "是", "有無QRCode": "無", "說明": null, "保管人": "周百欽" }, "geometry": { "type": "Point", "coordinates": [ 120.853980725392972, 22.2050264814564 ] } },
{ "type": "Feature", "properties": { "工程（財產）名稱": "擋土牆", "工程（財產）別名": "103阿公店水庫集水區水土保持零星工程", "財產編號": "1110102-0004 00-0000415", "保管單位": "阿管中心", "入帳日期(購置日期)": "2015-01-19", "清查日期": "2019/06/21", "地籍": "高雄市田寮區牛稠段710-6號", "座標X(1)": 182737.0, "座標Y(1)": 2525441.0, "座標X(2)": null, "座標Y(2)": null, "有無貼牌": "--", "有無QRCode": "無", "說明": "地籍在田寮區，門牌卻在岡山區", "保管人": "陳煌祥" }, "geometry": { "type": "Point", "coordinates": [ 120.344689299633401, 22.8284921249743 ] } },
{ "type": "Feature", "properties": { "工程（財產）名稱": "擋土牆", "工程（財產）別名": "106年週邊環境委辦零星工程", "財產編號": "1110102-0004 00-0000490", "保管單位": "高屏溪攔河堰", "入帳日期(購置日期)": "2018-01-17", "清查日期": "2022/10/14", "地籍": "高雄市大樹區三和段821地號", "座標X(1)": 188852.0, "座標Y(1)": 2513733.0, "座標X(2)": "188852", "座標Y(2)": "2513727", "有無貼牌": "是", "有無QRCode": "無", "說明": null, "保管人": "沈文忠" }, "geometry": { "type": "Point", "coordinates": [ 120.404720947071127, 22.722996925780901 ] } },
{ "type": "Feature", "properties": { "工程（財產）名稱": "擋土牆", "工程（財產）別名": "102年度曾文水庫週邊零星工程", "財產編號": "1110102-0004 00-0000360", "保管單位": "養護科", "入帳日期(購置日期)": "2014-01-09", "清查日期": "2014/08/21", "地籍": "嘉義縣大埔鄉大埔段1426", "座標X(1)": 207544.0, "座標Y(1)": 2572144.0, "座標X(2)": null, "座標Y(2)": null, "有無貼牌": "--", "有無QRCode": "無", "說明": null, "保管人": "吳宗翰" }, "geometry": { "type": "Point", "coordinates": [ 120.585075951142642, 23.251052199347825 ] } },
{ "type": "Feature", "properties": { "工程（財產）名稱": "擋土牆", "工程（財產）別名": "擋土牆-132M2", "財產編號": "1110102-0004 00-0000263", "保管單位": "高屏溪攔河堰", "入帳日期(購置日期)": "2010-05-04", "清查日期": "2022/10/14", "地籍": "高雄市大樹區興和段554及86號", "座標X(1)": 191927.0, "座標Y(1)": 2512775.0, "座標X(2)": "191929", "座標Y(2)": "2512785", "有無貼牌": "是", "有無QRCode": "無", "說明": null, "保管人": "沈文忠" }, "geometry": { "type": "Point", "coordinates": [ 120.434690623371225, 22.714454243513572 ] } },
{ "type": "Feature", "properties": { "工程（財產）名稱": "擋土牆", "工程（財產）別名": "擋土牆-怡心亭-52m2", "財產編號": "1110102-0004 00-0000175", "保管單位": "曾管中心", "入帳日期(購置日期)": "2007-12-31", "清查日期": "2012/11/21", "地籍": "嘉義縣大埔鄉大埔段2168號", "座標X(1)": 203483.07, "座標Y(1)": 2571108.21, "座標X(2)": null, "座標Y(2)": null, "有無貼牌": "--", "有無QRCode": "無", "說明": "環湖道路風吹嶺收費站旁", "保管人": "陳乙震" }, "geometry": { "type": "Point", "coordinates": [ 120.545420955654947, 23.241588990596224 ] } },
{ "type": "Feature", "properties": { "工程（財產）名稱": "擋土牆", "工程（財產）別名": "D工區-17M", "財產編號": "1110102-0004 00-0000211", "保管單位": "養護科", "入帳日期(購置日期)": "2009-05-26", "清查日期": "2019/10/01", "地籍": "嘉義縣大埔鄉埔東段9號", "座標X(1)": 211978.0, "座標Y(1)": 2577104.535, "座標X(2)": "212127.599", "座標Y(2)": "2577104.535", "有無貼牌": "--", "有無QRCode": "無", "說明": null, "保管人": "吳宗翰" }, "geometry": { "type": "Point", "coordinates": [ 120.628284576892227, 23.295955475640707 ] } },
{ "type": "Feature", "properties": { "工程（財產）名稱": "擋土牆", "工程（財產）別名": "103曾文水庫週邊零星工程(大埔茄苳西興)", "財產編號": "1110102-0004 00-0000404", "保管單位": "養護科", "入帳日期(購置日期)": "2015-01-14", "清查日期": "--", "地籍": "嘉義縣大埔鄉大埔段1200", "座標X(1)": 209039.0, "座標Y(1)": 2574859.0, "座標X(2)": null, "座標Y(2)": null, "有無貼牌": "--", "有無QRCode": "無", "說明": null, "保管人": "吳宗翰" }, "geometry": { "type": "Point", "coordinates": [ 120.599613127168581, 23.275607145354599 ] } },
{ "type": "Feature", "properties": { "工程（財產）名稱": "擋土牆", "工程（財產）別名": "擋土牆/103年甲仙攔河堰水土保持工程", "財產編號": "1110102-0004 00-0000426", "保管單位": "甲仙攔河堰管理中心", "入帳日期(購置日期)": "2015-06-01", "清查日期": "2021/09/27", "地籍": "台南市南化區西大丘園段242-2地號", "座標X(1)": 204584.0, "座標Y(1)": 2553841.0, "座標X(2)": "204507", "座標Y(2)": "2553830", "有無貼牌": "是", "有無QRCode": "無", "說明": null, "保管人": "洪瑞隆" }, "geometry": { "type": "Point", "coordinates": [ 120.556692919129858, 23.085692042655229 ] } },
{ "type": "Feature", "properties": { "工程（財產）名稱": "擋土牆", "工程（財產）別名": "東源第7鄰公墓旁野溪整治工程", "財產編號": "1110102-0004 00-0000094", "保管單位": "牡管中心", "入帳日期(購置日期)": "2012-02-06", "清查日期": "2019/10/07", "地籍": "屏東縣牡丹鄉東源段525號", "座標X(1)": 234379.0, "座標Y(1)": 2455952.0, "座標X(2)": null, "座標Y(2)": null, "有無貼牌": "--", "有無QRCode": "無", "說明": null, "保管人": "周百欽" }, "geometry": { "type": "Point", "coordinates": [ 120.848494108209835, 22.202194574468081 ] } },
{ "type": "Feature", "properties": { "工程（財產）名稱": "擋土牆", "工程（財產）別名": "番路楠西區處理-626M2", "財產編號": "1110102-0004 95-0000154", "保管單位": "曾管中心", "入帳日期(購置日期)": "2006-12-29", "清查日期": "2014/02/18", "地籍": "台南市楠西區巖仔頂段40號", "座標X(1)": 201555.27, "座標Y(1)": 2558833.982, "座標X(2)": null, "座標Y(2)": null, "有無貼牌": "--", "有無QRCode": "無", "說明": "位於台南市楠西區龜丹里溫泉區", "保管人": "陳乙震" }, "geometry": { "type": "Point", "coordinates": [ 120.526972224154648, 23.130694445050661 ] } },
{ "type": "Feature", "properties": { "工程（財產）名稱": "擋土牆", "工程（財產）別名": "新興下店頭條崙-擋土牆-62.5M2", "財產編號": "1110102-0004 00-0000284", "保管單位": "阿管中心", "入帳日期(購置日期)": "2010-12-21", "清查日期": "2014/09/18", "地籍": "高雄市田寮區牛稠埔段597號", "座標X(1)": 185029.0, "座標Y(1)": 2525779.0, "座標X(2)": null, "座標Y(2)": null, "有無貼牌": "--", "有無QRCode": "無", "說明": null, "保管人": "林堉介" }, "geometry": { "type": "Point", "coordinates": [ 120.367003957459602, 22.831634674595801 ] } },
{ "type": "Feature", "properties": { "工程（財產）名稱": "擋土牆", "工程（財產）別名": "103年曾文水庫週邊零星工程", "財產編號": "1110102-0004 00-0000387", "保管單位": "養護科", "入帳日期(購置日期)": "2014-12-26", "清查日期": "--", "地籍": "嘉義縣大埔鄉大埔段2047", "座標X(1)": 206567.0, "座標Y(1)": 2574630.0, "座標X(2)": null, "座標Y(2)": null, "有無貼牌": "--", "有無QRCode": "無", "說明": null, "保管人": "吳宗翰" }, "geometry": { "type": "Point", "coordinates": [ 120.575456796261022, 23.273475733666345 ] } },
{ "type": "Feature", "properties": { "工程（財產）名稱": "擋土牆", "工程（財產）別名": "新興七星工程-15.5M2", "財產編號": "1110102-0004 00-0000189", "保管單位": "阿管中心", "入帳日期(購置日期)": "2008-12-31", "清查日期": "2014/09/18", "地籍": "高雄市田寮區牛稠埔段512號", "座標X(1)": 185596.93, "座標Y(1)": 2525945.04, "座標X(2)": null, "座標Y(2)": null, "有無貼牌": "--", "有無QRCode": "無", "說明": null, "保管人": "林堉介" }, "geometry": { "type": "Point", "coordinates": [ 120.372530024885421, 22.833155969840512 ] } },
{ "type": "Feature", "properties": { "工程（財產）名稱": "擋土牆", "工程（財產）別名": "木梓山等工程-136M2", "財產編號": "1110102-0004 00-0000230", "保管單位": "阿管中心", "入帳日期(購置日期)": "2009-12-02", "清查日期": "2014/08/19", "地籍": "高雄市田寮區水蛙潭段381-214號", "座標X(1)": 183446.0, "座標Y(1)": 2524372.5, "座標X(2)": "187763.13", "座標Y(2)": "2524372.5", "有無貼牌": "--", "有無QRCode": "無", "說明": null, "保管人": "林堉介" }, "geometry": { "type": "Point", "coordinates": [ 120.35164209254674, 22.818871451350116 ] } },
{ "type": "Feature", "properties": { "工程（財產）名稱": "擋土牆", "工程（財產）別名": "103曾文水庫週邊零星工程(永樂)", "財產編號": "1110102-0004 00-0000410", "保管單位": "養護科", "入帳日期(購置日期)": "2015-01-16", "清查日期": "--", "地籍": "嘉義縣大埔鄉大埔段605、607、608、625", "座標X(1)": 206757.0, "座標Y(1)": 2580016.0, "座標X(2)": null, "座標Y(2)": null, "有無貼牌": "--", "有無QRCode": "無", "說明": null, "保管人": "吳宗翰" }, "geometry": { "type": "Point", "coordinates": [ 120.577160278068419, 23.322117127461805 ] } },
{ "type": "Feature", "properties": { "工程（財產）名稱": "擋土牆", "工程（財產）別名": "102曾文水庫公共設施改善工程(楠西區)密枝", "財產編號": "1110102-0004 00-0000429", "保管單位": "曾管中心", "入帳日期(購置日期)": "2014-02-01", "清查日期": "2022/08/02", "地籍": "台南市楠西區密枝段101-11號", "座標X(1)": 198760.0, "座標Y(1)": 2569097.0, "座標X(2)": "198773", "座標Y(2)": "2569102", "有無貼牌": "是", "有無QRCode": "無", "說明": null, "保管人": "周駿宏" }, "geometry": { "type": "Point", "coordinates": [ 120.499334577862967, 23.223287204019154 ] } },
{ "type": "Feature", "properties": { "工程（財產）名稱": "擋土牆", "工程（財產）別名": "擋土牆/110年曾文水庫周邊零星工程", "財產編號": "1110102-0004 00-0000644", "保管單位": "養護科", "入帳日期(購置日期)": "2021-12-16", "清查日期": "--", "地籍": null, "座標X(1)": 208887.0, "座標Y(1)": 2575935.0, "座標X(2)": null, "座標Y(2)": null, "有無貼牌": "--", "有無QRCode": "無", "說明": null, "保管人": "吳宗翰" }, "geometry": { "type": "Point", "coordinates": [ 120.598098222179701, 23.285319835227252 ] } },
{ "type": "Feature", "properties": { "工程（財產）名稱": "護坡", "工程（財產）別名": "護坡", "財產編號": "1110102-003A 00-0000436", "保管單位": "牡管中心", "入帳日期(購置日期)": "2016-01-14", "清查日期": "2019/06/12", "地籍": "屏東縣牡丹鄉東源段754地號", "座標X(1)": 234339.0, "座標Y(1)": 2455367.0, "座標X(2)": null, "座標Y(2)": null, "有無貼牌": "--", "有無QRCode": "無", "說明": null, "保管人": "周百欽" }, "geometry": { "type": "Point", "coordinates": [ 120.848111837859932, 22.196910724186989 ] } },
{ "type": "Feature", "properties": { "工程（財產）名稱": "護坡", "工程（財產）別名": "曾文大壩防砂壩維護工", "財產編號": "1110102-003A 91-0000008", "保管單位": "曾管中心", "入帳日期(購置日期)": "2000-12-28", "清查日期": "2014/06/10", "地籍": "保安林", "座標X(1)": 202089.35, "座標Y(1)": 2571819.38, "座標X(2)": null, "座標Y(2)": null, "有無貼牌": "--", "有無QRCode": "無", "說明": "位於大壩下方落水池邊坡", "保管人": "陳乙震" }, "geometry": { "type": "Point", "coordinates": [ 120.531778988889172, 23.247970971386142 ] } },
{ "type": "Feature", "properties": { "工程（財產）名稱": "排水暗渠", "工程（財產）別名": "排水暗渠", "財產編號": "2020405-0002 00-0000019", "保管單位": "曾管中心", "入帳日期(購置日期)": "2009-12-31", "清查日期": "2012/10/18", "地籍": "台南市東山鄉下南勢段1136號", "座標X(1)": 198815.1, "座標Y(1)": 2569540.1, "座標X(2)": null, "座標Y(2)": null, "有無貼牌": "--", "有無QRCode": "無", "說明": "東口露營區", "保管人": "黃冠璋" }, "geometry": { "type": "Point", "coordinates": [ 120.499858039918337, 23.227290169700744 ] } },
{ "type": "Feature", "properties": { "工程（財產）名稱": "排水暗渠", "工程（財產）別名": "102年度甲仙攔河堰蓄水範圍週邊排水零星工", "財產編號": "2020405-0002 00-0000030", "保管單位": "甲仙(堰區)", "入帳日期(購置日期)": "2013-09-09", "清查日期": "2021/10/07", "地籍": "高雄市甲仙區東阿里關段81-1號", "座標X(1)": 209681.21, "座標Y(1)": 2556728.37, "座標X(2)": "209672", "座標Y(2)": "2556721", "有無貼牌": "是", "有無QRCode": "無", "說明": "102年度甲仙攔河堰蓄水範圍週 邊排水零星工程─排水改善工程 (排水溝296.7公尺格含隔柵板98組)", "保管人": "洪瑞隆" }, "geometry": { "type": "Point", "coordinates": [ 120.606370027823615, 23.111897989196006 ] } },
{ "type": "Feature", "properties": { "工程（財產）名稱": "排水暗渠", "工程（財產）別名": "排水暗溝", "財產編號": "2020405-0002 94-0000008", "保管單位": "甲仙(堰區)", "入帳日期(購置日期)": "2005-12-30", "清查日期": "2021/11/05", "地籍": "高雄市甲仙區東大邱園段138-1號地", "座標X(1)": 206451.0, "座標Y(1)": 2557067.55, "座標X(2)": "206468", "座標Y(2)": "2551572", "有無貼牌": "是", "有無QRCode": "無", "說明": null, "保管人": "洪瑞隆" }, "geometry": { "type": "Point", "coordinates": [ 120.57482467769897, 23.114879090115618 ] } },
{ "type": "Feature", "properties": { "工程（財產）名稱": "排水暗渠", "工程（財產）別名": "甲仙堰上游改善", "財產編號": "2020405-0002 95-0000011", "保管單位": "甲仙(堰區)", "入帳日期(購置日期)": "2006-12-29", "清查日期": "2021/10/05", "地籍": "東阿里關段1347", "座標X(1)": 209758.68, "座標Y(1)": 2556627.95, "座標X(2)": "209761", "座標Y(2)": "2556633", "有無貼牌": "是", "有無QRCode": "無", "說明": null, "保管人": "洪瑞隆" }, "geometry": { "type": "Point", "coordinates": [ 120.607128987820531, 23.110993041599457 ] } },
{ "type": "Feature", "properties": { "工程（財產）名稱": "排水暗渠", "工程（財產）別名": "岡山區101年度阿公水庫集水區水土保持零星", "財產編號": "2020405-0002 00-0000027", "保管單位": "阿管中心", "入帳日期(購置日期)": "2012-12-18", "清查日期": "2019/06/21", "地籍": "高雄市田寮區牛稠埔段708-1號", "座標X(1)": 182649.0, "座標Y(1)": 2525519.92, "座標X(2)": "182691.54", "座標Y(2)": "2525519.92", "有無貼牌": "--", "有無QRCode": "無", "說明": null, "保管人": "陳煌祥" }, "geometry": { "type": "Point", "coordinates": [ 120.343828585379839, 22.829201270396567 ] } },
{ "type": "Feature", "properties": { "工程（財產）名稱": "排水暗渠", "工程（財產）別名": "103年甲仙堰蓄水範圍週邊排水零星工程", "財產編號": "2020405-0002 00-0000031", "保管單位": "甲仙(堰區)", "入帳日期(購置日期)": "2014-12-25", "清查日期": "2024/07/15", "地籍": "高雄市甲仙區公館段1-2號", "座標X(1)": 207325.42, "座標Y(1)": 2553432.97, "座標X(2)": "207317", "座標Y(2)": "2553488", "有無貼牌": "是", "有無QRCode": "無", "說明": null, "保管人": "洪瑞隆" }, "geometry": { "type": "Point", "coordinates": [ 120.583462799347771, 23.082080207786525 ] } },
{ "type": "Feature", "properties": { "工程（財產）名稱": "排水暗渠", "工程（財產）別名": "排水暗渠", "財產編號": "2020405-0002 00-0000018", "保管單位": "曾管中心", "入帳日期(購置日期)": "2009-12-31", "清查日期": "2012/10/18", "地籍": "台南市東山鄉下南勢段1134號", "座標X(1)": 198690.62, "座標Y(1)": 2569503.74, "座標X(2)": null, "座標Y(2)": null, "有無貼牌": "--", "有無QRCode": "無", "說明": "東口露營區", "保管人": "黃冠璋" }, "geometry": { "type": "Point", "coordinates": [ 120.498642973088323, 23.226957959666969 ] } },
{ "type": "Feature", "properties": { "工程（財產）名稱": "排水暗渠", "工程（財產）別名": "甲仙堰上游改善", "財產編號": "2020405-0002 95-0000009", "保管單位": "甲仙(堰區)", "入帳日期(購置日期)": "2006-12-29", "清查日期": "2021/06/18", "地籍": "高雄市甲仙區甲仙段159", "座標X(1)": 207782.56, "座標Y(1)": 2553787.45, "座標X(2)": "207774", "座標Y(2)": "2553741", "有無貼牌": "是", "有無QRCode": "無", "說明": "道路兩側排水溝皆是本案工程結構物---排水暗渠", "保管人": "洪瑞隆" }, "geometry": { "type": "Point", "coordinates": [ 120.5879149960153, 23.085293009535135 ] } },
{ "type": "Feature", "properties": { "工程（財產）名稱": "排水暗渠", "工程（財產）別名": "紅山巷擋土牆改善-57m", "財產編號": "2020405-0002 00-0000015", "保管單位": "阿管中心", "入帳日期(購置日期)": "2008-12-17", "清查日期": "--", "地籍": "燕巢區尖山段999-1地號", "座標X(1)": 185483.0, "座標Y(1)": 2524215.0, "座標X(2)": null, "座標Y(2)": null, "有無貼牌": "--", "有無QRCode": "無", "說明": null, "保管人": "林堉介" }, "geometry": { "type": "Point", "coordinates": [ 120.371491798063957, 22.817528658832291 ] } },
{ "type": "Feature", "properties": { "工程（財產）名稱": "排水暗渠", "工程（財產）別名": "排水暗渠", "財產編號": "2020405-0002 00-0000021", "保管單位": "曾管中心", "入帳日期(購置日期)": "2009-12-31", "清查日期": "2012/10/18", "地籍": "河川地無地籍資料", "座標X(1)": 198830.53, "座標Y(1)": 2569565.06, "座標X(2)": null, "座標Y(2)": null, "有無貼牌": "--", "有無QRCode": "無", "說明": "東口露營區", "保管人": "黃冠璋" }, "geometry": { "type": "Point", "coordinates": [ 120.500007966952353, 23.227516041389922 ] } },
{ "type": "Feature", "properties": { "工程（財產）名稱": "排水暗渠", "工程（財產）別名": "排水暗渠", "財產編號": "2020405-0002 00-0000017", "保管單位": "曾管中心", "入帳日期(購置日期)": "2009-12-31", "清查日期": "2012/10/18", "地籍": "台南市東山鄉下南勢段1135號", "座標X(1)": 198604.63, "座標Y(1)": 2569437.49, "座標X(2)": null, "座標Y(2)": null, "有無貼牌": "--", "有無QRCode": "無", "說明": "東口露營區", "保管人": "黃冠璋" }, "geometry": { "type": "Point", "coordinates": [ 120.497805005458602, 23.226357031670467 ] } },
{ "type": "Feature", "properties": { "工程（財產）名稱": "排水暗渠", "工程（財產）別名": "甲仙堰上游改善", "財產編號": "2020405-0002 95-0000010", "保管單位": "甲仙(堰區)", "入帳日期(購置日期)": "2006-12-29", "清查日期": "2021/11/03", "地籍": "高雄市甲仙區甲仙段218號", "座標X(1)": 207824.03, "座標Y(1)": 2553669.4, "座標X(2)": "207820", "座標Y(2)": "2553690", "有無貼牌": "是", "有無QRCode": "無", "說明": "長36.4米", "保管人": "洪瑞隆" }, "geometry": { "type": "Point", "coordinates": [ 120.588323023425076, 23.084228025709944 ] } },
{ "type": "Feature", "properties": { "工程（財產）名稱": "排水暗渠", "工程（財產）別名": "排水暗溝", "財產編號": "2020405-0002 94-0000007", "保管單位": "甲仙(堰區)", "入帳日期(購置日期)": "2005-12-30", "清查日期": "2022/01/07", "地籍": "高雄市甲仙區東阿里關段672-2", "座標X(1)": 211231.23, "座標Y(1)": 2559669.66, "座標X(2)": "211241", "座標Y(2)": "2559676", "有無貼牌": "是", "有無QRCode": "無", "說明": null, "保管人": "洪瑞隆" }, "geometry": { "type": "Point", "coordinates": [ 120.621428005340405, 23.1384960241502 ] } },
{ "type": "Feature", "properties": { "工程（財產）名稱": "排水暗渠", "工程（財產）別名": "紅山巷擋土牆改善-84m", "財產編號": "2020405-0002 00-0000014", "保管單位": "阿管中心", "入帳日期(購置日期)": "2008-12-17", "清查日期": "2014/08/22", "地籍": "高雄市燕巢區尖山段707-3號", "座標X(1)": 185545.0, "座標Y(1)": 2522700.0, "座標X(2)": null, "座標Y(2)": null, "有無貼牌": "--", "有無QRCode": "無", "說明": null, "保管人": "林堉介" }, "geometry": { "type": "Point", "coordinates": [ 120.372158456722843, 22.803849972778799 ] } },
{ "type": "Feature", "properties": { "工程（財產）名稱": "護坡", "工程（財產）別名": "長谷川溪竹亞那處理工", "財產編號": "1110102-003A 91-0000005", "保管單位": "曾管中心", "入帳日期(購置日期)": "1999-06-30", "清查日期": "2014/11/05", "地籍": "嘉義縣阿里山鄉達拿巴娃娜段40號", "座標X(1)": 225046.42, "座標Y(1)": 2598165.82, "座標X(2)": null, "座標Y(2)": null, "有無貼牌": "--", "有無QRCode": "無", "說明": "位於特富野部落下方長谷川溪(右岸)", "保管人": "陳乙震" }, "geometry": { "type": "Point", "coordinates": [ 120.755696011000879, 23.486393965669752 ] } },
{ "type": "Feature", "properties": { "工程（財產）名稱": "娛樂用房屋", "工程（財產）別名": "康樂室", "財產編號": "2010501-002H 91-0000001", "保管單位": "秘書室", "入帳日期(購置日期)": "1970-11-30", "清查日期": "2013/09/12", "地籍": "台南市楠西區密枝段102-1及102-44號", "座標X(1)": 198817.38, "座標Y(1)": 2568866.33, "座標X(2)": null, "座標Y(2)": null, "有無貼牌": "是", "有無QRCode": "無", "說明": null, "保管人": "陳奕瑋" }, "geometry": { "type": "Point", "coordinates": [ 120.499902977465425, 23.221206006707966 ] } },
{ "type": "Feature", "properties": { "工程（財產）名稱": "護坡", "工程（財產）別名": "尖山村崩塌地處理工程", "財產編號": "1110102-003A 00-0000064", "保管單位": "阿管中心", "入帳日期(購置日期)": "2006-10-05", "清查日期": "2012/05/22", "地籍": "燕巢區尖山段954-29地號", "座標X(1)": 185382.316, "座標Y(1)": 2525015.407, "座標X(2)": null, "座標Y(2)": null, "有無貼牌": "--", "有無QRCode": "無", "說明": null, "保管人": "李冠緯" }, "geometry": { "type": "Point", "coordinates": [ 120.370477777738543, 22.824752777188031 ] } },
{ "type": "Feature", "properties": { "工程（財產）名稱": "護坡", "工程（財產）別名": "水土保持永興區處理工", "財產編號": "1110102-003A 91-0000011", "保管單位": "曾管中心", "入帳日期(購置日期)": "2000-12-29", "清查日期": "2014/05/28", "地籍": "保安林", "座標X(1)": 204040.56, "座標Y(1)": 2581327.8, "座標X(2)": null, "座標Y(2)": null, "有無貼牌": "--", "有無QRCode": "無", "說明": "位於南寮產業道路南寮分校約800公尺", "保管人": "陳乙震" }, "geometry": { "type": "Point", "coordinates": [ 120.550559090325976, 23.333888867581489 ] } },
{ "type": "Feature", "properties": { "工程（財產）名稱": "護坡", "工程（財產）別名": "105年曾文水庫週邊零星工程", "財產編號": "1110102-003A 00-0000454", "保管單位": "養護科", "入帳日期(購置日期)": "2017-02-20", "清查日期": "--", "地籍": "嘉義縣大埔鄉大埔段1425號(公)", "座標X(1)": 207140.0, "座標Y(1)": 2572231.0, "座標X(2)": null, "座標Y(2)": null, "有無貼牌": "--", "有無QRCode": "無", "說明": null, "保管人": "吳宗翰" }, "geometry": { "type": "Point", "coordinates": [ 120.581125271685522, 23.251827348126962 ] } },
{ "type": "Feature", "properties": { "工程（財產）名稱": "護坡", "工程（財產）別名": "護坡", "財產編號": "1110102-003A 00-0000441", "保管單位": "阿管中心", "入帳日期(購置日期)": "2015-05-05", "清查日期": "2016/06/22", "地籍": "燕巢尖山段918-13", "座標X(1)": 186205.0, "座標Y(1)": 2524859.0, "座標X(2)": null, "座標Y(2)": null, "有無貼牌": "--", "有無QRCode": "無", "說明": null, "保管人": "呂元鈞" }, "geometry": { "type": "Point", "coordinates": [ 120.378498624374572, 22.823371822524368 ] } },
{ "type": "Feature", "properties": { "工程（財產）名稱": "護坡", "工程（財產）別名": "護坡", "財產編號": "1110102-003A 00-0000445", "保管單位": "養護科", "入帳日期(購置日期)": "2012-12-31", "清查日期": "--", "地籍": null, "座標X(1)": 206753.0, "座標Y(1)": 2571158.0, "座標X(2)": null, "座標Y(2)": null, "有無貼牌": "--", "有無QRCode": "無", "說明": null, "保管人": "吳宗翰" }, "geometry": { "type": "Point", "coordinates": [ 120.577373694271245, 23.242127803888977 ] } },
{ "type": "Feature", "properties": { "工程（財產）名稱": "護坡", "工程（財產）別名": "105高屏溪攔河堰上游週邊環境委辦零星工程", "財產編號": "1110102-003A 00-0000458", "保管單位": "高屏溪攔河堰", "入帳日期(購置日期)": "2017-04-17", "清查日期": "--", "地籍": "溪埔段768-5,768-3等2筆地號", "座標X(1)": 192538.0, "座標Y(1)": 2513739.0, "座標X(2)": "192510", "座標Y(2)": "2513739", "有無貼牌": "--", "有無QRCode": "無", "說明": null, "保管人": "沈文忠" }, "geometry": { "type": "Point", "coordinates": [ 120.440602776022189, 22.72318067611921 ] } },
{ "type": "Feature", "properties": { "工程（財產）名稱": "護坡", "工程（財產）別名": "護岸(107阿公店水庫濁水溪上游河道治理工程", "財產編號": "1110102-003A 00-0000473", "保管單位": "阿管中心", "入帳日期(購置日期)": "2018-10-29", "清查日期": "--", "地籍": "無宗地資料", "座標X(1)": 187269.334, "座標Y(1)": 2523103.11, "座標X(2)": null, "座標Y(2)": null, "有無貼牌": "--", "有無QRCode": "無", "說明": null, "保管人": "林堉介" }, "geometry": { "type": "Point", "coordinates": [ 120.388937825715416, 22.807555484780483 ] } },
{ "type": "Feature", "properties": { "工程（財產）名稱": "護坡", "工程（財產）別名": "105年曾文水庫週邊零星工程", "財產編號": "1110102-003A 00-0000456", "保管單位": "養護科", "入帳日期(購置日期)": "2017-02-20", "清查日期": "--", "地籍": "嘉義縣大埔鄉大埔段1411號(公)", "座標X(1)": 206445.0, "座標Y(1)": 2572515.0, "座標X(2)": null, "座標Y(2)": null, "有無貼牌": "--", "有無QRCode": "無", "說明": null, "保管人": "吳宗翰" }, "geometry": { "type": "Point", "coordinates": [ 120.574324975606785, 23.254373663800187 ] } },
{ "type": "Feature", "properties": { "工程（財產）名稱": "外防波堤", "工程（財產）別名": "106牡丹水庫週邊零星工程汝仍溪版橋左岸", "財產編號": "1110102-0005 00-0000036", "保管單位": "牡管中心", "入帳日期(購置日期)": "2018-03-31", "清查日期": "2019/04/24", "地籍": "屏東縣牡丹鄉東源段1580號", "座標X(1)": 232194.604, "座標Y(1)": 2454883.599, "座標X(2)": null, "座標Y(2)": null, "有無貼牌": "--", "有無QRCode": "無", "說明": null, "保管人": "周百欽" }, "geometry": { "type": "Point", "coordinates": [ 120.827319825073062, 22.192524114835621 ] } },
{ "type": "Feature", "properties": { "工程（財產）名稱": "擋土牆", "工程（財產）別名": "擋土牆/110年曾文水庫周邊零星工程", "財產編號": "1110102-0004 00-0000643", "保管單位": "養護科", "入帳日期(購置日期)": "2021-12-16", "清查日期": "--", "地籍": null, "座標X(1)": 208643.0, "座標Y(1)": 2577739.0, "座標X(2)": null, "座標Y(2)": null, "有無貼牌": "--", "有無QRCode": "無", "說明": null, "保管人": "吳宗翰" }, "geometry": { "type": "Point", "coordinates": [ 120.595663823505461, 23.301604142792922 ] } },
{ "type": "Feature", "properties": { "工程（財產）名稱": "擋土牆", "工程（財產）別名": "擋土牆/110大樹公所代辦零星工程", "財產編號": "1110102-0004 00-0000642", "保管單位": "高屏溪攔河堰", "入帳日期(購置日期)": "2022-01-12", "清查日期": "2024/09/27", "地籍": "大庄段156地號等1筆土地", "座標X(1)": 192406.0, "座標Y(1)": 2511604.0, "座標X(2)": "192409", "座標Y(2)": "2511610", "有無貼牌": "是", "有無QRCode": "無", "說明": null, "保管人": "沈文忠" }, "geometry": { "type": "Point", "coordinates": [ 120.439396315378204, 22.703895785796426 ] } },
{ "type": "Feature", "properties": { "工程（財產）名稱": "擋土牆", "工程（財產）別名": "擋土牆/110大樹公所代辦零星工程", "財產編號": "1110102-0004 00-0000641", "保管單位": "高屏溪攔河堰", "入帳日期(購置日期)": "2022-01-12", "清查日期": "2024/10/30", "地籍": "學城段586,587地號等2筆土地", "座標X(1)": 189342.0, "座標Y(1)": 2514989.0, "座標X(2)": "189306", "座標Y(2)": "2514999", "有無貼牌": "是", "有無QRCode": "無", "說明": "於113年10月30日盤點如下:一.於頭尾兩側各貼一塊牌,故共貼2塊牌,二.頭:貼牌97座楆 X189306 Y2515005 相片:1237618.JPG及1237619.JPG三.尾:貼牌97座楆 X189349 Y2514994 相片:1237623.JPG及1237624.JPG", "保管人": "沈文忠" }, "geometry": { "type": "Point", "coordinates": [ 120.409442234565631, 22.734357000542936 ] } },
{ "type": "Feature", "properties": { "工程（財產）名稱": "路燈", "工程（財產）別名": "路燈", "財產編號": "2020202-012B 00-0000061", "保管單位": "曾管中心", "入帳日期(購置日期)": "2009-12-31", "清查日期": "2021/09/16", "地籍": "台南市東山鄉下南勢段1132號", "座標X(1)": 198978.13, "座標Y(1)": 2569839.3, "座標X(2)": "198805", "座標Y(2)": "2569600", "有無貼牌": "是", "有無QRCode": "無", "說明": "東口露營區", "保管人": "邱玟融" }, "geometry": { "type": "Point", "coordinates": [ 120.50144097157613, 23.229997045318811 ] } },
{ "type": "Feature", "properties": { "工程（財產）名稱": "護坡", "工程（財產）別名": "風景區公共設施一期", "財產編號": "1110102-003A 92-0000047", "保管單位": "曾管中心", "入帳日期(購置日期)": "2003-10-02", "清查日期": "2015/02/13", "地籍": "台南市楠西區密枝段98-5號", "座標X(1)": 198831.88, "座標Y(1)": 2569272.92, "座標X(2)": null, "座標Y(2)": null, "有無貼牌": "--", "有無QRCode": "無", "說明": "曾庫公路3號橋前小公園", "保管人": "陳乙震" }, "geometry": { "type": "Point", "coordinates": [ 120.500030981109447, 23.224878020387589 ] } },
{ "type": "Feature", "properties": { "工程（財產）名稱": "護坡", "工程（財產）別名": "1.2號蝕溝側邊護坡", "財產編號": "1110102-003A 92-0000044", "保管單位": "甲仙(堰區)", "入帳日期(購置日期)": "2003-01-23", "清查日期": "2024/07/15", "地籍": "東大邱園段1407-6號地", "座標X(1)": 207264.0, "座標Y(1)": 2553609.0, "座標X(2)": "207260", "座標Y(2)": "2553615", "有無貼牌": "是", "有無QRCode": "無", "說明": null, "保管人": "洪瑞隆" }, "geometry": { "type": "Point", "coordinates": [ 120.582858400082841, 23.083668247412909 ] } },
{ "type": "Feature", "properties": { "工程（財產）名稱": "護坡", "工程（財產）別名": "曾文渡假村聯外道路", "財產編號": "1110102-003A 91-0000002", "保管單位": "曾管中心", "入帳日期(購置日期)": "1997-02-27", "清查日期": "2012/11/23", "地籍": "台南市楠西區密枝段98-50號", "座標X(1)": 198838.97, "座標Y(1)": 2569131.26, "座標X(2)": null, "座標Y(2)": null, "有無貼牌": "--", "有無QRCode": "無", "說明": "位於進入山芙蓉道路上", "保管人": "周駿宏" }, "geometry": { "type": "Point", "coordinates": [ 120.500105018378761, 23.223599031759733 ] } },
{ "type": "Feature", "properties": { "工程（財產）名稱": "護坡", "工程（財產）別名": "駁坎-和平村-34.1M2", "財產編號": "1110102-003A 00-0000078", "保管單位": "養護科", "入帳日期(購置日期)": "2010-09-09", "清查日期": "2012/12/07", "地籍": "嘉義縣大埔鄉沙米箕段59號", "座標X(1)": 210301.0, "座標Y(1)": 2579871.71, "座標X(2)": "210306.27", "座標Y(2)": "2579871.71", "有無貼牌": "--", "有無QRCode": "無", "說明": "4/1清查結果:TWD97,嘉義縣大埔鄉沙米箕段59號", "保管人": "吳宗翰" }, "geometry": { "type": "Point", "coordinates": [ 120.611817443329798, 23.320903839133344 ] } },
{ "type": "Feature", "properties": { "工程（財產）名稱": "護坡", "工程（財產）別名": "賀伯風災南寮區處理工", "財產編號": "1110102-003A 91-0000009", "保管單位": "曾管中心", "入帳日期(購置日期)": "2000-12-28", "清查日期": "2014/05/28", "地籍": "嘉義縣大埔鄉石面桶14.15號", "座標X(1)": 202951.15, "座標Y(1)": 2580437.19, "座標X(2)": "203913.73", "座標Y(2)": "2580437.19", "有無貼牌": "--", "有無QRCode": "無", "說明": "位於南寮產業道路(南寮至石面桶道路)", "保管人": "陳乙震" }, "geometry": { "type": "Point", "coordinates": [ 120.539933623914138, 23.32581567223999 ] } },
{ "type": "Feature", "properties": { "工程（財產）名稱": "護坡", "工程（財產）別名": "草嶺過山駁坎護坡工程", "財產編號": "1110102-003A 91-0000024", "保管單位": "曾管中心", "入帳日期(購置日期)": "2000-12-31", "清查日期": "2015/07/22", "地籍": "嘉義縣大埔鄉大埔段136號", "座標X(1)": 206820.12, "座標Y(1)": 2573929.9, "座標X(2)": null, "座標Y(2)": null, "有無貼牌": "--", "有無QRCode": "無", "說明": null, "保管人": "陳乙震" }, "geometry": { "type": "Point", "coordinates": [ 120.577950823165551, 23.267160376325332 ] } },
{ "type": "Feature", "properties": { "工程（財產）名稱": "護坡", "工程（財產）別名": "水土保持阿里山處理工", "財產編號": "1110102-003A 91-0000017", "保管單位": "曾管中心", "入帳日期(購置日期)": "2000-12-31", "清查日期": "2023/02/09", "地籍": "嘉義縣阿里山鄉特富野段336及336-3號", "座標X(1)": 224965.76, "座標Y(1)": 2595248.61, "座標X(2)": "224963", "座標Y(2)": "2595258", "有無貼牌": "是", "有無QRCode": "無", "說明": null, "保管人": "連偉成" }, "geometry": { "type": "Point", "coordinates": [ 120.754954982163568, 23.460049997816441 ] } },
{ "type": "Feature", "properties": { "工程（財產）名稱": "護坡", "工程（財產）別名": "永樂茄苳和平村駁坎工", "財產編號": "1110102-003A 91-0000004", "保管單位": "曾管中心", "入帳日期(購置日期)": "1999-06-30", "清查日期": "2020/03/05", "地籍": "嘉義縣大埔鄉南寮段31號", "座標X(1)": 205545.0, "座標Y(1)": 2583445.0, "座標X(2)": null, "座標Y(2)": null, "有無貼牌": "--", "有無QRCode": "無", "說明": null, "保管人": "陳乙震" }, "geometry": { "type": "Point", "coordinates": [ 120.565208536057142, 23.353048876562806 ] } },
{ "type": "Feature", "properties": { "工程（財產）名稱": "護坡", "工程（財產）別名": "工作碼頭崩坍地治理", "財產編號": "1110102-003A 00-0000066", "保管單位": "曾管中心", "入帳日期(購置日期)": "2006-11-14", "清查日期": "2015/07/24", "地籍": "無", "座標X(1)": 202851.21, "座標Y(1)": 2572312.06, "座標X(2)": null, "座標Y(2)": null, "有無貼牌": "--", "有無QRCode": "無", "說明": "工作碼頭對岸山坡", "保管人": "周駿宏" }, "geometry": { "type": "Point", "coordinates": [ 120.539209017870732, 23.252441964327929 ] } },
{ "type": "Feature", "properties": { "工程（財產）名稱": "護坡", "工程（財產）別名": "擋土牆", "財產編號": "1110102-003A 00-0000453", "保管單位": "牡管中心", "入帳日期(購置日期)": "2016-12-21", "清查日期": "2019/06/12", "地籍": "屏東縣牡丹鄉牡丹段124.125地號", "座標X(1)": 236235.0, "座標Y(1)": 2459809.0, "座標X(2)": null, "座標Y(2)": null, "有無貼牌": "--", "有無QRCode": "無", "說明": "零星工程", "保管人": "周百欽" }, "geometry": { "type": "Point", "coordinates": [ 120.866462181949927, 22.23704517088628 ] } },
{ "type": "Feature", "properties": { "工程（財產）名稱": "護坡", "工程（財產）別名": "集水區水土保持草蘭溪", "財產編號": "1110102-003A 91-0000006", "保管單位": "曾管中心", "入帳日期(購置日期)": "1999-06-30", "清查日期": "2014/09/11", "地籍": "嘉義縣大埔鄉頂坪林3號", "座標X(1)": 213377.65, "座標Y(1)": 2576556.23, "座標X(2)": null, "座標Y(2)": null, "有無貼牌": "--", "有無QRCode": "無", "說明": "位於草欗溪產業道路上", "保管人": "陳乙震" }, "geometry": { "type": "Point", "coordinates": [ 120.641981044522751, 23.291035991261335 ] } },
{ "type": "Feature", "properties": { "工程（財產）名稱": "堆棚", "工程（財產）別名": "103高屏堰管理中心辦公廳舍及環境改善工程", "財產編號": "2010203-003B 00-0000004", "保管單位": "高屏溪攔河堰", "入帳日期(購置日期)": "2015-08-31", "清查日期": "2025/02/27", "地籍": "高雄市大樹區大樹保安段1-3號", "座標X(1)": 192031.0, "座標Y(1)": 2509925.0, "座標X(2)": "192034", "座標Y(2)": "2509913", "有無貼牌": "是", "有無QRCode": "有", "說明": "面積24.64平方公尺,辦公室旁出入口雨遮", "保管人": "蔡易龍" }, "geometry": { "type": "Point", "coordinates": [ 120.435808400764444, 22.688720508176893 ] } },
{ "type": "Feature", "properties": { "工程（財產）名稱": "堆棚", "工程（財產）別名": "103高屏堰管理中心辦公廳舍及環境改善工程", "財產編號": "2010203-003B 00-0000002", "保管單位": "高屏溪攔河堰", "入帳日期(購置日期)": "2015-08-31", "清查日期": "2025/02/27", "地籍": "高雄市大樹區大樹保安段1-3號", "座標X(1)": 191987.0, "座標Y(1)": 2509887.0, "座標X(2)": "191988", "座標Y(2)": "2509863", "有無貼牌": "是", "有無QRCode": "有", "說明": "面積21.22平方公尺,無障礙坡道雨遮", "保管人": "蔡易龍" }, "geometry": { "type": "Point", "coordinates": [ 120.43538158623042, 22.688375833658508 ] } },
{ "type": "Feature", "properties": { "工程（財產）名稱": "堆棚", "工程（財產）別名": "103高屏堰管理中心辦公廳舍及環境改善工程", "財產編號": "2010203-003B 00-0000001", "保管單位": "高屏溪攔河堰", "入帳日期(購置日期)": "2015-08-31", "清查日期": "2025/02/27", "地籍": "高雄市大樹區大樹保安段1-3號", "座標X(1)": 192002.0, "座標Y(1)": 2509864.0, "座標X(2)": "191984", "座標Y(2)": "2509876", "有無貼牌": "是", "有無QRCode": "有", "說明": "面積287.17平方公尺,鋼構屋頂", "保管人": "蔡易龍" }, "geometry": { "type": "Point", "coordinates": [ 120.435528420699114, 22.688168643550291 ] } },
{ "type": "Feature", "properties": { "工程（財產）名稱": "堆棚", "工程（財產）別名": "104年度曾文水庫公共設施工程", "財產編號": "2010203-003B 00-0000005", "保管單位": "曾管中心", "入帳日期(購置日期)": "2017-04-24", "清查日期": "--", "地籍": "台南市東山區下南勢段(位河川地上,無地籍資料)", "座標X(1)": 201012.0, "座標Y(1)": 2571123.0, "座標X(2)": null, "座標Y(2)": null, "有無貼牌": "--", "有無QRCode": "無", "說明": null, "保管人": "邱玟融" }, "geometry": { "type": "Point", "coordinates": [ 120.521272989841179, 23.241650828487153 ] } },
{ "type": "Feature", "properties": { "工程（財產）名稱": "排水暗渠", "工程（財產）別名": "排水暗渠", "財產編號": "2020405-0002 00-0000022", "保管單位": "曾管中心", "入帳日期(購置日期)": "2009-12-31", "清查日期": "2012/10/18", "地籍": "河川地無地籍資料", "座標X(1)": 198843.96, "座標Y(1)": 2569571.8, "座標X(2)": null, "座標Y(2)": null, "有無貼牌": "--", "有無QRCode": "無", "說明": "東口露營區", "保管人": "黃冠璋" }, "geometry": { "type": "Point", "coordinates": [ 120.500138964994719, 23.22757732180818 ] } },
{ "type": "Feature", "properties": { "工程（財產）名稱": "排水暗渠", "工程（財產）別名": "甲仙堰上游改善", "財產編號": "2020405-0002 95-0000012", "保管單位": "甲仙(堰區)", "入帳日期(購置日期)": "2006-12-29", "清查日期": "2022/01/07", "地籍": "甲仙區東阿里關段344-1", "座標X(1)": 208121.06, "座標Y(1)": 2554887.56, "座標X(2)": "208070", "座標Y(2)": "2554898", "有無貼牌": "是", "有無QRCode": "無", "說明": null, "保管人": "洪瑞隆" }, "geometry": { "type": "Point", "coordinates": [ 120.591188985830044, 23.095236032087538 ] } },
{ "type": "Feature", "properties": { "工程（財產）名稱": "排水暗渠", "工程（財產）別名": "102年度甲仙攔河蓄水範圍週邊排水零星工程-", "財產編號": "2020405-0002 00-0000029", "保管單位": "甲仙(堰區)", "入帳日期(購置日期)": "2013-09-09", "清查日期": "2024/07/15", "地籍": "甲仙區公館段259號", "座標X(1)": 207241.34, "座標Y(1)": 2553077.39, "座標X(2)": "207235", "座標Y(2)": "2553083", "有無貼牌": "是", "有無QRCode": "無", "說明": null, "保管人": "洪瑞隆" }, "geometry": { "type": "Point", "coordinates": [ 120.582652040536203, 23.078867010369287 ] } },
{ "type": "Feature", "properties": { "工程（財產）名稱": "排水暗渠", "工程（財產）別名": "阿公店水庫旺萊溪水岸親水工程", "財產編號": "2020405-0002 00-0000028", "保管單位": "阿管中心", "入帳日期(購置日期)": "2012-12-30", "清查日期": "2019/06/21", "地籍": "高雄市田寮區牛稠埔段253-146號", "座標X(1)": 183290.0, "座標Y(1)": 2526236.42, "座標X(2)": "184122.48", "座標Y(2)": "2526236.42", "有無貼牌": "--", "有無QRCode": "無", "說明": null, "保管人": "邱柏翰" }, "geometry": { "type": "Point", "coordinates": [ 120.350042530585739, 22.835697110303805 ] } },
{ "type": "Feature", "properties": { "工程（財產）名稱": "護坡", "工程（財產）別名": "山隙路96巷護坡-26.46", "財產編號": "1110102-003A 00-0000072", "保管單位": "阿管中心", "入帳日期(購置日期)": "2009-12-31", "清查日期": "2019/07/10", "地籍": "高雄市岡山區 子段6-1地號", "座標X(1)": 182610.072, "座標Y(1)": 2525184.048, "座標X(2)": null, "座標Y(2)": null, "有無貼牌": "--", "有無QRCode": "無", "說明": null, "保管人": "林堉介" }, "geometry": { "type": "Point", "coordinates": [ 120.343463892860299, 22.826166670564501 ] } },
{ "type": "Feature", "properties": { "工程（財產）名稱": "護坡", "工程（財產）別名": "七星尖山村-200M2", "財產編號": "1110102-003A 00-0000059", "保管單位": "阿管中心", "入帳日期(購置日期)": "2007-09-29", "清查日期": "2012/05/22", "地籍": "高雄市田寮區牛稠埔段467-1號", "座標X(1)": 186523.311, "座標Y(1)": 2524847.25, "座標X(2)": null, "座標Y(2)": null, "有無貼牌": "--", "有無QRCode": "無", "說明": null, "保管人": "李冠緯" }, "geometry": { "type": "Point", "coordinates": [ 120.3816000022222, 22.823277780050152 ] } },
{ "type": "Feature", "properties": { "工程（財產）名稱": "物品供應社", "工程（財產）別名": "福利社", "財產編號": "2010502-002H 91-0000001", "保管單位": "秘書室", "入帳日期(購置日期)": "1969-11-10", "清查日期": "2013/09/12", "地籍": "台南市楠西區密枝段102-44號", "座標X(1)": 198796.08, "座標Y(1)": 2568863.08, "座標X(2)": null, "座標Y(2)": null, "有無貼牌": "是", "有無QRCode": "無", "說明": null, "保管人": "陳奕瑋" }, "geometry": { "type": "Point", "coordinates": [ 120.499694974107683, 23.221175996673907 ] } },
{ "type": "Feature", "properties": { "工程（財產）名稱": "護坡", "工程（財產）別名": "水土保持阿里山區處理", "財產編號": "1110102-003A 91-0000041", "保管單位": "曾管中心", "入帳日期(購置日期)": "2001-12-31", "清查日期": "2023/02/09", "地籍": "嘉義縣阿里山鄉達邦段222號", "座標X(1)": 224514.42, "座標Y(1)": 2594935.23, "座標X(2)": "224514", "座標Y(2)": "2594960", "有無貼牌": "是", "有無QRCode": "無", "說明": null, "保管人": "連偉成" }, "geometry": { "type": "Point", "coordinates": [ 120.750542436964906, 23.457213135470116 ] } },
{ "type": "Feature", "properties": { "工程（財產）名稱": "護坡", "工程（財產）別名": "護坡", "財產編號": "1110102-003A 00-0000446", "保管單位": "養護科", "入帳日期(購置日期)": "2012-12-31", "清查日期": "--", "地籍": "大埔段1457-27地號", "座標X(1)": 204792.0, "座標Y(1)": 2570023.0, "座標X(2)": null, "座標Y(2)": null, "有無貼牌": "--", "有無QRCode": "無", "說明": null, "保管人": "吳宗翰" }, "geometry": { "type": "Point", "coordinates": [ 120.558244219328486, 23.2318258169235 ] } },
{ "type": "Feature", "properties": { "工程（財產）名稱": "護坡", "工程（財產）別名": "水土保持草山山美處理", "財產編號": "1110102-003A 91-0000038", "保管單位": "曾管中心", "入帳日期(購置日期)": "2001-12-31", "清查日期": "2014/03/28", "地籍": "嘉義縣阿里山鄉山美段260號", "座標X(1)": 216456.74, "座標Y(1)": 2586327.57, "座標X(2)": null, "座標Y(2)": null, "有無貼牌": "--", "有無QRCode": "無", "說明": "位於嘉線129山美國小附近", "保管人": "陳乙震" }, "geometry": { "type": "Point", "coordinates": [ 120.671865033283353, 23.379338995775409 ] } },
{ "type": "Feature", "properties": { "工程（財產）名稱": "護坡", "工程（財產）別名": "護坡", "財產編號": "1110102-003A 00-0000452", "保管單位": "牡管中心", "入帳日期(購置日期)": "2016-12-21", "清查日期": "2023/03/21", "地籍": "屏東縣牡丹鄉東源段95及87地號", "座標X(1)": 234584.0, "座標Y(1)": 2456573.0, "座標X(2)": "234540", "座標Y(2)": "2456556", "有無貼牌": "是", "有無QRCode": "無", "說明": null, "保管人": "周百欽" }, "geometry": { "type": "Point", "coordinates": [ 120.850476429093916, 22.207805035824745 ] } },
{ "type": "Feature", "properties": { "工程（財產）名稱": "護坡", "工程（財產）別名": "賀伯風災茶山區處理工", "財產編號": "1110102-003A 91-0000015", "保管單位": "曾管中心", "入帳日期(購置日期)": "2000-12-31", "清查日期": "2013/03/16", "地籍": "嘉義縣阿里山鄉茶山段279-1號", "座標X(1)": 215228.72, "座標Y(1)": 2577165.74, "座標X(2)": "215216", "座標Y(2)": "2577176", "有無貼牌": "是", "有無QRCode": "無", "說明": null, "保管人": "連偉成" }, "geometry": { "type": "Point", "coordinates": [ 120.660062814328455, 23.296580269504414 ] } },
{ "type": "Feature", "properties": { "工程（財產）名稱": "護坡", "工程（財產）別名": "105高屏溪攔河堰上游週邊環境委辦零星工程", "財產編號": "1110102-003A 00-0000459", "保管單位": "高屏溪攔河堰", "入帳日期(購置日期)": "2017-04-17", "清查日期": "--", "地籍": "溪埔段756-1,756-2,756-3,756-4,755-1,758-2等6筆地號", "座標X(1)": 192840.0, "座標Y(1)": 2514255.0, "座標X(2)": "192667", "座標Y(2)": "2514255", "有無貼牌": "--", "有無QRCode": "無", "說明": null, "保管人": "沈文忠" }, "geometry": { "type": "Point", "coordinates": [ 120.443523815959836, 22.727850734938414 ] } },
{ "type": "Feature", "properties": { "工程（財產）名稱": "護坡", "工程（財產）別名": "105年曾文水庫週邊零星工程", "財產編號": "1110102-003A 00-0000457", "保管單位": "養護科", "入帳日期(購置日期)": "2017-02-20", "清查日期": "--", "地籍": "嘉義縣大埔鄉水寮段27號(公)", "座標X(1)": 213538.0, "座標Y(1)": 2578656.0, "座標X(2)": null, "座標Y(2)": null, "有無貼牌": "--", "有無QRCode": "無", "說明": null, "保管人": "吳宗翰" }, "geometry": { "type": "Point", "coordinates": [ 120.643498076179753, 23.310000939953952 ] } },
{ "type": "Feature", "properties": { "工程（財產）名稱": "護坡", "工程（財產）別名": "105年濁水溪上游護岸至理工程", "財產編號": "1110102-003A 00-0000461", "保管單位": "阿管中心", "入帳日期(購置日期)": "2017-08-25", "清查日期": "2017/10/12", "地籍": "高雄市燕巢區千秋寮段139-3", "座標X(1)": 187175.0, "座標Y(1)": 2522950.0, "座標X(2)": null, "座標Y(2)": null, "有無貼牌": "--", "有無QRCode": "無", "說明": null, "保管人": "呂元鈞" }, "geometry": { "type": "Point", "coordinates": [ 120.388025129319928, 22.806169309729242 ] } },
{ "type": "Feature", "properties": { "工程（財產）名稱": "護坡", "工程（財產）別名": "烏埔二寮坑火燒駁坎護", "財產編號": "1110102-003A 91-0000022", "保管單位": "曾管中心", "入帳日期(購置日期)": "2000-12-31", "清查日期": "2015/07/22", "地籍": "嘉義縣大埔鄉沙米箕段70號及大埔段1445-676號", "座標X(1)": 210958.49, "座標Y(1)": 2572593.9, "座標X(2)": "206399", "座標Y(2)": "2572593.9", "有無貼牌": "--", "有無QRCode": "無", "說明": "施工地點有2處", "保管人": "陳乙震" }, "geometry": { "type": "Point", "coordinates": [ 120.618433729714198, 23.255199510442964 ] } },
{ "type": "Feature", "properties": { "工程（財產）名稱": "護坡", "工程（財產）別名": "水土保持草蘭溪區處理", "財產編號": "1110102-003A 91-0000037", "保管單位": "曾管中心", "入帳日期(購置日期)": "2001-12-31", "清查日期": "2014/09/11", "地籍": "嘉義縣大埔鄉頂坪林14號", "座標X(1)": 213369.87, "座標Y(1)": 2575024.4, "座標X(2)": null, "座標Y(2)": null, "有無貼牌": "--", "有無QRCode": "無", "說明": "位於草欗溪產業道路上", "保管人": "陳乙震" }, "geometry": { "type": "Point", "coordinates": [ 120.641941981430946, 23.277203033755974 ] } },
{ "type": "Feature", "properties": { "工程（財產）名稱": "護坡", "工程（財產）別名": "賀伯風災特富野處理工", "財產編號": "1110102-003A 91-0000018", "保管單位": "曾管中心", "入帳日期(購置日期)": "2000-12-31", "清查日期": "2023/02/16", "地籍": "嘉義縣阿里山鄉特富野段249-2,234-1號", "座標X(1)": 225431.49, "座標Y(1)": 2595596.32, "座標X(2)": "225428", "座標Y(2)": "2595605", "有無貼牌": "是", "有無QRCode": "無", "說明": null, "保管人": "連偉成" }, "geometry": { "type": "Point", "coordinates": [ 120.75950801201391, 23.463196957322424 ] } },
{ "type": "Feature", "properties": { "工程（財產）名稱": "護坡", "工程（財產）別名": "阿管中心填方整地護坡", "財產編號": "1110102-003A 00-0000067", "保管單位": "阿管中心", "入帳日期(購置日期)": "2001-05-07", "清查日期": "2019/07/10", "地籍": "高雄市燕巢區瓊東79號(公)", "座標X(1)": 183074.0, "座標Y(1)": 2523164.0, "座標X(2)": null, "座標Y(2)": null, "有無貼牌": "--", "有無QRCode": "無", "說明": null, "保管人": "呂元鈞" }, "geometry": { "type": "Point", "coordinates": [ 120.348070250114233, 22.807943475298803 ] } },
{ "type": "Feature", "properties": { "工程（財產）名稱": "護坡", "工程（財產）別名": "護岸-大埔村-96.2M2", "財產編號": "1110102-003A 00-0000081", "保管單位": "養護科", "入帳日期(購置日期)": "2010-09-09", "清查日期": "2012/11/23", "地籍": "嘉義縣大埔鄉大埔段1122號", "座標X(1)": 211382.0, "座標Y(1)": 2571848.0, "座標X(2)": null, "座標Y(2)": null, "有無貼牌": "--", "有無QRCode": "無", "說明": null, "保管人": "吳宗翰" }, "geometry": { "type": "Point", "coordinates": [ 120.622591727097614, 23.248473847046188 ] } },
{ "type": "Feature", "properties": { "工程（財產）名稱": "護坡", "工程（財產）別名": "中湖產業道路改善工程", "財產編號": "1110102-003A 91-0000021", "保管單位": "曾管中心", "入帳日期(購置日期)": "2000-12-31", "清查日期": "2019/03/29", "地籍": "嘉義縣阿里山鄉達那巴瓦娜段99號", "座標X(1)": 221666.0, "座標Y(1)": 2597608.0, "座標X(2)": null, "座標Y(2)": null, "有無貼牌": "--", "有無QRCode": "無", "說明": "林務局經管,總面積為793,667.48平方公尺", "保管人": "陳乙震" }, "geometry": { "type": "Point", "coordinates": [ 120.722611374651237, 23.481301423614312 ] } },
{ "type": "Feature", "properties": { "工程（財產）名稱": "護坡", "工程（財產）別名": "95曾文崩坍地復育計畫", "財產編號": "1110102-003A 00-0000069", "保管單位": "曾管中心", "入帳日期(購置日期)": "2007-03-26", "清查日期": "2015/06/25", "地籍": "嘉義縣大埔鄉大埔段1484-21號", "座標X(1)": 203241.81, "座標Y(1)": 2570924.59, "座標X(2)": null, "座標Y(2)": null, "有無貼牌": "--", "有無QRCode": "無", "說明": "風吹嶺收費站附近", "保管人": "周駿宏" }, "geometry": { "type": "Point", "coordinates": [ 120.543068986592161, 23.239924031623321 ] } },
{ "type": "Feature", "properties": { "工程（財產）名稱": "護坡", "工程（財產）別名": "曾文道路辦公區至四號橋邊坡工程護坡-植生", "財產編號": "1110102-003A 94-0000051", "保管單位": "曾管中心", "入帳日期(購置日期)": "2005-12-30", "清查日期": "2015/07/24", "地籍": "台南市楠西區密枝段104-9號", "座標X(1)": 198605.23, "座標Y(1)": 2568183.35, "座標X(2)": null, "座標Y(2)": null, "有無貼牌": "--", "有無QRCode": "無", "說明": "過二號橋右轉產業道路", "保管人": "周駿宏" }, "geometry": { "type": "Point", "coordinates": [ 120.497853212688042, 23.215031995700443 ] } },
{ "type": "Feature", "properties": { "工程（財產）名稱": "護坡", "工程（財產）別名": "水土保持壩區農場處理", "財產編號": "1110102-003A 91-0000026", "保管單位": "曾管中心", "入帳日期(購置日期)": "2000-12-31", "清查日期": "2014/09/02", "地籍": "嘉義縣大埔鄉柳籐潭段44-5號", "座標X(1)": 202547.48, "座標Y(1)": 2571628.55, "座標X(2)": null, "座標Y(2)": null, "有無貼牌": "--", "有無QRCode": "無", "說明": "位於大壩左岸邊坡", "保管人": "陳乙震" }, "geometry": { "type": "Point", "coordinates": [ 120.536262043629051, 23.246261027222889 ] } },
{ "type": "Feature", "properties": { "工程（財產）名稱": "護坡", "工程（財產）別名": "達邦村尼亞庫巴道路", "財產編號": "1110102-003A 91-0000034", "保管單位": "曾管中心", "入帳日期(購置日期)": "2001-12-31", "清查日期": "2023/02/09", "地籍": "嘉義縣阿里山鄉特富野段348-1號", "座標X(1)": 225740.1, "座標Y(1)": 2595091.72, "座標X(2)": "225741", "座標Y(2)": "2595091", "有無貼牌": "是", "有無QRCode": "無", "說明": null, "保管人": "連偉成" }, "geometry": { "type": "Point", "coordinates": [ 120.762537010080067, 23.458644982045112 ] } },
{ "type": "Feature", "properties": { "工程（財產）名稱": "護坡", "工程（財產）別名": "水土保持番路區處理工", "財產編號": "1110102-003A 91-0000040", "保管單位": "曾管中心", "入帳日期(購置日期)": "2001-12-31", "清查日期": "2014/09/03", "地籍": "嘉義縣番路鄉永興段100號", "座標X(1)": 208288.32, "座標Y(1)": 2584493.59, "座標X(2)": null, "座標Y(2)": null, "有無貼牌": "--", "有無QRCode": "無", "說明": "位於永興產業道路", "保管人": "陳乙震" }, "geometry": { "type": "Point", "coordinates": [ 120.59201003838615, 23.362589964866672 ] } },
{ "type": "Feature", "properties": { "工程（財產）名稱": "護坡", "工程（財產）別名": "長谷溪川巴沙那處理工", "財產編號": "1110102-003A 91-0000007", "保管單位": "曾管中心", "入帳日期(購置日期)": "1999-06-30", "清查日期": "2023/02/09", "地籍": "嘉義縣阿里山鄉特富野段69號", "座標X(1)": 225554.3, "座標Y(1)": 2596650.7, "座標X(2)": "225449", "座標Y(2)": "2596643", "有無貼牌": "是", "有無QRCode": "無", "說明": null, "保管人": "連偉成" }, "geometry": { "type": "Point", "coordinates": [ 120.760692978273738, 23.472719984291597 ] } },
{ "type": "Feature", "properties": { "工程（財產）名稱": "護坡", "工程（財產）別名": "二棧坪二層寮七莊駁坎", "財產編號": "1110102-003A 91-0000023", "保管單位": "曾管中心", "入帳日期(購置日期)": "2000-12-31", "清查日期": "2015/07/22", "地籍": "嘉義縣大埔鄉大埔段1445-612號", "座標X(1)": 206789.83, "座標Y(1)": 2571533.41, "座標X(2)": null, "座標Y(2)": null, "有無貼牌": "--", "有無QRCode": "無", "說明": null, "保管人": "陳乙震" }, "geometry": { "type": "Point", "coordinates": [ 120.577722933078462, 23.245518803256182 ] } },
{ "type": "Feature", "properties": { "工程（財產）名稱": "護坡", "工程（財產）別名": "工作碼頭崩坍地治理", "財產編號": "1110102-003A 00-0000063", "保管單位": "曾管中心", "入帳日期(購置日期)": "2006-11-14", "清查日期": "2015/07/24", "地籍": "無", "座標X(1)": 202851.21, "座標Y(1)": 2572312.06, "座標X(2)": null, "座標Y(2)": null, "有無貼牌": "--", "有無QRCode": "無", "說明": "工作碼頭對岸山坡", "保管人": "周駿宏" }, "geometry": { "type": "Point", "coordinates": [ 120.539209017870732, 23.252441964327929 ] } },
{ "type": "Feature", "properties": { "工程（財產）名稱": "護坡", "工程（財產）別名": "105年曾文水庫週邊零星工程", "財產編號": "1110102-003A 00-0000455", "保管單位": "養護科", "入帳日期(購置日期)": "2017-02-20", "清查日期": "--", "地籍": "嘉義縣大埔鄉大埔段1415號(公)", "座標X(1)": 206523.0, "座標Y(1)": 2572466.0, "座標X(2)": null, "座標Y(2)": null, "有無貼牌": "--", "有無QRCode": "無", "說明": null, "保管人": "吳宗翰" }, "geometry": { "type": "Point", "coordinates": [ 120.575088677043979, 23.253933248405719 ] } },
{ "type": "Feature", "properties": { "工程（財產）名稱": "護坡", "工程（財產）別名": "水土保持坪林區處理工", "財產編號": "1110102-003A 91-0000012", "保管單位": "曾管中心", "入帳日期(購置日期)": "2000-12-29", "清查日期": "2014/09/26", "地籍": "嘉義縣大埔鄉頂坪林46號", "座標X(1)": 210363.12, "座標Y(1)": 2572671.94, "座標X(2)": null, "座標Y(2)": null, "有無貼牌": "--", "有無QRCode": "無", "說明": "位於往坪林縣道3.7公里處右轉溪床", "保管人": "陳乙震" }, "geometry": { "type": "Point", "coordinates": [ 120.612613037473068, 23.255889985680707 ] } },
{ "type": "Feature", "properties": { "工程（財產）名稱": "護坡", "工程（財產）別名": "水土保持大埔區處理工", "財產編號": "1110102-003A 91-0000025", "保管單位": "曾管中心", "入帳日期(購置日期)": "2000-12-31", "清查日期": "2014/11/21", "地籍": "嘉義縣大埔鄉大埔段1358-8、1357-2號", "座標X(1)": 206919.29, "座標Y(1)": 2574780.37, "座標X(2)": "206924.2", "座標Y(2)": "2574780.37", "有無貼牌": "--", "有無QRCode": "無", "說明": "位於大埔鄉泰山產業道路", "保管人": "陳乙震" }, "geometry": { "type": "Point", "coordinates": [ 120.57889597371836, 23.274842877687394 ] } },
{ "type": "Feature", "properties": { "工程（財產）名稱": "護坡", "工程（財產）別名": "水土保持蘭溪區工程", "財產編號": "1110102-003A 91-0000027", "保管單位": "曾管中心", "入帳日期(購置日期)": "2001-01-21", "清查日期": "2014/09/11", "地籍": "嘉義縣大埔鄉頂坪林14號", "座標X(1)": 213455.87, "座標Y(1)": 2575799.14, "座標X(2)": null, "座標Y(2)": null, "有無貼牌": "--", "有無QRCode": "無", "說明": "位於草欗溪產業道路上", "保管人": "陳乙震" }, "geometry": { "type": "Point", "coordinates": [ 120.642763953190951, 23.284201036886113 ] } },
{ "type": "Feature", "properties": { "工程（財產）名稱": "護坡", "工程（財產）別名": "駁坎-和平村-68.4M2", "財產編號": "1110102-003A 00-0000077", "保管單位": "養護科", "入帳日期(購置日期)": "2010-09-09", "清查日期": "2012/12/11", "地籍": "嘉義縣大埔鄉沙米箕段70號", "座標X(1)": 211023.0, "座標Y(1)": 2578796.86, "座標X(2)": "211014.43", "座標Y(2)": "2578796.86", "有無貼牌": "--", "有無QRCode": "無", "說明": "4/1清查結果:TWD97,嘉義縣大埔鄉沙米箕段70號", "保管人": "吳宗翰" }, "geometry": { "type": "Point", "coordinates": [ 120.618904810563393, 23.311215084607518 ] } },
{ "type": "Feature", "properties": { "工程（財產）名稱": "護坡", "工程（財產）別名": "曾文壩區水土保持工程", "財產編號": "1110102-003A 94-0000050", "保管單位": "曾管中心", "入帳日期(購置日期)": "2005-12-30", "清查日期": "2015/07/24", "地籍": "台南市楠西區密枝段106-14號", "座標X(1)": 198529.15, "座標Y(1)": 2568179.74, "座標X(2)": null, "座標Y(2)": null, "有無貼牌": "--", "有無QRCode": "無", "說明": "過二號橋右轉產業道路", "保管人": "周駿宏" }, "geometry": { "type": "Point", "coordinates": [ 120.497110025812034, 23.21499702167073 ] } },
{ "type": "Feature", "properties": { "工程（財產）名稱": "護坡", "工程（財產）別名": "賀伯風災番路鄉處理工", "財產編號": "1110102-003A 91-0000010", "保管單位": "曾管中心", "入帳日期(購置日期)": "2000-12-28", "清查日期": "2014/07/18", "地籍": "嘉義縣大埔鄉沙米其段27號", "座標X(1)": 211914.81, "座標Y(1)": 2581470.12, "座標X(2)": null, "座標Y(2)": null, "有無貼牌": "--", "有無QRCode": "無", "說明": "位於台三線沙崙橋右轉產業道路", "保管人": "陳乙震" }, "geometry": { "type": "Point", "coordinates": [ 120.627557014938191, 23.335376044423619 ] } },
{ "type": "Feature", "properties": { "工程（財產）名稱": "排水暗渠", "工程（財產）別名": "阿管辦公廳舍周圍景觀排水溝-30cm涵管", "財產編號": "2020405-0002 00-0000025", "保管單位": "阿管中心", "入帳日期(購置日期)": "2010-12-31", "清查日期": "2022/07/08", "地籍": "高雄市燕巢區瓊東段236,235號地", "座標X(1)": 183994.0, "座標Y(1)": 2522661.0, "座標X(2)": "183960", "座標Y(2)": "2522727", "有無貼牌": "是", "有無QRCode": "無", "說明": null, "保管人": "呂元鈞" }, "geometry": { "type": "Point", "coordinates": [ 120.357052893417119, 22.80343758488419 ] } },
{ "type": "Feature", "properties": { "工程（財產）名稱": "堆棚", "工程（財產）別名": "103高屏堰管理中心辦公廳舍及環境改善工程", "財產編號": "2010203-003B 00-0000003", "保管單位": "高屏溪攔河堰", "入帳日期(購置日期)": "2015-08-31", "清查日期": "2025/02/27", "地籍": "高雄市大樹區大樹保安段1-3號", "座標X(1)": 192011.0, "座標Y(1)": 2509895.0, "座標X(2)": "192014", "座標Y(2)": "2509896", "有無貼牌": "是", "有無QRCode": "有", "說明": "面積29.64平方公尺,辦公室出入口雨遮", "保管人": "蔡易龍" }, "geometry": { "type": "Point", "coordinates": [ 120.435614864533761, 22.688448902536379 ] } },
{ "type": "Feature", "properties": { "工程（財產）名稱": "護坡", "工程（財產）別名": "護坡", "財產編號": "1110102-003A 00-0000432", "保管單位": "牡管中心", "入帳日期(購置日期)": "2016-01-14", "清查日期": "2023/03/21", "地籍": "屏東縣牡丹鄉牡丹段9500-803地號", "座標X(1)": 232427.0, "座標Y(1)": 2451740.0, "座標X(2)": "232428", "座標Y(2)": "2451742", "有無貼牌": "是", "有無QRCode": "無", "說明": null, "保管人": "周百欽" }, "geometry": { "type": "Point", "coordinates": [ 120.829607864345036, 22.164134696649263 ] } },
{ "type": "Feature", "properties": { "工程（財產）名稱": "護坡", "工程（財產）別名": "護坡", "財產編號": "1110102-003A 00-0000434", "保管單位": "牡管中心", "入帳日期(購置日期)": "2016-01-14", "清查日期": "2019/06/12", "地籍": "屏東縣牡丹鄉東源段87號", "座標X(1)": 234538.0, "座標Y(1)": 2456553.0, "座標X(2)": null, "座標Y(2)": null, "有無貼牌": "--", "有無QRCode": "無", "說明": null, "保管人": "周百欽" }, "geometry": { "type": "Point", "coordinates": [ 120.8500304568731, 22.207623993488561 ] } },
{ "type": "Feature", "properties": { "工程（財產）名稱": "護坡", "工程（財產）別名": "護坡", "財產編號": "1110102-003A 00-0000450", "保管單位": "養護科", "入帳日期(購置日期)": "2012-12-30", "清查日期": "--", "地籍": null, "座標X(1)": 201603.0, "座標Y(1)": 2570073.0, "座標X(2)": null, "座標Y(2)": null, "有無貼牌": "--", "有無QRCode": "無", "說明": null, "保管人": "吳宗翰" }, "geometry": { "type": "Point", "coordinates": [ 120.527081699469036, 23.232186654295223 ] } },
{ "type": "Feature", "properties": { "工程（財產）名稱": "護坡", "工程（財產）別名": "106年週邊環境委辦零星工程", "財產編號": "1110102-003A 00-0000471", "保管單位": "高屏溪攔河堰", "入帳日期(購置日期)": "2018-01-17", "清查日期": "2024/12/16", "地籍": "溪埔段89,88,88-1,154-13地號等4筆", "座標X(1)": 191882.0, "座標Y(1)": 2517580.0, "座標X(2)": "191922", "座標Y(2)": "2517705", "有無貼牌": "是", "有無QRCode": "無", "說明": "1.113年12月16日盤點發現原登打座標須訂正為X191922 Y2517705才正確!", "保管人": "沈文忠" }, "geometry": { "type": "Point", "coordinates": [ 120.43407403225369, 22.757844697496459 ] } },
{ "type": "Feature", "properties": { "工程（財產）名稱": "護坡", "工程（財產）別名": "護坡", "財產編號": "1110102-003A 00-0000433", "保管單位": "牡管中心", "入帳日期(購置日期)": "2016-01-14", "清查日期": "2019/06/12", "地籍": "牡丹段91-2地號", "座標X(1)": 232954.0, "座標Y(1)": 2452102.0, "座標X(2)": null, "座標Y(2)": null, "有無貼牌": "--", "有無QRCode": "無", "說明": "零星工程", "保管人": "周百欽" }, "geometry": { "type": "Point", "coordinates": [ 120.834713949307684, 22.167409409030302 ] } },
{ "type": "Feature", "properties": { "工程（財產）名稱": "擋土牆", "工程（財產）別名": "擋土牆109曾文水庫週邊零星工程(增辦)", "財產編號": "1110102-0004 00-0000627", "保管單位": "養護科", "入帳日期(購置日期)": "2021-09-07", "清查日期": "--", "地籍": null, "座標X(1)": 209314.0, "座標Y(1)": 2578638.0, "座標X(2)": null, "座標Y(2)": null, "有無貼牌": "--", "有無QRCode": "無", "說明": null, "保管人": "吳宗翰" }, "geometry": { "type": "Point", "coordinates": [ 120.602199742185178, 23.30973904160636 ] } },
{ "type": "Feature", "properties": { "工程（財產）名稱": "擋土牆", "工程（財產）別名": "檔土牆/102曾文水庫週邊零星工程", "財產編號": "1110102-0004 00-0000580", "保管單位": "養護科", "入帳日期(購置日期)": "2013-11-26", "清查日期": "2020/09/23", "地籍": "樂野段387地號", "座標X(1)": 218799.0, "座標Y(1)": 2595186.0, "座標X(2)": null, "座標Y(2)": null, "有無貼牌": "--", "有無QRCode": "無", "說明": null, "保管人": "吳宗翰" }, "geometry": { "type": "Point", "coordinates": [ 120.694594202109798, 23.459378131322207 ] } },
{ "type": "Feature", "properties": { "工程（財產）名稱": "擋土牆", "工程（財產）別名": "檔土牆/102曾文水庫週邊零星工程", "財產編號": "1110102-0004 00-0000576", "保管單位": "養護科", "入帳日期(購置日期)": "2013-11-26", "清查日期": "2020/09/23", "地籍": "里佳段244地號", "座標X(1)": 221944.0, "座標Y(1)": 2588323.0, "座標X(2)": null, "座標Y(2)": null, "有無貼牌": "--", "有無QRCode": "無", "說明": null, "保管人": "吳宗翰" }, "geometry": { "type": "Point", "coordinates": [ 120.725506184354344, 23.397461501491549 ] } },
{ "type": "Feature", "properties": { "工程（財產）名稱": "擋土牆", "工程（財產）別名": "檔土牆/102曾文水庫週邊零星工程", "財產編號": "1110102-0004 00-0000575", "保管單位": "養護科", "入帳日期(購置日期)": "2013-11-26", "清查日期": "2020/09/23", "地籍": "嘉義縣阿里山鄉里佳段207-3號", "座標X(1)": 222545.0, "座標Y(1)": 2588732.0, "座標X(2)": null, "座標Y(2)": null, "有無貼牌": "--", "有無QRCode": "無", "說明": "箱型石籠面積255平方公尺 長85公尺,高2.5公尺", "保管人": "吳宗翰" }, "geometry": { "type": "Point", "coordinates": [ 120.731378736764981, 23.401165059182581 ] } },
{ "type": "Feature", "properties": { "工程（財產）名稱": "擋土牆", "工程（財產）別名": "擋土牆(含坡道)", "財產編號": "1110102-0004 00-0000615", "保管單位": "養護科", "入帳日期(購置日期)": "2021-03-02", "清查日期": "--", "地籍": "埔北段 162地號、埔北段 179地號、埔北段 191地號", "座標X(1)": 208739.0, "座標Y(1)": 2577725.0, "座標X(2)": null, "座標Y(2)": null, "有無貼牌": "--", "有無QRCode": "無", "說明": null, "保管人": "吳宗翰" }, "geometry": { "type": "Point", "coordinates": [ 120.59660275264946, 23.301480137671476 ] } },
{ "type": "Feature", "properties": { "工程（財產）名稱": "擋土牆", "工程（財產）別名": "擋土牆(左右側及固床工)", "財產編號": "1110102-0004 00-0000614", "保管單位": "養護科", "入帳日期(購置日期)": "2021-03-02", "清查日期": "--", "地籍": "埔東段 2地號", "座標X(1)": 212972.0, "座標Y(1)": 2577317.0, "座標X(2)": null, "座標Y(2)": null, "有無貼牌": "--", "有無QRCode": "無", "說明": null, "保管人": "吳宗翰" }, "geometry": { "type": "Point", "coordinates": [ 120.637996901297356, 23.297896809905932 ] } },
{ "type": "Feature", "properties": { "工程（財產）名稱": "擋土牆", "工程（財產）別名": "擋土牆(含箱涵塊狀護欄及固床工)", "財產編號": "1110102-0004 00-0000613", "保管單位": "養護科", "入帳日期(購置日期)": "2021-03-02", "清查日期": "--", "地籍": "草嶺段5地號", "座標X(1)": 209054.0, "座標Y(1)": 2573111.0, "座標X(2)": null, "座標Y(2)": null, "有無貼牌": "--", "有無QRCode": "無", "說明": null, "保管人": "吳宗翰" }, "geometry": { "type": "Point", "coordinates": [ 120.599806890655557, 23.259822713874861 ] } },
{ "type": "Feature", "properties": { "工程（財產）名稱": "擋土牆", "工程（財產）別名": "擋土牆/109阿公店水庫集水區水土保持零星工", "財產編號": "1110102-0004 00-0000590", "保管單位": "阿管中心", "入帳日期(購置日期)": "2020-09-17", "清查日期": "2021/05/12", "地籍": "高雄市燕巢區尖山段1163-3號", "座標X(1)": 184415.0, "座標Y(1)": 2524563.0, "座標X(2)": null, "座標Y(2)": null, "有無貼牌": "是", "有無QRCode": "無", "說明": "長13米", "保管人": "陳煌祥" }, "geometry": { "type": "Point", "coordinates": [ 120.361073446530042, 22.820629862101281 ] } },
{ "type": "Feature", "properties": { "工程（財產）名稱": "擋土牆", "工程（財產）別名": "擋土牆/104曾文水庫改善工楠西區第二期工程", "財產編號": "1110102-0004 00-0000592", "保管單位": "曾管中心", "入帳日期(購置日期)": "2015-12-30", "清查日期": "2020/12/09", "地籍": "台南市楠西區雙溪段984號", "座標X(1)": 199505.77, "座標Y(1)": 2566271.44, "座標X(2)": null, "座標Y(2)": null, "有無貼牌": "--", "有無QRCode": "無", "說明": "位置楠西區雙溪", "保管人": "周駿宏" }, "geometry": { "type": "Point", "coordinates": [ 120.50671495460692, 23.197794981870938 ] } },
{ "type": "Feature", "properties": { "工程（財產）名稱": "擋土牆", "工程（財產）別名": "擋土牆/104曾文水庫改善工楠西區第二期工程", "財產編號": "1110102-0004 00-0000591", "保管單位": "曾管中心", "入帳日期(購置日期)": "2015-12-30", "清查日期": "2020/12/09", "地籍": "台南市楠西區雙溪段958號", "座標X(1)": 199535.32, "座標Y(1)": 2566381.09, "座標X(2)": null, "座標Y(2)": null, "有無貼牌": "--", "有無QRCode": "無", "說明": "楠西區雙溪", "保管人": "周駿宏" }, "geometry": { "type": "Point", "coordinates": [ 120.506999993642935, 23.19878604518248 ] } },
{ "type": "Feature", "properties": { "工程（財產）名稱": "擋土牆", "工程（財產）別名": "檔土牆/102曾文水庫週邊零星工程", "財產編號": "1110102-0004 00-0000577", "保管單位": "養護科", "入帳日期(購置日期)": "2013-11-26", "清查日期": "2020/09/23", "地籍": "里佳段63-1地號", "座標X(1)": 221140.0, "座標Y(1)": 2589318.0, "座標X(2)": null, "座標Y(2)": null, "有無貼牌": "--", "有無QRCode": "無", "說明": null, "保管人": "吳宗翰" }, "geometry": { "type": "Point", "coordinates": [ 120.717621040110515, 23.406432505780217 ] } },
{ "type": "Feature", "properties": { "工程（財產）名稱": "擋土牆", "工程（財產）別名": "擋土牆/109阿公店水庫集水區水土保持暨邊坡", "財產編號": "1110102-0004 00-0000612", "保管單位": "阿管中心", "入帳日期(購置日期)": "2021-03-05", "清查日期": "--", "地籍": "高雄市田寮區水蛙潭段323-200號", "座標X(1)": 187997.061, "座標Y(1)": 2524846.073, "座標X(2)": "187975.723", "座標Y(2)": "2524846.073", "有無貼牌": "是", "有無QRCode": "無", "說明": "長25米(工區3)", "保管人": "邱柏翰" }, "geometry": { "type": "Point", "coordinates": [ 120.39595693410952, 22.823322223598122 ] } },
{ "type": "Feature", "properties": { "工程（財產）名稱": "擋土牆", "工程（財產）別名": "擋土牆/110阿公店水庫集水區水土保持零星工", "財產編號": "1110102-0004 00-0000622", "保管單位": "阿管中心", "入帳日期(購置日期)": "2021-11-10", "清查日期": "2022/12/16", "地籍": "高雄市田寮區水蛙潭段二小段9899河道地號及同區水蛙潭段一小段31號", "座標X(1)": 189950.0, "座標Y(1)": 2523809.0, "座標X(2)": "189933", "座標Y(2)": "2523805", "有無貼牌": "是", "有無QRCode": "無", "說明": null, "保管人": "陳煌祥" }, "geometry": { "type": "Point", "coordinates": [ 120.415022022506804, 22.814027953565269 ] } },
{ "type": "Feature", "properties": { "工程（財產）名稱": "擋土牆", "工程（財產）別名": "擋土牆/牡丹水庫集水區汝仍溪攔木設施工程", "財產編號": "1110102-0004 00-0000635", "保管單位": "牡管中心", "入帳日期(購置日期)": "2021-11-25", "清查日期": "2022/11/18", "地籍": "屏東縣牡丹鄉牡丹段721-1,713號", "座標X(1)": 227223.654, "座標Y(1)": 2450782.181, "座標X(2)": "227229", "座標Y(2)": "2450776", "有無貼牌": "是", "有無QRCode": "無", "說明": null, "保管人": "蔡國山" }, "geometry": { "type": "Point", "coordinates": [ 120.779168695615212, 22.15542351455683 ] } },
{ "type": "Feature", "properties": { "工程（財產）名稱": "擋土牆", "工程（財產）別名": "擋土牆/111年高屏溪攔上游週邊環境委辦零星", "財產編號": "1110102-0004 00-0000662", "保管單位": "高屏溪攔河堰", "入帳日期(購置日期)": "2023-01-12", "清查日期": "2024/09/27", "地籍": "統嶺段594,601,239,238,241,235地號等6筆土地", "座標X(1)": 191873.0, "座標Y(1)": 2519181.0, "座標X(2)": "192914", "座標Y(2)": "2516413", "有無貼牌": "是", "有無QRCode": "無", "說明": null, "保管人": "沈文忠" }, "geometry": { "type": "Point", "coordinates": [ 120.433926797625446, 22.772302314639603 ] } },
{ "type": "Feature", "properties": { "工程（財產）名稱": "擋土牆", "工程（財產）別名": "擋土牆/110年曾文水庫周邊零星工程", "財產編號": "1110102-0004 00-0000647", "保管單位": "養護科", "入帳日期(購置日期)": "2021-12-16", "清查日期": "--", "地籍": null, "座標X(1)": 209116.0, "座標Y(1)": 2574104.0, "座標X(2)": null, "座標Y(2)": null, "有無貼牌": "--", "有無QRCode": "無", "說明": null, "保管人": "吳宗翰" }, "geometry": { "type": "Point", "coordinates": [ 120.600386111687442, 23.268791259181917 ] } },
{ "type": "Feature", "properties": { "工程（財產）名稱": "擋土牆", "工程（財產）別名": "擋土牆/110年曾文水庫周邊零星工程", "財產編號": "1110102-0004 00-0000646", "保管單位": "養護科", "入帳日期(購置日期)": "2021-12-16", "清查日期": "--", "地籍": null, "座標X(1)": 207328.0, "座標Y(1)": 2574951.0, "座標X(2)": null, "座標Y(2)": null, "有無貼牌": "--", "有無QRCode": "無", "說明": null, "保管人": "吳宗翰" }, "geometry": { "type": "Point", "coordinates": [ 120.582886139589604, 23.276394365251704 ] } },
{ "type": "Feature", "properties": { "工程（財產）名稱": "擋土牆", "工程（財產）別名": "擋土牆/110年曾文水庫周邊零星工程", "財產編號": "1110102-0004 00-0000645", "保管單位": "養護科", "入帳日期(購置日期)": "2021-12-16", "清查日期": "--", "地籍": null, "座標X(1)": 208887.0, "座標Y(1)": 2575935.0, "座標X(2)": null, "座標Y(2)": null, "有無貼牌": "--", "有無QRCode": "無", "說明": null, "保管人": "吳宗翰" }, "geometry": { "type": "Point", "coordinates": [ 120.598098222179701, 23.285319835227252 ] } },
{ "type": "Feature", "properties": { "工程（財產）名稱": "擋土牆", "工程（財產）別名": "擋土牆/110甲仙堰蓄水範圍週邊排水零星工程", "財產編號": "1110102-0004 00-0000628", "保管單位": "甲仙攔河堰管理中心", "入帳日期(購置日期)": "2021-11-29", "清查日期": "--", "地籍": "甲仙區東阿里關段 303地號 及327-2號", "座標X(1)": 209083.0, "座標Y(1)": 2555696.0, "座標X(2)": "209095", "座標Y(2)": "2555681", "有無貼牌": "否", "有無QRCode": "無", "說明": "110年度甲仙攔河堰蓄水範圍週邊排水零星工程─排水改善工程 擋土牆，長度81.6公尺。", "保管人": "洪瑞隆" }, "geometry": { "type": "Point", "coordinates": [ 120.600557423887878, 23.1025606051933 ] } },
{ "type": "Feature", "properties": { "工程（財產）名稱": "擋土牆", "工程（財產）別名": "擋土牆109曾文水庫週邊零星工程(增辦)", "財產編號": "1110102-0004 00-0000623", "保管單位": "養護科", "入帳日期(購置日期)": "2021-09-07", "清查日期": "--", "地籍": null, "座標X(1)": 209004.0, "座標Y(1)": 2577731.0, "座標X(2)": null, "座標Y(2)": null, "有無貼牌": "--", "有無QRCode": "無", "說明": null, "保管人": "吳宗翰" }, "geometry": { "type": "Point", "coordinates": [ 120.599193371913628, 23.301540962005244 ] } },
{ "type": "Feature", "properties": { "工程（財產）名稱": "擋土牆", "工程（財產）別名": "擋土牆109曾文水庫週邊零星工程(增辦)", "財產編號": "1110102-0004 00-0000624", "保管單位": "養護科", "入帳日期(購置日期)": "2021-09-07", "清查日期": "--", "地籍": null, "座標X(1)": 209247.0, "座標Y(1)": 2578393.0, "座標X(2)": null, "座標Y(2)": null, "有無貼牌": "--", "有無QRCode": "無", "說明": null, "保管人": "吳宗翰" }, "geometry": { "type": "Point", "coordinates": [ 120.601551265128549, 23.307524987855771 ] } },
{ "type": "Feature", "properties": { "工程（財產）名稱": "擋土牆", "工程（財產）別名": "擋土牆109曾文水庫週邊零星工程(增辦)", "財產編號": "1110102-0004 00-0000625", "保管單位": "養護科", "入帳日期(購置日期)": "2021-09-07", "清查日期": "--", "地籍": null, "座標X(1)": 209873.0, "座標Y(1)": 2574282.0, "座標X(2)": null, "座標Y(2)": null, "有無貼牌": "--", "有無QRCode": "無", "說明": null, "保管人": "吳宗翰" }, "geometry": { "type": "Point", "coordinates": [ 120.607780442250842, 23.270417298202158 ] } },
{ "type": "Feature", "properties": { "工程（財產）名稱": "擋土牆", "工程（財產）別名": "101年度曾文水庫週邊零星工程-永樂區", "財產編號": "1110102-0004 00-0000340", "保管單位": "養護科", "入帳日期(購置日期)": "2012-11-16", "清查日期": "2014/08/21", "地籍": "嘉義縣大埔鄉南寮段13地號", "座標X(1)": 207460.0, "座標Y(1)": 2580047.0, "座標X(2)": null, "座標Y(2)": null, "有無貼牌": "--", "有無QRCode": "無", "說明": "H工區半重力式擋土牆3.5m(H)×6m(L)", "保管人": "吳宗翰" }, "geometry": { "type": "Point", "coordinates": [ 120.58403335654684, 23.322415458625553 ] } },
{ "type": "Feature", "properties": { "工程（財產）名稱": "擋土牆", "工程（財產）別名": "木梓山等工程-133.6M2", "財產編號": "1110102-0004 00-0000231", "保管單位": "阿管中心", "入帳日期(購置日期)": "2009-12-02", "清查日期": "2014/08/19", "地籍": "高雄市田寮區牛稠埔段700-153號", "座標X(1)": 183982.43, "座標Y(1)": 2525732.42, "座標X(2)": "183977.3", "座標Y(2)": "2525732.42", "有無貼牌": "--", "有無QRCode": "無", "說明": null, "保管人": "林堉介" }, "geometry": { "type": "Point", "coordinates": [ 120.356809957998664, 22.831173198045338 ] } },
{ "type": "Feature", "properties": { "工程（財產）名稱": "擋土牆", "工程（財產）別名": "103年高屏溪攔河上游週邊環境委辦工程", "財產編號": "1110102-0004 00-0000425", "保管單位": "高屏溪攔河堰", "入帳日期(購置日期)": "2015-05-26", "清查日期": "2022/10/07", "地籍": "大樹區姑婆寮段904", "座標X(1)": 192242.0, "座標Y(1)": 2514490.0, "座標X(2)": "192250", "座標Y(2)": "2514490", "有無貼牌": "是", "有無QRCode": "無", "說明": "大樹區姑婆寮段904", "保管人": "沈文忠" }, "geometry": { "type": "Point", "coordinates": [ 120.437693578711574, 22.729952556897739 ] } },
{ "type": "Feature", "properties": { "工程（財產）名稱": "擋土牆", "工程（財產）別名": "B工區-30M", "財產編號": "1110102-0004 00-0000220", "保管單位": "養護科", "入帳日期(購置日期)": "2009-05-26", "清查日期": "2019/10/01", "地籍": "嘉義縣大埔鄉埔東段37號", "座標X(1)": 210863.79, "座標Y(1)": 2575471.65, "座標X(2)": null, "座標Y(2)": null, "有無貼牌": "--", "有無QRCode": "無", "說明": null, "保管人": "吳宗翰" }, "geometry": { "type": "Point", "coordinates": [ 120.617434024710576, 23.281183996761261 ] } },
{ "type": "Feature", "properties": { "工程（財產）名稱": "擋土牆", "工程（財產）別名": "102年曾文水庫集水區主流亞米亞娜橋上游河", "財產編號": "1110102-0004 00-0000379", "保管單位": "曾管中心", "入帳日期(購置日期)": "2014-06-27", "清查日期": "2022/12/08", "地籍": "嘉義縣阿里山鄉茶山段149-5,149-1號", "座標X(1)": 216307.0, "座標Y(1)": 2578914.0, "座標X(2)": "216163", "座標Y(2)": "2578914", "有無貼牌": "是", "有無QRCode": "無", "說明": "上述座標值X1Y1代表起點;X2Y2代表迄點 貼牌座標X215976 Y2578839", "保管人": "許玿瑛" }, "geometry": { "type": "Point", "coordinates": [ 120.670565472305853, 23.312389967394573 ] } },
{ "type": "Feature", "properties": { "工程（財產）名稱": "擋土牆", "工程（財產）別名": "擋土牆", "財產編號": "1110102-0004 00-0000467", "保管單位": "養護科", "入帳日期(購置日期)": "2012-12-31", "清查日期": "--", "地籍": "大埔段1253-1地號", "座標X(1)": 208288.0, "座標Y(1)": 2574682.0, "座標X(2)": null, "座標Y(2)": null, "有無貼牌": "--", "有無QRCode": "無", "說明": null, "保管人": "吳宗翰" }, "geometry": { "type": "Point", "coordinates": [ 120.592277236204453, 23.273989902596679 ] } },
{ "type": "Feature", "properties": { "工程（財產）名稱": "擋土牆", "工程（財產）別名": "103曾文水庫週邊零星工程(和平)", "財產編號": "1110102-0004 00-0000409", "保管單位": "養護科", "入帳日期(購置日期)": "2015-01-16", "清查日期": "--", "地籍": null, "座標X(1)": 213797.0, "座標Y(1)": 2575917.0, "座標X(2)": null, "座標Y(2)": null, "有無貼牌": "--", "有無QRCode": "無", "說明": null, "保管人": "吳宗翰" }, "geometry": { "type": "Point", "coordinates": [ 120.646095796645596, 23.285272897613016 ] } },
{ "type": "Feature", "properties": { "工程（財產）名稱": "擋土牆", "工程（財產）別名": "M工區-22M", "財產編號": "1110102-0004 00-0000218", "保管單位": "養護科", "入帳日期(購置日期)": "2009-05-26", "清查日期": "2019/10/01", "地籍": "嘉義縣大埔鄉南寮段2號", "座標X(1)": 207086.0, "座標Y(1)": 2580802.97, "座標X(2)": "207079.26", "座標Y(2)": "2580802.97", "有無貼牌": "--", "有無QRCode": "無", "說明": null, "保管人": "吳宗翰" }, "geometry": { "type": "Point", "coordinates": [ 120.580354930129786, 23.329232208588465 ] } },
{ "type": "Feature", "properties": { "工程（財產）名稱": "擋土牆", "工程（財產）別名": "102年曾文水庫湖域保護帶治理工程第一期", "財產編號": "1110102-0004 00-0000380", "保管單位": "曾管中心", "入帳日期(購置日期)": "2014-06-27", "清查日期": "2023/10/20", "地籍": "台南市東山區下南勢段1159號", "座標X(1)": 201653.0, "座標Y(1)": 2572623.0, "座標X(2)": "201652", "座標Y(2)": "2572624", "有無貼牌": "是", "有無QRCode": "無", "說明": "擋土牆", "保管人": "廖元賢" }, "geometry": { "type": "Point", "coordinates": [ 120.527489172792031, 23.255215004906425 ] } },
{ "type": "Feature", "properties": { "工程（財產）名稱": "擋土牆", "工程（財產）別名": "103年曾文水庫週邊零星工程", "財產編號": "1110102-0004 00-0000389", "保管單位": "養護科", "入帳日期(購置日期)": "2014-12-26", "清查日期": "--", "地籍": "嘉義縣大埔鄉大埔段1318-5", "座標X(1)": 207748.0, "座標Y(1)": 2575063.0, "座標X(2)": null, "座標Y(2)": null, "有無貼牌": "--", "有無QRCode": "無", "說明": null, "保管人": "吳宗翰" }, "geometry": { "type": "Point", "coordinates": [ 120.58698838942037, 23.277416603222836 ] } },
{ "type": "Feature", "properties": { "工程（財產）名稱": "擋土牆", "工程（財產）別名": "101年度曾文水庫湖域保護帶治理工程(第二期", "財產編號": "1110102-0004 00-0000349", "保管單位": "曾管中心", "入帳日期(購置日期)": "2013-01-20", "清查日期": "--", "地籍": "河川用地,無地籍資料", "座標X(1)": 200069.156, "座標Y(1)": 2570474.52, "座標X(2)": null, "座標Y(2)": null, "有無貼牌": "--", "有無QRCode": "無", "說明": null, "保管人": "陳乙震" }, "geometry": { "type": "Point", "coordinates": [ 120.512080753983611, 23.235766624275065 ] } },
{ "type": "Feature", "properties": { "工程（財產）名稱": "擋土牆", "工程（財產）別名": "阿公店頭條崙和興下店(工區5.6)-90M2", "財產編號": "1110102-0004 00-0000309", "保管單位": "阿管中心", "入帳日期(購置日期)": "2011-12-31", "清查日期": "2012/05/25", "地籍": "高雄市田寮區牛稠埔段500-18號", "座標X(1)": 185637.0, "座標Y(1)": 2525356.0, "座標X(2)": null, "座標Y(2)": null, "有無貼牌": "--", "有無QRCode": "無", "說明": null, "保管人": "呂元鈞" }, "geometry": { "type": "Point", "coordinates": [ 120.372944772917975, 22.827838248564952 ] } },
{ "type": "Feature", "properties": { "工程（財產）名稱": "擋土牆", "工程（財產）別名": "達邦及里佳村道路及排水改善工程-40M2", "財產編號": "1110102-0004 00-0000286", "保管單位": "養護科", "入帳日期(購置日期)": "2010-12-31", "清查日期": "2019/10/01", "地籍": "嘉義縣阿里山鄉特富野段454號", "座標X(1)": 227374.0, "座標Y(1)": 2595558.0, "座標X(2)": null, "座標Y(2)": null, "有無貼牌": "--", "有無QRCode": "無", "說明": "B工區", "保管人": "吳宗翰" }, "geometry": { "type": "Point", "coordinates": [ 120.77852298086016, 23.462879078934538 ] } },
{ "type": "Feature", "properties": { "工程（財產）名稱": "擋土牆", "工程（財產）別名": "委辦零星工程-282m2", "財產編號": "1110102-0004 00-0000187", "保管單位": "高屏溪攔河堰", "入帳日期(購置日期)": "2008-12-25", "清查日期": "2022/10/06", "地籍": "溪埔段154-436號", "座標X(1)": 191366.0, "座標Y(1)": 2515926.0, "座標X(2)": null, "座標Y(2)": null, "有無貼牌": "是", "有無QRCode": "無", "說明": null, "保管人": "沈文忠" }, "geometry": { "type": "Point", "coordinates": [ 120.429111715029876, 22.742890251094753 ] } },
{ "type": "Feature", "properties": { "工程（財產）名稱": "擋土牆", "工程（財產）別名": "101年度曾文水庫週邊零星工程-永樂區", "財產編號": "1110102-0004 00-0000339", "保管單位": "養護科", "入帳日期(購置日期)": "2012-11-16", "清查日期": "2014/08/21", "地籍": "嘉義縣大埔鄉南寮段13地號", "座標X(1)": 207693.0, "座標Y(1)": 2580115.0, "座標X(2)": null, "座標Y(2)": null, "有無貼牌": "--", "有無QRCode": "無", "說明": "G工區擋土牆2.5m(H)×10m(L)", "保管人": "吳宗翰" }, "geometry": { "type": "Point", "coordinates": [ 120.586309741354441, 23.323035538561928 ] } },
{ "type": "Feature", "properties": { "工程（財產）名稱": "擋土牆", "工程（財產）別名": "103曾文水庫湖域保護帶治理工程第三期", "財產編號": "1110102-0004 00-0000440", "保管單位": "曾管中心", "入帳日期(購置日期)": "2015-09-07", "清查日期": "2015/07/01", "地籍": "台南市楠西區密枝段104-29號", "座標X(1)": 198700.0, "座標Y(1)": 2568284.0, "座標X(2)": null, "座標Y(2)": null, "有無貼牌": "--", "有無QRCode": "無", "說明": null, "保管人": "周駿宏" }, "geometry": { "type": "Point", "coordinates": [ 120.498775733734661, 23.215943833424628 ] } },
{ "type": "Feature", "properties": { "工程（財產）名稱": "擋土牆", "工程（財產）別名": "101年度曾文水庫週邊零星工程-和平村", "財產編號": "1110102-0004 00-0000327", "保管單位": "養護科", "入帳日期(購置日期)": "2012-11-29", "清查日期": "2014/08/21", "地籍": "嘉義縣大埔鄉大埔段802-2地號", "座標X(1)": 210807.0, "座標Y(1)": 2577973.0, "座標X(2)": null, "座標Y(2)": null, "有無貼牌": "--", "有無QRCode": "無", "說明": "L溝擋土牆0.8m(H)×11m(L)", "保管人": "吳宗翰" }, "geometry": { "type": "Point", "coordinates": [ 120.616814235841261, 23.303770330797221 ] } },
{ "type": "Feature", "properties": { "工程（財產）名稱": "擋土牆", "工程（財產）別名": "109曾文水庫週邊零星工程(和平)", "財產編號": "1110102-0004 00-0000408", "保管單位": "養護科", "入帳日期(購置日期)": "2015-01-16", "清查日期": "--", "地籍": null, "座標X(1)": 213752.0, "座標Y(1)": 2575923.0, "座標X(2)": null, "座標Y(2)": null, "有無貼牌": "--", "有無QRCode": "無", "說明": "103年曾文水庫週邊零星工程(和平)", "保管人": "吳宗翰" }, "geometry": { "type": "Point", "coordinates": [ 120.645655760050332, 23.285326086174667 ] } },
{ "type": "Feature", "properties": { "工程（財產）名稱": "擋土牆", "工程（財產）別名": "103年曾文水庫週邊零星工程(達邦村)", "財產編號": "1110102-0004 00-0000435", "保管單位": "養護科", "入帳日期(購置日期)": "2015-09-01", "清查日期": "--", "地籍": "烏茲娜段57(公 林務局)", "座標X(1)": 221386.0, "座標Y(1)": 2592472.0, "座標X(2)": null, "座標Y(2)": null, "有無貼牌": "--", "有無QRCode": "無", "說明": "97坐標", "保管人": "吳宗翰" }, "geometry": { "type": "Point", "coordinates": [ 120.719968039163419, 23.43491791612902 ] } },
{ "type": "Feature", "properties": { "工程（財產）名稱": "擋土牆", "工程（財產）別名": "甲仙攔河堰崩塌地整體治理工程", "財產編號": "1110102-0004 00-0000343", "保管單位": "甲仙(堰區)", "入帳日期(購置日期)": "2013-03-18", "清查日期": "2024/07/15", "地籍": "甲仙區東大邱園段1407-7號地", "座標X(1)": 207212.0, "座標Y(1)": 2553760.0, "座標X(2)": "207204", "座標Y(2)": "2553741", "有無貼牌": "是", "有無QRCode": "無", "說明": null, "保管人": "洪瑞隆" }, "geometry": { "type": "Point", "coordinates": [ 120.582346631461803, 23.085030496489349 ] } },
{ "type": "Feature", "properties": { "工程（財產）名稱": "擋土牆", "工程（財產）別名": "103曾文水庫湖域保護帶治理工程第三期", "財產編號": "1110102-0004 00-0000442", "保管單位": "曾管中心", "入帳日期(購置日期)": "2015-09-07", "清查日期": "2015/07/01", "地籍": "大埔鄉柳騰潭段11-6號", "座標X(1)": 202411.0, "座標Y(1)": 2572369.0, "座標X(2)": null, "座標Y(2)": null, "有無貼牌": "--", "有無QRCode": "無", "說明": "地點：竹崙仔部落", "保管人": "周駿宏" }, "geometry": { "type": "Point", "coordinates": [ 120.534905116692968, 23.252943460775704 ] } },
{ "type": "Feature", "properties": { "工程（財產）名稱": "擋土牆", "工程（財產）別名": "里佳村第一鄰及達邦村拉拉克斯道路改道路工", "財產編號": "1110102-0004 00-0000316", "保管單位": "養護科", "入帳日期(購置日期)": "2012-02-08", "清查日期": "2012/12/07", "地籍": "嘉義縣阿里山鄉里佳段1地號", "座標X(1)": 221846.0, "座標Y(1)": 2590444.0, "座標X(2)": null, "座標Y(2)": null, "有無貼牌": "--", "有無QRCode": "無", "說明": null, "保管人": "吳宗翰" }, "geometry": { "type": "Point", "coordinates": [ 120.724507744422695, 23.416612794871391 ] } },
{ "type": "Feature", "properties": { "工程（財產）名稱": "擋土牆", "工程（財產）別名": "103年高屏溪攔河上游週邊環境委辦工程", "財產編號": "1110102-0004 00-0000424", "保管單位": "高屏溪攔河堰", "入帳日期(購置日期)": "2015-05-26", "清查日期": "--", "地籍": "高雄市大樹區田寮段1159及1165號", "座標X(1)": 192242.0, "座標Y(1)": 2514490.0, "座標X(2)": "192250", "座標Y(2)": "2514490", "有無貼牌": "是", "有無QRCode": "無", "說明": "大樹區溪埔段746-3", "保管人": "沈文忠" }, "geometry": { "type": "Point", "coordinates": [ 120.437693578711574, 22.729952556897739 ] } },
{ "type": "Feature", "properties": { "工程（財產）名稱": "擋土牆", "工程（財產）別名": "103年度曾文水庫湖域保護帶治理工程第二期", "財產編號": "1110102-0004 00-0000421", "保管單位": "曾管中心", "入帳日期(購置日期)": "2015-05-08", "清查日期": "--", "地籍": null, "座標X(1)": 213562.0, "座標Y(1)": 2577031.0, "座標X(2)": null, "座標Y(2)": null, "有無貼牌": "--", "有無QRCode": "無", "說明": null, "保管人": "陳乙震" }, "geometry": { "type": "Point", "coordinates": [ 120.643771806345015, 23.295327374298257 ] } },
{ "type": "Feature", "properties": { "工程（財產）名稱": "擋土牆", "工程（財產）別名": "103年度曾文水庫湖域保護帶治理工程第二期", "財產編號": "1110102-0004 00-0000420", "保管單位": "曾管中心", "入帳日期(購置日期)": "2015-05-08", "清查日期": "--", "地籍": null, "座標X(1)": 213562.0, "座標Y(1)": 2577031.0, "座標X(2)": null, "座標Y(2)": null, "有無貼牌": "--", "有無QRCode": "無", "說明": null, "保管人": "陳乙震" }, "geometry": { "type": "Point", "coordinates": [ 120.643771806345015, 23.295327374298257 ] } },
{ "type": "Feature", "properties": { "工程（財產）名稱": "擋土牆", "工程（財產）別名": "水上樂園擋土牆-50M2", "財產編號": "1110102-0004 00-0000275", "保管單位": "曾管中心", "入帳日期(購置日期)": "2010-09-27", "清查日期": "2015/07/17", "地籍": "嘉義縣大埔鄉柳籐潭段53號", "座標X(1)": 202993.35, "座標Y(1)": 2570991.59, "座標X(2)": null, "座標Y(2)": null, "有無貼牌": "--", "有無QRCode": "無", "說明": "曾庫公路水上樂園", "保管人": "周駿宏" }, "geometry": { "type": "Point", "coordinates": [ 120.540638971360721, 23.240521973913619 ] } },
{ "type": "Feature", "properties": { "工程（財產）名稱": "擋土牆", "工程（財產）別名": "擋土牆/108曾文水庫週邊零星(續辦)工程", "財產編號": "1110102-0004 00-0000568", "保管單位": "養護科", "入帳日期(購置日期)": "2020-02-12", "清查日期": "--", "地籍": "嘉義縣沙米箕段87地號", "座標X(1)": 209847.0, "座標Y(1)": 2579209.0, "座標X(2)": null, "座標Y(2)": null, "有無貼牌": "--", "有無QRCode": "無", "說明": "擋土牆28公尺", "保管人": "吳宗翰" }, "geometry": { "type": "Point", "coordinates": [ 120.607395822100997, 23.31490840313888 ] } },
{ "type": "Feature", "properties": { "工程（財產）名稱": "擋土牆", "工程（財產）別名": "106年曾文水庫週邊零星工程延續擋土牆", "財產編號": "1110102-0004 00-0000503", "保管單位": "養護科", "入帳日期(購置日期)": "2017-03-03", "清查日期": "--", "地籍": "大埔段1460地號", "座標X(1)": 204171.0, "座標Y(1)": 2570914.0, "座標X(2)": null, "座標Y(2)": null, "有無貼牌": "--", "有無QRCode": "無", "說明": "L型擋土牆 塊狀護欄", "保管人": "吳宗翰" }, "geometry": { "type": "Point", "coordinates": [ 120.552149332009236, 23.23985454398499 ] } },
{ "type": "Feature", "properties": { "工程（財產）名稱": "擋土牆", "工程（財產）別名": "擋土牆/106阿公店水庫集水區水土保持零星", "財產編號": "1110102-0004 00-0000533", "保管單位": "阿管中心", "入帳日期(購置日期)": "2017-12-20", "清查日期": "2019/06/06", "地籍": "高雄市岡山區 子段四小段2623號", "座標X(1)": 182376.0, "座標Y(1)": 2524288.0, "座標X(2)": null, "座標Y(2)": null, "有無貼牌": "--", "有無QRCode": "無", "說明": null, "保管人": "陳煌祥" }, "geometry": { "type": "Point", "coordinates": [ 120.341222529005833, 22.81806564033543 ] } },
{ "type": "Feature", "properties": { "工程（財產）名稱": "擋土牆", "工程（財產）別名": "擋土牆109曾文水庫週邊零星工程(增辦)", "財產編號": "1110102-0004 00-0000626", "保管單位": "養護科", "入帳日期(購置日期)": "2021-09-07", "清查日期": "--", "地籍": null, "座標X(1)": 206334.0, "座標Y(1)": 2573384.0, "座標X(2)": null, "座標Y(2)": null, "有無貼牌": "--", "有無QRCode": "無", "說明": null, "保管人": "吳宗翰" }, "geometry": { "type": "Point", "coordinates": [ 120.573215184433337, 23.262217954576347 ] } },
{ "type": "Feature", "properties": { "工程（財產）名稱": "擋土牆", "工程（財產）別名": "103阿公店水庫集水區水土保持零星工程岡山", "財產編號": "1110102-0004 00-0000416", "保管單位": "阿管中心", "入帳日期(購置日期)": "2015-01-19", "清查日期": "2019/06/21", "地籍": "高雄市田寮區牛稠埔段710-6號", "座標X(1)": 182737.0, "座標Y(1)": 2525441.0, "座標X(2)": null, "座標Y(2)": null, "有無貼牌": "--", "有無QRCode": "無", "說明": "地籍在田寮區,門牌卻在岡山區", "保管人": "陳煌祥" }, "geometry": { "type": "Point", "coordinates": [ 120.344689299633401, 22.8284921249743 ] } },
{ "type": "Feature", "properties": { "工程（財產）名稱": "擋土牆", "工程（財產）別名": "102年曾文水庫集水區主流達邦樂野山美段河", "財產編號": "1110102-0004 00-0000384", "保管單位": "曾管中心", "入帳日期(購置日期)": "2014-12-22", "清查日期": "2019/10/07", "地籍": "嘉義縣阿里山鄉達邦段9017-90號", "座標X(1)": 223549.0, "座標Y(1)": 2594515.0, "座標X(2)": null, "座標Y(2)": null, "有無貼牌": "--", "有無QRCode": "無", "說明": "達邦D段，擋土牆增加173公尺，總長226公尺", "保管人": "許玿瑛" }, "geometry": { "type": "Point", "coordinates": [ 120.741100199240961, 23.453403012229042 ] } },
{ "type": "Feature", "properties": { "工程（財產）名稱": "擋土牆", "工程（財產）別名": "外埤-擋土牆-100M2", "財產編號": "1110102-0004 00-0000251", "保管單位": "曾管中心", "入帳日期(購置日期)": "2009-12-31", "清查日期": "2015/04/02", "地籍": "嘉義縣大埔鄉大埔段1559號", "座標X(1)": 211864.64, "座標Y(1)": 2578032.22, "座標X(2)": null, "座標Y(2)": null, "有無貼牌": "--", "有無QRCode": "無", "說明": "石夾內台三公路332.5k下方住戶前", "保管人": "陳乙震" }, "geometry": { "type": "Point", "coordinates": [ 120.627153006472369, 23.304330027259343 ] } },
{ "type": "Feature", "properties": { "工程（財產）名稱": "擋土牆", "工程（財產）別名": "106年度曾文水庫周邊零星工程(里佳村)", "財產編號": "1110102-0004 00-0000486", "保管單位": "養護科", "入帳日期(購置日期)": "2017-06-05", "清查日期": "--", "地籍": "山美段80號", "座標X(1)": 219756.0, "座標Y(1)": 2596752.0, "座標X(2)": null, "座標Y(2)": null, "有無貼牌": "--", "有無QRCode": "無", "說明": "G工區", "保管人": "吳宗翰" }, "geometry": { "type": "Point", "coordinates": [ 120.703929997098768, 23.47353729345625 ] } },
{ "type": "Feature", "properties": { "工程（財產）名稱": "護坡", "工程（財產）別名": "阿公店蓬萊橋邊坡工程", "財產編號": "1110102-003A 00-0000071", "保管單位": "阿管中心", "入帳日期(購置日期)": "2007-05-31", "清查日期": "2019/07/10", "地籍": "高雄市燕巢區瓊東段191號(局管)", "座標X(1)": 183592.0, "座標Y(1)": 2522770.0, "座標X(2)": null, "座標Y(2)": null, "有無貼牌": "--", "有無QRCode": "無", "說明": null, "保管人": "呂元鈞" }, "geometry": { "type": "Point", "coordinates": [ 120.353132662730161, 22.804406059369271 ] } },
{ "type": "Feature", "properties": { "工程（財產）名稱": "護坡", "工程（財產）別名": "曾文壩區邊坡改善38m2", "財產編號": "1110102-003A 96-0000058", "保管單位": "曾管中心", "入帳日期(購置日期)": "2007-02-09", "清查日期": "2012/11/28", "地籍": null, "座標X(1)": 203054.98, "座標Y(1)": 2570965.71, "座標X(2)": null, "座標Y(2)": null, "有無貼牌": "--", "有無QRCode": "無", "說明": "環湖道路上", "保管人": "陳乙震" }, "geometry": { "type": "Point", "coordinates": [ 120.541242019599991, 23.240290032601912 ] } },
{ "type": "Feature", "properties": { "工程（財產）名稱": "護坡", "工程（財產）別名": "曾文渡假村聯外道路護", "財產編號": "1110102-003A 91-0000001", "保管單位": "曾管中心", "入帳日期(購置日期)": "1996-06-01", "清查日期": "2012/11/21", "地籍": "台南市楠西區密枝段98-6號", "座標X(1)": 198835.03, "座標Y(1)": 2569145.33, "座標X(2)": null, "座標Y(2)": null, "有無貼牌": "--", "有無QRCode": "無", "說明": "位於進入山芙蓉道路右側)淨水廠(對面)", "保管人": "周駿宏" }, "geometry": { "type": "Point", "coordinates": [ 120.50006604871713, 23.22372596335617 ] } },
{ "type": "Feature", "properties": { "工程（財產）名稱": "護坡", "工程（財產）別名": "達邦橋上游側面邊坡綠", "財產編號": "1110102-003A 91-0000016", "保管單位": "曾管中心", "入帳日期(購置日期)": "2000-12-31", "清查日期": "2023/12/29", "地籍": "河川地無地籍資料", "座標X(1)": 223392.44, "座標Y(1)": 2594278.52, "座標X(2)": "223366", "座標Y(2)": "2594277", "有無貼牌": "是", "有無QRCode": "無", "說明": null, "保管人": "連偉成" }, "geometry": { "type": "Point", "coordinates": [ 120.739572004643307, 23.451265018465886 ] } },
{ "type": "Feature", "properties": { "工程（財產）名稱": "護坡", "工程（財產）別名": "105高屏溪攔河堰上游週邊環境委辦零星工程", "財產編號": "1110102-003A 00-0000460", "保管單位": "高屏溪攔河堰", "入帳日期(購置日期)": "2017-04-17", "清查日期": "--", "地籍": "溪埔段704-4,704-17,704-2,704-1,705-1,706-2,706,707地號等8筆", "座標X(1)": 192417.0, "座標Y(1)": 2514127.0, "座標X(2)": "192190", "座標Y(2)": "2514127", "有無貼牌": "--", "有無QRCode": "無", "說明": null, "保管人": "沈文忠" }, "geometry": { "type": "Point", "coordinates": [ 120.439410597960787, 22.726680429112619 ] } },
{ "type": "Feature", "properties": { "工程（財產）名稱": "護坡", "工程（財產）別名": "牡丹集水區水土保持保", "財產編號": "1110102-003A 94-0000053", "保管單位": "牡管中心", "入帳日期(購置日期)": "2005-12-30", "清查日期": "2019/06/12", "地籍": "屏東縣牡丹鄉佳拉烏忍段55號", "座標X(1)": 226994.37, "座標Y(1)": 2450301.52, "座標X(2)": null, "座標Y(2)": null, "有無貼牌": "--", "有無QRCode": "無", "說明": null, "保管人": "薛智揚" }, "geometry": { "type": "Point", "coordinates": [ 120.776952493933067, 22.151079342313281 ] } },
{ "type": "Feature", "properties": { "工程（財產）名稱": "護坡", "工程（財產）別名": "護岸-和平村-29.8M2", "財產編號": "1110102-003A 00-0000079", "保管單位": "養護科", "入帳日期(購置日期)": "2010-09-09", "清查日期": "2012/12/03", "地籍": "嘉義縣大埔鄉大埔段848-2號", "座標X(1)": 209095.0, "座標Y(1)": 2578154.0, "座標X(2)": null, "座標Y(2)": null, "有無貼牌": "--", "有無QRCode": "無", "說明": null, "保管人": "吳宗翰" }, "geometry": { "type": "Point", "coordinates": [ 120.600071617548664, 23.30536299460994 ] } },
{ "type": "Feature", "properties": { "工程（財產）名稱": "護坡", "工程（財產）別名": "紅山區崩塌地工程-515", "財產編號": "1110102-003A 95-0000056", "保管單位": "阿管中心", "入帳日期(購置日期)": "2006-12-29", "清查日期": "--", "地籍": "燕巢區尖山段734-3地號", "座標X(1)": 184731.118, "座標Y(1)": 2522909.268, "座標X(2)": null, "座標Y(2)": null, "有無貼牌": "--", "有無QRCode": "無", "說明": null, "保管人": "李冠緯" }, "geometry": { "type": "Point", "coordinates": [ 120.364222223154869, 22.805708333801054 ] } },
{ "type": "Feature", "properties": { "工程（財產）名稱": "護岸", "工程（財產）別名": "103曾文水庫週邊零星工程(永樂)", "財產編號": "1110102-008H 00-0000017", "保管單位": "養護科", "入帳日期(購置日期)": "2015-01-16", "清查日期": "--", "地籍": "嘉義縣大埔鄉大埔段593", "座標X(1)": 206561.0, "座標Y(1)": 2580636.0, "座標X(2)": null, "座標Y(2)": null, "有無貼牌": "--", "有無QRCode": "無", "說明": null, "保管人": "吳宗翰" }, "geometry": { "type": "Point", "coordinates": [ 120.575225991020204, 23.327710615941484 ] } },
{ "type": "Feature", "properties": { "工程（財產）名稱": "護岸", "工程（財產）別名": "103曾文水庫週邊零星工程(和平)", "財產編號": "1110102-008H 00-0000016", "保管單位": "養護科", "入帳日期(購置日期)": "2015-01-16", "清查日期": "--", "地籍": "高雄市那瑪夏區 悟芒段16號", "座標X(1)": 213797.0, "座標Y(1)": 2575917.0, "座標X(2)": null, "座標Y(2)": null, "有無貼牌": "--", "有無QRCode": "無", "說明": null, "保管人": "吳宗翰" }, "geometry": { "type": "Point", "coordinates": [ 120.646095796645596, 23.285272897613016 ] } },
{ "type": "Feature", "properties": { "工程（財產）名稱": "護岸", "工程（財產）別名": "石籠護岸/102水庫集水區牡丹三號橋上游野溪", "財產編號": "1110102-008H 00-0000495", "保管單位": "養護科", "入帳日期(購置日期)": "2013-10-29", "清查日期": "2020/09/23", "地籍": "河川地,無地籍(牡丹鄉牡丹段)", "座標X(1)": 232440.0, "座標Y(1)": 2452354.0, "座標X(2)": null, "座標Y(2)": null, "有無貼牌": "--", "有無QRCode": "無", "說明": null, "保管人": "吳宗翰" }, "geometry": { "type": "Point", "coordinates": [ 120.829727239555211, 22.169680250889954 ] } },
{ "type": "Feature", "properties": { "工程（財產）名稱": "護岸", "工程（財產）別名": "103曾文水庫週邊零星工程(和平)", "財產編號": "1110102-008H 00-0000015", "保管單位": "養護科", "入帳日期(購置日期)": "2015-01-16", "清查日期": "--", "地籍": "嘉義縣大埔鄉大埔段792", "座標X(1)": 211330.0, "座標Y(1)": 2577955.0, "座標X(2)": null, "座標Y(2)": null, "有無貼牌": "--", "有無QRCode": "無", "說明": null, "保管人": "吳宗翰" }, "geometry": { "type": "Point", "coordinates": [ 120.621927923464909, 23.303620199509268 ] } },
{ "type": "Feature", "properties": { "工程（財產）名稱": "護岸", "工程（財產）別名": "102年度曾文水庫週邊零星工程", "財產編號": "1110102-008H 00-0000010", "保管單位": "養護科", "入帳日期(購置日期)": "2014-01-09", "清查日期": "--", "地籍": "嘉義縣大埔鄉石面桶段15", "座標X(1)": 204470.0, "座標Y(1)": 2580721.0, "座標X(2)": null, "座標Y(2)": null, "有無貼牌": "--", "有無QRCode": "無", "說明": null, "保管人": "吳宗翰" }, "geometry": { "type": "Point", "coordinates": [ 120.554776780285422, 23.328421405502304 ] } },
{ "type": "Feature", "properties": { "工程（財產）名稱": "護岸", "工程（財產）別名": "103曾文水庫週邊零星工程(大埔茄苳西興)", "財產編號": "1110102-008H 00-0000013", "保管單位": "養護科", "入帳日期(購置日期)": "2015-01-06", "清查日期": "--", "地籍": "嘉義縣大埔鄉大埔段1244-2", "座標X(1)": 211330.0, "座標Y(1)": 2575417.0, "座標X(2)": null, "座標Y(2)": null, "有無貼牌": "--", "有無QRCode": "無", "說明": null, "保管人": "吳宗翰" }, "geometry": { "type": "Point", "coordinates": [ 120.621992656680291, 23.280701539724017 ] } },
{ "type": "Feature", "properties": { "工程（財產）名稱": "護岸", "工程（財產）別名": "山美村達娜依谷生態區-石籠護岸-1325M2", "財產編號": "1110102-008H 00-0000006", "保管單位": "曾管中心", "入帳日期(購置日期)": "2011-07-27", "清查日期": "2023/10/13", "地籍": "河川地無地籍資料", "座標X(1)": 217098.54, "座標Y(1)": 2586344.29, "座標X(2)": "217147", "座標Y(2)": "2586364", "有無貼牌": "是", "有無QRCode": "無", "說明": null, "保管人": "連偉成" }, "geometry": { "type": "Point", "coordinates": [ 120.678142961907497, 23.379503025058035 ] } },
{ "type": "Feature", "properties": { "工程（財產）名稱": "護岸", "工程（財產）別名": "102年度曾文水庫零星工程", "財產編號": "1110102-008H 00-0000011", "保管單位": "養護科", "入帳日期(購置日期)": "2014-01-09", "清查日期": "2014/07/01", "地籍": "嘉義縣大埔鄉大埔段1110號", "座標X(1)": 211522.54, "座標Y(1)": 2571736.49, "座標X(2)": null, "座標Y(2)": null, "有無貼牌": "--", "有無QRCode": "無", "說明": null, "保管人": "吳宗翰" }, "geometry": { "type": "Point", "coordinates": [ 120.623968004822629, 23.247470176775099 ] } },
{ "type": "Feature", "properties": { "工程（財產）名稱": "護岸", "工程（財產）別名": "石籠護岸/101年牡丹水庫周邊零星工程", "財產編號": "1110102-008H 00-0000493", "保管單位": "養護科", "入帳日期(購置日期)": "2013-01-15", "清查日期": "2020/09/23", "地籍": "河川地無籍(牡丹區牡丹段)", "座標X(1)": 232498.0, "座標Y(1)": 2452275.0, "座標X(2)": null, "座標Y(2)": null, "有無貼牌": "--", "有無QRCode": "無", "說明": null, "保管人": "吳宗翰" }, "geometry": { "type": "Point", "coordinates": [ 120.830290498188234, 22.168967338556044 ] } },
{ "type": "Feature", "properties": { "工程（財產）名稱": "明渠", "工程（財產）別名": "阿公店引水渠左岸裸露邊坡保護工程-290M", "財產編號": "1110101-029A 00-0000025", "保管單位": "阿管中心", "入帳日期(購置日期)": "2010-11-19", "清查日期": "2014/09/10", "地籍": "高雄市田寮區牛稠埔段253-137號", "座標X(1)": 184094.29, "座標Y(1)": 2526503.84, "座標X(2)": null, "座標Y(2)": null, "有無貼牌": "--", "有無QRCode": "無", "說明": null, "保管人": "林堉介" }, "geometry": { "type": "Point", "coordinates": [ 120.357867037102224, 22.838143790852452 ] } },
{ "type": "Feature", "properties": { "工程（財產）名稱": "排水暗渠", "工程（財產）別名": "排水暗渠", "財產編號": "2020405-0002 00-0000023", "保管單位": "曾管中心", "入帳日期(購置日期)": "2009-12-31", "清查日期": "2012/10/18", "地籍": "河川地無地籍資料", "座標X(1)": 198876.64, "座標Y(1)": 2569610.1, "座標X(2)": null, "座標Y(2)": null, "有無貼牌": "--", "有無QRCode": "無", "說明": "東口露營區", "保管人": "黃冠璋" }, "geometry": { "type": "Point", "coordinates": [ 120.500456994867079, 23.227924190911097 ] } },
{ "type": "Feature", "properties": { "工程（財產）名稱": "排水暗渠", "工程（財產）別名": "新興村混凝土排水溝", "財產編號": "2020405-0002 93-0000002", "保管單位": "阿管中心", "入帳日期(購置日期)": "2004-12-31", "清查日期": "2015/05/12", "地籍": "高雄市田寮區水蛙潭段381-138號", "座標X(1)": 183444.0, "座標Y(1)": 2527035.0, "座標X(2)": null, "座標Y(2)": null, "有無貼牌": "--", "有無QRCode": "無", "說明": null, "保管人": "陳煌祥" }, "geometry": { "type": "Point", "coordinates": [ 120.351508701644164, 22.842914673450824 ] } },
{ "type": "Feature", "properties": { "工程（財產）名稱": "擋土牆", "工程（財產）別名": "永樂區處理工程", "財產編號": "1110102-0004 91-0000055", "保管單位": "曾管中心", "入帳日期(購置日期)": "2002-12-31", "清查日期": "2014/09/03", "地籍": "嘉義縣大埔鄉南寮段16號", "座標X(1)": 206764.95, "座標Y(1)": 2583023.09, "座標X(2)": null, "座標Y(2)": null, "有無貼牌": "--", "有無QRCode": "無", "說明": "位於石壁頭產業道路", "保管人": "陳乙震" }, "geometry": { "type": "Point", "coordinates": [ 120.577152054384342, 23.349271676011448 ] } },
{ "type": "Feature", "properties": { "工程（財產）名稱": "擋土牆", "工程（財產）別名": "擋土牆/109年牡丹水庫集水區零星工程", "財產編號": "1110102-0004 00-0000611", "保管單位": "牡管中心", "入帳日期(購置日期)": "2021-03-25", "清查日期": "--", "地籍": null, "座標X(1)": 232797.0, "座標Y(1)": 2455373.0, "座標X(2)": null, "座標Y(2)": null, "有無貼牌": "--", "有無QRCode": "無", "說明": null, "保管人": "賴冠吾" }, "geometry": { "type": "Point", "coordinates": [ 120.833156737746833, 22.196950279428091 ] } },
{ "type": "Feature", "properties": { "工程（財產）名稱": "擋土牆", "工程（財產）別名": "101年度曾文水庫週邊零星工程--和平村", "財產編號": "1110102-0004 00-0000329", "保管單位": "養護科", "入帳日期(購置日期)": "2012-11-29", "清查日期": "2014/08/21", "地籍": "高市那瑪夏區托亞奇伊段2地號", "座標X(1)": 213301.0, "座標Y(1)": 2574091.0, "座標X(2)": null, "座標Y(2)": null, "有無貼牌": "--", "有無QRCode": "無", "說明": "D工區L溝擋土牆0.8m(H)×40m(L)", "保管人": "吳宗翰" }, "geometry": { "type": "Point", "coordinates": [ 120.64129135970164, 23.268772664307072 ] } },
{ "type": "Feature", "properties": { "工程（財產）名稱": "擋土牆", "工程（財產）別名": "集水區水土保持施設維", "財產編號": "1110102-0004 91-0000025", "保管單位": "曾管中心", "入帳日期(購置日期)": "1999-06-30", "清查日期": "2014/10/30", "地籍": "嘉義縣大埔鄉大埔段1484-5號", "座標X(1)": 203196.48, "座標Y(1)": 2570729.83, "座標X(2)": null, "座標Y(2)": null, "有無貼牌": "--", "有無QRCode": "無", "說明": "風吹嶺收費站附近", "保管人": "陳乙震" }, "geometry": { "type": "Point", "coordinates": [ 120.542632017619312, 23.238164026134484 ] } },
{ "type": "Feature", "properties": { "工程（財產）名稱": "擋土牆", "工程（財產）別名": "賀伯災害達邦區處理工", "財產編號": "1110102-0004 91-0000028", "保管單位": "曾管中心", "入帳日期(購置日期)": "1999-06-30", "清查日期": "2023/02/01", "地籍": "嘉義縣阿里山鄉特富野段248號", "座標X(1)": 225575.06, "座標Y(1)": 2595845.51, "座標X(2)": "225756", "座標Y(2)": "2595280", "有無貼牌": "是", "有無QRCode": "無", "說明": "x226175.49 Y:2595956.11", "保管人": "連偉成" }, "geometry": { "type": "Point", "coordinates": [ 120.760909302787994, 23.465449334430467 ] } },
{ "type": "Feature", "properties": { "工程（財產）名稱": "擋土牆", "工程（財產）別名": "鞍平巷往大埔巷農路改善工程-514M2", "財產編號": "1110102-0004 00-0000285", "保管單位": "阿管中心", "入帳日期(購置日期)": "2010-12-29", "清查日期": "2014/08/22", "地籍": "高雄市田寮區水蛙潭段381-3號", "座標X(1)": 188034.91, "座標Y(1)": 2524234.74, "座標X(2)": null, "座標Y(2)": null, "有無貼牌": "--", "有無QRCode": "無", "說明": null, "保管人": "林堉介" }, "geometry": { "type": "Point", "coordinates": [ 120.396349985914398, 22.817803016723133 ] } },
{ "type": "Feature", "properties": { "工程（財產）名稱": "擋土牆", "工程（財產）別名": "甲仙堰上游道路-6M", "財產編號": "1110102-0004 95-0000137", "保管單位": "甲仙(堰區)", "入帳日期(購置日期)": "2006-07-10", "清查日期": "2021/10/07", "地籍": "甲仙區東大坵園段1557號", "座標X(1)": 206377.0, "座標Y(1)": 2552954.0, "座標X(2)": "206379", "座標Y(2)": "2552958", "有無貼牌": "是", "有無QRCode": "無", "說明": null, "保管人": "洪瑞隆" }, "geometry": { "type": "Point", "coordinates": [ 120.574219294727286, 23.077730237058891 ] } },
{ "type": "Feature", "properties": { "工程（財產）名稱": "擋土牆", "工程（財產）別名": "伊斯基雅那工程58.4m2", "財產編號": "1110102-0004 00-0000229", "保管單位": "養護科", "入帳日期(購置日期)": "2009-10-15", "清查日期": "2019/10/01", "地籍": "嘉義縣阿里山鄉達邦段30號", "座標X(1)": 226255.0, "座標Y(1)": 2593630.0, "座標X(2)": null, "座標Y(2)": null, "有無貼牌": "--", "有無QRCode": "無", "說明": "長16米,含路面", "保管人": "吳宗翰" }, "geometry": { "type": "Point", "coordinates": [ 120.767600065774275, 23.445453031094821 ] } },
{ "type": "Feature", "properties": { "工程（財產）名稱": "擋土牆", "工程（財產）別名": "東安村油礦巷等二處道路排水改善工程-200m2", "財產編號": "1110102-0004 00-0000267", "保管單位": "甲仙(堰區)", "入帳日期(購置日期)": "2010-08-03", "清查日期": "2021/11/05", "地籍": "甲仙區東阿里關段589號", "座標X(1)": 208891.65, "座標Y(1)": 2553735.0, "座標X(2)": "208896", "座標Y(2)": "2553751", "有無貼牌": "是", "有無QRCode": "無", "說明": null, "保管人": "洪瑞隆" }, "geometry": { "type": "Point", "coordinates": [ 120.598742036552707, 23.084847238305912 ] } },
{ "type": "Feature", "properties": { "工程（財產）名稱": "擋土牆", "工程（財產）別名": "牡丹水庫佳洛峒橋下游右岸坍方修復工程", "財產編號": "1110102-0004 00-0000350", "保管單位": "牡管中心", "入帳日期(購置日期)": "2013-10-09", "清查日期": "2023/03/21", "地籍": "屏東縣牡丹鄉牡丹段944號", "座標X(1)": 227175.0, "座標Y(1)": 2450401.0, "座標X(2)": "227283", "座標Y(2)": "2450530", "有無貼牌": "是", "有無QRCode": "無", "說明": null, "保管人": "周百欽" }, "geometry": { "type": "Point", "coordinates": [ 120.778702349338545, 22.151980193285464 ] } },
{ "type": "Feature", "properties": { "工程（財產）名稱": "擋土牆", "工程（財產）別名": "七星村排水整流後續", "財產編號": "1110102-0004 95-0000132", "保管單位": "阿管中心", "入帳日期(購置日期)": "2006-02-20", "清查日期": "2014/09/18", "地籍": "高雄市田寮區水蛙潭段381-251號", "座標X(1)": 187581.54, "座標Y(1)": 2524448.66, "座標X(2)": null, "座標Y(2)": null, "有無貼牌": "--", "有無QRCode": "無", "說明": null, "保管人": "李冠緯" }, "geometry": { "type": "Point", "coordinates": [ 120.391924970621233, 22.819718017249247 ] } },
{ "type": "Feature", "properties": { "工程（財產）名稱": "擋土牆", "工程（財產）別名": "102年曾文水庫集水區主流達邦樂野山美段河", "財產編號": "1110102-0004 00-0000383", "保管單位": "曾管中心", "入帳日期(購置日期)": "2014-12-22", "清查日期": "2019/10/07", "地籍": "嘉義縣阿里山鄉達邦段9017-90號", "座標X(1)": 223493.0, "座標Y(1)": 2594586.0, "座標X(2)": null, "座標Y(2)": null, "有無貼牌": "--", "有無QRCode": "無", "說明": "達邦C段", "保管人": "許玿瑛" }, "geometry": { "type": "Point", "coordinates": [ 120.740550828596085, 23.454043240536535 ] } },
{ "type": "Feature", "properties": { "工程（財產）名稱": "擋土牆", "工程（財產）別名": "C工區-12M", "財產編號": "1110102-0004 00-0000221", "保管單位": "養護科", "入帳日期(購置日期)": "2009-05-26", "清查日期": "2019/10/01", "地籍": "嘉義縣大埔鄉頂坪林段23號", "座標X(1)": 211418.52, "座標Y(1)": 2574746.96, "座標X(2)": null, "座標Y(2)": null, "有無貼牌": "--", "有無QRCode": "無", "說明": null, "保管人": "吳宗翰" }, "geometry": { "type": "Point", "coordinates": [ 120.622874980635885, 23.274653011511266 ] } },
{ "type": "Feature", "properties": { "工程（財產）名稱": "擋土牆", "工程（財產）別名": "101年度曾文水庫週邊零星工程-和平村", "財產編號": "1110102-0004 00-0000326", "保管單位": "養護科", "入帳日期(購置日期)": "2012-11-29", "清查日期": "--", "地籍": "嘉義縣大埔鄉大埔段803地號", "座標X(1)": 210968.0, "座標Y(1)": 2578154.0, "座標X(2)": null, "座標Y(2)": null, "有無貼牌": "--", "有無QRCode": "無", "說明": "半重力式擋土牆4m(H)×11m(L)", "保管人": "吳宗翰" }, "geometry": { "type": "Point", "coordinates": [ 120.618383625571923, 23.305408633311966 ] } },
{ "type": "Feature", "properties": { "工程（財產）名稱": "擋土牆", "工程（財產）別名": "101阿公店水庫集水區水土保持零星工程-下店", "財產編號": "1110102-0004 00-0000452", "保管單位": "阿管中心", "入帳日期(購置日期)": "2012-12-15", "清查日期": "2019/07/10", "地籍": "牛稠埔段700-48(公)", "座標X(1)": 183338.31, "座標Y(1)": 2525515.9, "座標X(2)": null, "座標Y(2)": null, "有無貼牌": "--", "有無QRCode": "無", "說明": "TW67 X182511 Y2525724 面積88平方米", "保管人": "陳煌祥" }, "geometry": { "type": "Point", "coordinates": [ 120.350544070241114, 22.829192486603098 ] } },
{ "type": "Feature", "properties": { "工程（財產）名稱": "擋土牆", "工程（財產）別名": "甲仙堰上游改善-45m2", "財產編號": "1110102-0004 95-0000158", "保管單位": "甲仙(堰區)", "入帳日期(購置日期)": "2006-12-29", "清查日期": "2022/01/07", "地籍": "甲仙區東阿里關段337-42", "座標X(1)": 208203.92, "座標Y(1)": 2555797.58, "座標X(2)": "208208", "座標Y(2)": "2555761", "有無貼牌": "是", "有無QRCode": "無", "說明": null, "保管人": "洪瑞隆" }, "geometry": { "type": "Point", "coordinates": [ 120.591973007760757, 23.103455962907375 ] } },
{ "type": "Feature", "properties": { "工程（財產）名稱": "擋土牆", "工程（財產）別名": "101年度曾文水庫壩區水土保持工程", "財產編號": "1110102-0004 00-0000341", "保管單位": "曾管中心", "入帳日期(購置日期)": "2012-12-18", "清查日期": "2013/02/13", "地籍": "台南市楠西區密枝段104號", "座標X(1)": 198883.23, "座標Y(1)": 2568757.91, "座標X(2)": null, "座標Y(2)": null, "有無貼牌": "--", "有無QRCode": "無", "說明": "位於曾文辦公區苗圃旁", "保管人": "周駿宏" }, "geometry": { "type": "Point", "coordinates": [ 120.500550009030107, 23.220229004092232 ] } },
{ "type": "Feature", "properties": { "工程（財產）名稱": "擋土牆", "工程（財產）別名": "105年度曾文水庫周邊零星工程(里佳村)", "財產編號": "1110102-0004 00-0000485", "保管單位": "養護科", "入帳日期(購置日期)": "2017-06-05", "清查日期": "--", "地籍": "大埔164林班圖176號", "座標X(1)": 223047.0, "座標Y(1)": 2590588.0, "座標X(2)": null, "座標Y(2)": null, "有無貼牌": "--", "有無QRCode": "無", "說明": "E工區", "保管人": "吳宗翰" }, "geometry": { "type": "Point", "coordinates": [ 120.736257081876261, 23.417933420074696 ] } },
{ "type": "Feature", "properties": { "工程（財產）名稱": "擋土牆", "工程（財產）別名": "103年曾文水庫週邊零星工程", "財產編號": "1110102-0004 00-0000397", "保管單位": "養護科", "入帳日期(購置日期)": "2014-12-26", "清查日期": "--", "地籍": "嘉義縣大埔鄉沙米箕87", "座標X(1)": 209865.0, "座標Y(1)": 2579082.0, "座標X(2)": null, "座標Y(2)": null, "有無貼牌": "--", "有無QRCode": "無", "說明": null, "保管人": "吳宗翰" }, "geometry": { "type": "Point", "coordinates": [ 120.607575183651264, 23.313762013042464 ] } },
{ "type": "Feature", "properties": { "工程（財產）名稱": "擋土牆", "工程（財產）別名": "103阿公店集水區水土保持零星工程(田寮)", "財產編號": "1110102-0004 00-0000417", "保管單位": "阿管中心", "入帳日期(購置日期)": "2015-06-16", "清查日期": "2019/06/21", "地籍": "牛稠埔段700-101", "座標X(1)": 183849.0, "座標Y(1)": 2525858.0, "座標X(2)": null, "座標Y(2)": null, "有無貼牌": "--", "有無QRCode": "無", "說明": null, "保管人": "陳煌祥" }, "geometry": { "type": "Point", "coordinates": [ 120.355504711305429, 22.832301975988592 ] } },
{ "type": "Feature", "properties": { "工程（財產）名稱": "擋土牆", "工程（財產）別名": "94曾文道路改善-270m2", "財產編號": "1110102-0004 95-0000140", "保管單位": "曾管中心", "入帳日期(購置日期)": "2006-08-30", "清查日期": "2012/11/15", "地籍": "台南市楠西區汪萊宅段5-60號", "座標X(1)": 197936.91, "座標Y(1)": 2566770.64, "座標X(2)": null, "座標Y(2)": null, "有無貼牌": "--", "有無QRCode": "無", "說明": "位於曾庫公路興北部落入口處", "保管人": "周駿宏" }, "geometry": { "type": "Point", "coordinates": [ 120.491371951949617, 23.202254040506574 ] } },
{ "type": "Feature", "properties": { "工程（財產）名稱": "擋土牆", "工程（財產）別名": "山芙蓉段-31.7M", "財產編號": "1110102-0004 00-0000241", "保管單位": "曾管中心", "入帳日期(購置日期)": "2009-12-31", "清查日期": "2014/10/30", "地籍": "台南市楠西區密枝段98-20號", "座標X(1)": 198996.37, "座標Y(1)": 2569426.84, "座標X(2)": null, "座標Y(2)": null, "有無貼牌": "--", "有無QRCode": "無", "說明": "位於曾庫公路山芙蓉下方", "保管人": "陳乙震" }, "geometry": { "type": "Point", "coordinates": [ 120.501633024097941, 23.226273042013641 ] } },
{ "type": "Feature", "properties": { "工程（財產）名稱": "擋土牆", "工程（財產）別名": "103年曾文水庫週邊零星工程", "財產編號": "1110102-0004 00-0000394", "保管單位": "養護科", "入帳日期(購置日期)": "2014-12-26", "清查日期": "--", "地籍": "嘉義縣大埔鄉草嶺段25", "座標X(1)": 205733.0, "座標Y(1)": 2569630.0, "座標X(2)": null, "座標Y(2)": null, "有無貼牌": "--", "有無QRCode": "無", "說明": null, "保管人": "吳宗翰" }, "geometry": { "type": "Point", "coordinates": [ 120.567450551841276, 23.228302516871238 ] } },
{ "type": "Feature", "properties": { "工程（財產）名稱": "擋土牆", "工程（財產）別名": "山隙路96巷擋土-211M2", "財產編號": "1110102-0004 00-0000182", "保管單位": "阿管中心", "入帳日期(購置日期)": "2008-12-12", "清查日期": "--", "地籍": "田寮區牛稠埔段708-1地號", "座標X(1)": 182623.198, "座標Y(1)": 2525442.993, "座標X(2)": null, "座標Y(2)": null, "有無貼牌": "--", "有無QRCode": "無", "說明": null, "保管人": "林堉介" }, "geometry": { "type": "Point", "coordinates": [ 120.34358055178059, 22.828505558204686 ] } },
{ "type": "Feature", "properties": { "工程（財產）名稱": "擋土牆", "工程（財產）別名": "大埔坪林區-800M2", "財產編號": "1110102-0004 00-0000174", "保管單位": "曾管中心", "入帳日期(購置日期)": "2007-12-31", "清查日期": "2012/11/05", "地籍": "嘉義縣大埔鄉豬稠湖段7號", "座標X(1)": 212272.2, "座標Y(1)": 2571622.15, "座標X(2)": null, "座標Y(2)": null, "有無貼牌": "--", "有無QRCode": "無", "說明": "位於坪林往草籣溪產業道路村莊", "保管人": "陳乙震" }, "geometry": { "type": "Point", "coordinates": [ 120.631296991415397, 23.246455021826634 ] } },
{ "type": "Feature", "properties": { "工程（財產）名稱": "擋土牆", "工程（財產）別名": "102年度曾文水庫週邊零星工程", "財產編號": "1110102-0004 00-0000362", "保管單位": "養護科", "入帳日期(購置日期)": "2014-01-09", "清查日期": "2014/03/12", "地籍": "嘉義縣大埔鄉射免潭段44", "座標X(1)": 213869.0, "座標Y(1)": 2578959.0, "座標X(2)": null, "座標Y(2)": null, "有無貼牌": "--", "有無QRCode": "無", "說明": null, "保管人": "吳宗翰" }, "geometry": { "type": "Point", "coordinates": [ 120.646727104401791, 23.312744418900301 ] } },
{ "type": "Feature", "properties": { "工程（財產）名稱": "擋土牆", "工程（財產）別名": "103曾文水庫湖域保護帶治理工程第三期", "財產編號": "1110102-0004 00-0000441", "保管單位": "曾管中心", "入帳日期(購置日期)": "2015-09-07", "清查日期": "2015/07/01", "地籍": "東山區下南勢段1198號", "座標X(1)": 201524.0, "座標Y(1)": 2572918.0, "座標X(2)": "201521", "座標Y(2)": "2572912", "有無貼牌": "是", "有無QRCode": "無", "說明": "梧棲溝土地公廟附近往下水塔旁", "保管人": "周駿宏" }, "geometry": { "type": "Point", "coordinates": [ 120.526219034041475, 23.257875096033288 ] } },
{ "type": "Feature", "properties": { "工程（財產）名稱": "擋土牆", "工程（財產）別名": "曾文集水區水保零星工", "財產編號": "1110102-0004 95-0000130", "保管單位": "養護科", "入帳日期(購置日期)": "2006-02-20", "清查日期": "2014/05/06", "地籍": "嘉義縣阿里山鄉南美段16-1", "座標X(1)": 217144.13, "座標Y(1)": 2586339.42, "座標X(2)": null, "座標Y(2)": null, "有無貼牌": "--", "有無QRCode": "無", "說明": null, "保管人": "吳宗翰" }, "geometry": { "type": "Point", "coordinates": [ 120.678589044619969, 23.37945996525324 ] } },
{ "type": "Feature", "properties": { "工程（財產）名稱": "擋土牆", "工程（財產）別名": "100年度岡山鎮阿公店水庫集水區水土保持零", "財產編號": "1110102-0004 00-0000315", "保管單位": "阿管中心", "入帳日期(購置日期)": "2012-02-29", "清查日期": "2012/05/22", "地籍": "高雄市田寮區牛稠埔段708-1號", "座標X(1)": 182651.1, "座標Y(1)": 2525475.99, "座標X(2)": null, "座標Y(2)": null, "有無貼牌": "--", "有無QRCode": "無", "說明": null, "保管人": "呂元鈞" }, "geometry": { "type": "Point", "coordinates": [ 120.343850945349118, 22.828804651993739 ] } },
{ "type": "Feature", "properties": { "工程（財產）名稱": "擋土牆", "工程（財產）別名": "101年度曾文水庫壩區水土保持工程", "財產編號": "1110102-0004 00-0000342", "保管單位": "曾管中心", "入帳日期(購置日期)": "2012-12-18", "清查日期": "2013/02/13", "地籍": "台南市東山區茄苓九湖段56號", "座標X(1)": 198817.76, "座標Y(1)": 2569886.93, "座標X(2)": null, "座標Y(2)": null, "有無貼牌": "--", "有無QRCode": "無", "說明": "位於曾文辦公區福利社後方", "保管人": "周駿宏" }, "geometry": { "type": "Point", "coordinates": [ 120.499872363549798, 23.230422172176191 ] } },
{ "type": "Feature", "properties": { "工程（財產）名稱": "擋土牆", "工程（財產）別名": "曾文南寮區處理工程", "財產編號": "1110102-0004 94-0000128", "保管單位": "曾管中心", "入帳日期(購置日期)": "2005-12-30", "清查日期": "2012/11/12", "地籍": "嘉義縣大埔鄉南寮16號", "座標X(1)": 206977.54, "座標Y(1)": 2583732.02, "座標X(2)": null, "座標Y(2)": null, "有無貼牌": "--", "有無QRCode": "無", "說明": "南寮產業道路", "保管人": "陳乙震" }, "geometry": { "type": "Point", "coordinates": [ 120.579211001890158, 23.355678977816478 ] } },
{ "type": "Feature", "properties": { "工程（財產）名稱": "擋土牆", "工程（財產）別名": "番路楠西區處理190m2", "財產編號": "1110102-0004 95-0000153", "保管單位": "曾管中心", "入帳日期(購置日期)": "2006-12-29", "清查日期": "2014/02/18", "地籍": "台南市楠西區巖仔頂段30號", "座標X(1)": 202023.105, "座標Y(1)": 2559229.285, "座標X(2)": null, "座標Y(2)": null, "有無貼牌": "--", "有無QRCode": "無", "說明": "位於台南市楠西區龜丹里溫泉區", "保管人": "陳乙震" }, "geometry": { "type": "Point", "coordinates": [ 120.531527777819974, 23.134277778202506 ] } },
{ "type": "Feature", "properties": { "工程（財產）名稱": "擋土牆", "工程（財產）別名": "102年阿公店集水區水土保持零星工程岡山區", "財產編號": "1110102-0004 00-0000373", "保管單位": "阿管中心", "入帳日期(購置日期)": "2014-02-12", "清查日期": "2019/06/21", "地籍": "高雄市岡山區陀子段2701號", "座標X(1)": 182225.75, "座標Y(1)": 2524401.66, "座標X(2)": null, "座標Y(2)": null, "有無貼牌": "--", "有無QRCode": "無", "說明": "道路右側", "保管人": "陳煌祥" }, "geometry": { "type": "Point", "coordinates": [ 120.339753954560038, 22.819085971928978 ] } },
{ "type": "Feature", "properties": { "工程（財產）名稱": "擋土牆", "工程（財產）別名": "101高屏溪攔河堰上游週邊環境委辦零星工", "財產編號": "1110102-0004 00-0000354", "保管單位": "高屏溪攔河堰", "入帳日期(購置日期)": "2013-12-30", "清查日期": "2024/05/27", "地籍": "高雄市大樹區段小坪段637號~277號", "座標X(1)": 189120.0, "座標Y(1)": 2509113.0, "座標X(2)": "189120", "座標Y(2)": "2509129", "有無貼牌": "是", "有無QRCode": "無", "說明": "1.於113年5月27日盤點座標 X189104 Y2509123", "保管人": "沈文忠" }, "geometry": { "type": "Point", "coordinates": [ 120.407509330946198, 22.681285295167896 ] } },
{ "type": "Feature", "properties": { "工程（財產）名稱": "擋土牆", "工程（財產）別名": "曾文集水區永興大埔區", "財產編號": "1110102-0004 95-0000134", "保管單位": "曾管中心", "入帳日期(購置日期)": "2006-03-30", "清查日期": "2012/11/15", "地籍": "嘉義縣大埔鄉柳藤潭段61號", "座標X(1)": 202264.14, "座標Y(1)": 2571758.8, "座標X(2)": null, "座標Y(2)": null, "有無貼牌": "--", "有無QRCode": "無", "說明": null, "保管人": "陳乙震" }, "geometry": { "type": "Point", "coordinates": [ 120.533489034678439, 23.247429006757713 ] } },
{ "type": "Feature", "properties": { "工程（財產）名稱": "擋土牆", "工程（財產）別名": "右岸擋土牆/108甲仙堰蓄水範圍週邊排水零星", "財產編號": "1110102-0004 00-0000541", "保管單位": "甲仙攔河堰管理中心", "入帳日期(購置日期)": "2019-12-30", "清查日期": "2021/09/27", "地籍": "高市甲仙區東阿里關段2894-1號", "座標X(1)": 207654.0, "座標Y(1)": 2553534.0, "座標X(2)": null, "座標Y(2)": null, "有無貼牌": "是", "有無QRCode": "無", "說明": null, "保管人": "洪瑞隆" }, "geometry": { "type": "Point", "coordinates": [ 120.586667142764497, 23.083000974435141 ] } },
{ "type": "Feature", "properties": { "工程（財產）名稱": "擋土牆", "工程（財產）別名": "擋土牆/106田寮區阿公店水庫邊緣零星工程", "財產編號": "1110102-0004 00-0000552", "保管單位": "阿管中心", "入帳日期(購置日期)": "2018-03-01", "清查日期": "--", "地籍": "南安老段630-7", "座標X(1)": 186977.0, "座標Y(1)": 2530566.0, "座標X(2)": null, "座標Y(2)": null, "有無貼牌": "--", "有無QRCode": "無", "說明": null, "保管人": "陳煌祥" }, "geometry": { "type": "Point", "coordinates": [ 120.3857878041958, 22.87493739845841 ] } },
{ "type": "Feature", "properties": { "工程（財產）名稱": "擋土牆", "工程（財產）別名": "阿公店水庫尖山村紅山", "財產編號": "1110102-0004 00-0000178", "保管單位": "阿管中心", "入帳日期(購置日期)": "2003-08-11", "清查日期": "2014/08/26", "地籍": "高雄市燕巢區尖山段729號", "座標X(1)": 184708.28, "座標Y(1)": 2522713.55, "座標X(2)": null, "座標Y(2)": null, "有無貼牌": "--", "有無QRCode": "無", "說明": null, "保管人": "李冠緯" }, "geometry": { "type": "Point", "coordinates": [ 120.364007973232233, 22.803940034839343 ] } },
{ "type": "Feature", "properties": { "工程（財產）名稱": "擋土牆", "工程（財產）別名": "阿公店頭條崙和興下店(工區4)-75M2", "財產編號": "1110102-0004 00-0000308", "保管單位": "阿管中心", "入帳日期(購置日期)": "2011-12-31", "清查日期": "2012/05/25", "地籍": "高雄市田寮區牛稠埔段500-2號", "座標X(1)": 185177.0, "座標Y(1)": 2525270.0, "座標X(2)": null, "座標Y(2)": null, "有無貼牌": "--", "有無QRCode": "無", "說明": null, "保管人": "呂元鈞" }, "geometry": { "type": "Point", "coordinates": [ 120.368467023957962, 22.827043934451659 ] } },
{ "type": "Feature", "properties": { "工程（財產）名稱": "擋土牆", "工程（財產）別名": "石門中間路入口-128M2", "財產編號": "1110102-0004 95-0000160", "保管單位": "牡管中心", "入帳日期(購置日期)": "2006-12-29", "清查日期": "2019/06/12", "地籍": "屏東縣牡丹鄉牡丹段675號", "座標X(1)": 229185.01, "座標Y(1)": 2448233.52, "座標X(2)": null, "座標Y(2)": null, "有無貼牌": "--", "有無QRCode": "無", "說明": null, "保管人": "周百欽" }, "geometry": { "type": "Point", "coordinates": [ 120.798218010471174, 22.132429560046763 ] } },
{ "type": "Feature", "properties": { "工程（財產）名稱": "擋土牆", "工程（財產）別名": "曾文水庫壩區災害復建(第一期)治理工程", "財產編號": "1110102-0004 00-0000320", "保管單位": "曾管中心", "入帳日期(購置日期)": "2012-07-30", "清查日期": "2012/11/14", "地籍": "台南市東山區下南段948-9號", "座標X(1)": 199045.49, "座標Y(1)": 2569814.15, "座標X(2)": null, "座標Y(2)": null, "有無貼牌": "--", "有無QRCode": "無", "說明": "位於曾庫公路電廠入口附近", "保管人": "陳乙震" }, "geometry": { "type": "Point", "coordinates": [ 120.502100001346207, 23.229772023816633 ] } },
{ "type": "Feature", "properties": { "工程（財產）名稱": "擋土牆", "工程（財產）別名": "擋土牆/108曾文水庫週邊零星工程", "財產編號": "1110102-0004 00-0000560", "保管單位": "養護科", "入帳日期(購置日期)": "2020-03-18", "清查日期": "--", "地籍": "嘉義縣南寮段49地號", "座標X(1)": 204500.0, "座標Y(1)": 2581282.0, "座標X(2)": null, "座標Y(2)": null, "有無貼牌": "--", "有無QRCode": "無", "說明": "擋土牆6公尺", "保管人": "吳宗翰" }, "geometry": { "type": "Point", "coordinates": [ 120.555053261724552, 23.333488116006578 ] } },
{ "type": "Feature", "properties": { "工程（財產）名稱": "擋土牆", "工程（財產）別名": "大埔鄉轄區內集水區水保零星工程-39m2", "財產編號": "1110102-0004 00-0000303", "保管單位": "養護科", "入帳日期(購置日期)": "2011-12-23", "清查日期": "2012/11/23", "地籍": "嘉義縣大埔鄉大埔段1425號", "座標X(1)": 207097.61, "座標Y(1)": 2572123.67, "座標X(2)": null, "座標Y(2)": null, "有無貼牌": "--", "有無QRCode": "無", "說明": "(7工區)", "保管人": "吳宗翰" }, "geometry": { "type": "Point", "coordinates": [ 120.58071402914149, 23.250857030753529 ] } },
{ "type": "Feature", "properties": { "工程（財產）名稱": "擋土牆", "工程（財產）別名": "擋土牆/106田寮區阿公店水庫邊緣零星工程", "財產編號": "1110102-0004 00-0000553", "保管單位": "阿管中心", "入帳日期(購置日期)": "2018-03-01", "清查日期": "--", "地籍": "南安老段410-1", "座標X(1)": 187706.0, "座標Y(1)": 2531196.0, "座標X(2)": null, "座標Y(2)": null, "有無貼牌": "--", "有無QRCode": "無", "說明": null, "保管人": "陳煌祥" }, "geometry": { "type": "Point", "coordinates": [ 120.392866920312656, 22.880653804290773 ] } },
{ "type": "Feature", "properties": { "工程（財產）名稱": "擋土牆", "工程（財產）別名": "103曾文水庫週邊零星工程", "財產編號": "1110102-0004 00-0000403", "保管單位": "養護科", "入帳日期(購置日期)": "2015-01-14", "清查日期": "--", "地籍": "嘉義縣大埔鄉大埔段1221", "座標X(1)": 208917.0, "座標Y(1)": 2574817.0, "座標X(2)": null, "座標Y(2)": null, "有無貼牌": "--", "有無QRCode": "無", "說明": null, "保管人": "吳宗翰" }, "geometry": { "type": "Point", "coordinates": [ 120.59842175738406, 23.275224830274038 ] } },
{ "type": "Feature", "properties": { "工程（財產）名稱": "擋土牆", "工程（財產）別名": "100年度曾文水庫湖域保護帶治理工程(第二)", "財產編號": "1110102-0004 00-0000321", "保管單位": "曾管中心", "入帳日期(購置日期)": "2012-08-31", "清查日期": "2012/10/18", "地籍": "台南市東山區下南勢段948-1", "座標X(1)": 199941.0, "座標Y(1)": 2570377.0, "座標X(2)": "199985", "座標Y(2)": "2570424", "有無貼牌": "是", "有無QRCode": "無", "說明": "鋼筋混凝土擋土牆", "保管人": "周駿宏" }, "geometry": { "type": "Point", "coordinates": [ 120.510831671242059, 23.234882112264948 ] } },
{ "type": "Feature", "properties": { "工程（財產）名稱": "擋土牆", "工程（財產）別名": "102年度曾文水庫週邊零星工程", "財產編號": "1110102-0004 00-0000364", "保管單位": "養護科", "入帳日期(購置日期)": "2014-01-09", "清查日期": "2014/05/15", "地籍": "嘉義縣大埔鄉射免潭段44", "座標X(1)": 213829.0, "座標Y(1)": 2579158.0, "座標X(2)": null, "座標Y(2)": null, "有無貼牌": "--", "有無QRCode": "無", "說明": null, "保管人": "吳宗翰" }, "geometry": { "type": "Point", "coordinates": [ 120.646331254628635, 23.314540547754614 ] } },
{ "type": "Feature", "properties": { "工程（財產）名稱": "擋土牆", "工程（財產）別名": "102年曾文水庫湖域治理第二期工程", "財產編號": "1110102-0004 00-0000428", "保管單位": "曾管中心", "入帳日期(購置日期)": "2013-03-01", "清查日期": "--", "地籍": "大埔段1566號", "座標X(1)": 210704.0, "座標Y(1)": 2578408.0, "座標X(2)": null, "座標Y(2)": null, "有無貼牌": "--", "有無QRCode": "無", "說明": "照片顯示為擋土牆頂", "保管人": "陳乙震" }, "geometry": { "type": "Point", "coordinates": [ 120.615795950344364, 23.307695996157882 ] } },
{ "type": "Feature", "properties": { "工程（財產）名稱": "擋土牆", "工程（財產）別名": "新興下店頭條崙-擋土牆-133M2", "財產編號": "1110102-0004 00-0000282", "保管單位": "阿管中心", "入帳日期(購置日期)": "2010-12-21", "清查日期": "2014/09/18", "地籍": "高雄市田寮區牛稠埔段597號", "座標X(1)": 185029.0, "座標Y(1)": 2525779.0, "座標X(2)": null, "座標Y(2)": null, "有無貼牌": "--", "有無QRCode": "無", "說明": null, "保管人": "林堉介" }, "geometry": { "type": "Point", "coordinates": [ 120.367003957459602, 22.831634674595801 ] } },
{ "type": "Feature", "properties": { "工程（財產）名稱": "擋土牆", "工程（財產）別名": "莫拉克風災堤防搶修工程G段-35M2", "財產編號": "1110102-0004 00-0000294", "保管單位": "甲仙(堰區)", "入帳日期(購置日期)": "2011-04-15", "清查日期": "2024/07/23", "地籍": "甲仙區東阿里關段421-197號地(自來水公司A94981平方公尺)", "座標X(1)": 207749.55, "座標Y(1)": 2554180.66, "座標X(2)": "207767", "座標Y(2)": "2554167", "有無貼牌": "是", "有無QRCode": "無", "說明": null, "保管人": "洪瑞隆" }, "geometry": { "type": "Point", "coordinates": [ 120.587581958048858, 23.088843013095996 ] } },
{ "type": "Feature", "properties": { "工程（財產）名稱": "擋土牆", "工程（財產）別名": "擋土牆107年阿公店水庫週邊零星工程", "財產編號": "1110102-0004 00-0000523", "保管單位": "阿管中心", "入帳日期(購置日期)": "2018-12-31", "清查日期": "--", "地籍": "高雄市田寮區水蛙潭段285-13號", "座標X(1)": 188555.0, "座標Y(1)": 2524925.0, "座標X(2)": null, "座標Y(2)": null, "有無貼牌": "--", "有無QRCode": "無", "說明": null, "保管人": "陳煌祥" }, "geometry": { "type": "Point", "coordinates": [ 120.401389124070903, 22.824055481304327 ] } },
{ "type": "Feature", "properties": { "工程（財產）名稱": "擋土牆", "工程（財產）別名": "懸臂式檔土牆107阿公店水庫週邊零星工程", "財產編號": "1110102-0004 00-0000003", "保管單位": "阿管中心", "入帳日期(購置日期)": "2018-12-31", "清查日期": "--", "地籍": "高雄市田寮區牛稠埔段500-69地號", "座標X(1)": 185404.0, "座標Y(1)": 2525543.0, "座標X(2)": null, "座標Y(2)": null, "有無貼牌": "--", "有無QRCode": "無", "說明": null, "保管人": "陳煌祥" }, "geometry": { "type": "Point", "coordinates": [ 120.370667116644384, 22.829517980075284 ] } },
{ "type": "Feature", "properties": { "工程（財產）名稱": "擋土牆", "工程（財產）別名": "擋土牆107阿公店水庫集水區水土保持零星工", "財產編號": "1110102-0004 00-0000528", "保管單位": "阿管中心", "入帳日期(購置日期)": "2018-12-20", "清查日期": "2022/11/17", "地籍": "高雄市岡山區拕子段四小段2273號,同區三和段724號", "座標X(1)": 182746.0, "座標Y(1)": 2525232.0, "座標X(2)": "182645", "座標Y(2)": "2525167", "有無貼牌": "是", "有無QRCode": "無", "說明": "L=17m", "保管人": "陳煌祥" }, "geometry": { "type": "Point", "coordinates": [ 120.344786011438657, 22.826605144651229 ] } },
{ "type": "Feature", "properties": { "工程（財產）名稱": "擋土牆", "工程（財產）別名": "擋土牆107阿公店水庫集水區水土保持零星工", "財產編號": "1110102-0004 00-0000527", "保管單位": "阿管中心", "入帳日期(購置日期)": "2018-12-20", "清查日期": "2022/11/17", "地籍": "高雄市岡山區拕子段四小段2273及2265號", "座標X(1)": 182746.0, "座標Y(1)": 2525232.0, "座標X(2)": "182807", "座標Y(2)": "2525230", "有無貼牌": "是", "有無QRCode": "無", "說明": "長23.5m", "保管人": "陳煌祥" }, "geometry": { "type": "Point", "coordinates": [ 120.344786011438657, 22.826605144651229 ] } },
{ "type": "Feature", "properties": { "工程（財產）名稱": "擋土牆", "工程（財產）別名": "104年曾文水庫週邊零星工程", "財產編號": "1110102-0004 00-0000461", "保管單位": "養護科", "入帳日期(購置日期)": "2015-12-31", "清查日期": "--", "地籍": "嘉義縣大埔鄉大埔段1141-2、1141-3、1146", "座標X(1)": 211357.0, "座標Y(1)": 2571418.0, "座標X(2)": null, "座標Y(2)": null, "有無貼牌": "--", "有無QRCode": "無", "說明": null, "保管人": "吳宗翰" }, "geometry": { "type": "Point", "coordinates": [ 120.622358341750157, 23.244590249072886 ] } },
{ "type": "Feature", "properties": { "工程（財產）名稱": "擋土牆", "工程（財產）別名": "擋土牆/牡丹水庫集水區汝仍溪攔木設施工程", "財產編號": "1110102-0004 00-0000636", "保管單位": "牡管中心", "入帳日期(購置日期)": "2021-11-25", "清查日期": "2011/11/22", "地籍": "屏東縣牡丹鄉牡丹段721-1號", "座標X(1)": 227233.217, "座標Y(1)": 2450811.673, "座標X(2)": "227244", "座標Y(2)": "2450812", "有無貼牌": "是", "有無QRCode": "無", "說明": null, "保管人": "蔡國山" }, "geometry": { "type": "Point", "coordinates": [ 120.779260999065826, 22.155690000551409 ] } },
{ "type": "Feature", "properties": { "工程（財產）名稱": "擋土牆", "工程（財產）別名": "擋土牆/108曾文水庫周邊零星工程", "財產編號": "1110102-0004 00-0000548", "保管單位": "養護科", "入帳日期(購置日期)": "2020-03-18", "清查日期": "2022/03/04", "地籍": "嘉義縣阿里山鄉樂野村樂野段467號", "座標X(1)": 219866.0, "座標Y(1)": 2594318.0, "座標X(2)": "219934", "座標Y(2)": "2594308", "有無貼牌": "是", "有無QRCode": "無", "說明": null, "保管人": "吳宗翰" }, "geometry": { "type": "Point", "coordinates": [ 120.705055653652337, 23.45156010634313 ] } },
{ "type": "Feature", "properties": { "工程（財產）名稱": "擋土牆", "工程（財產）別名": "106牡丹水庫週邊零星工程汝仍溪支流護岸及", "財產編號": "1110102-0004 00-0000521", "保管單位": "牡管中心", "入帳日期(購置日期)": "2018-03-31", "清查日期": "2019/04/24", "地籍": "屏東縣牡丹鄉東源段1560及1562號(張花香及張忠妹之地)", "座標X(1)": 232565.0, "座標Y(1)": 2454335.698, "座標X(2)": null, "座標Y(2)": null, "有無貼牌": "--", "有無QRCode": "無", "說明": null, "保管人": "周百欽" }, "geometry": { "type": "Point", "coordinates": [ 120.830917907359989, 22.187579456529019 ] } },
{ "type": "Feature", "properties": { "工程（財產）名稱": "擋土牆", "工程（財產）別名": "擋土牆/108阿公店水庫集水區水土保持零星工", "財產編號": "1110102-0004 00-0000544", "保管單位": "阿管中心", "入帳日期(購置日期)": "2020-03-09", "清查日期": "2022/10/05", "地籍": "水蛙潭段1717地號(國產屬)", "座標X(1)": 188250.0, "座標Y(1)": 2524910.0, "座標X(2)": "188272", "座標Y(2)": "2524917", "有無貼牌": "是", "有無QRCode": "無", "說明": null, "保管人": "陳煌祥" }, "geometry": { "type": "Point", "coordinates": [ 120.398418467144523, 22.823908834347002 ] } },
{ "type": "Feature", "properties": { "工程（財產）名稱": "護坡", "工程（財產）別名": "護坡", "財產編號": "1110102-003B 00-0000007", "保管單位": "阿管中心", "入帳日期(購置日期)": "2016-04-21", "清查日期": "2016/06/22", "地籍": "岡山挖子段2874", "座標X(1)": 182155.0, "座標Y(1)": 2524342.0, "座標X(2)": null, "座標Y(2)": null, "有無貼牌": "--", "有無QRCode": "無", "說明": "高雄市岡山區拕子段2874號地岡山區104年度阿公店水庫集水區水土保持零星工程", "保管人": "呂元鈞" }, "geometry": { "type": "Point", "coordinates": [ 120.339067354594434, 22.818544365018219 ] } },
{ "type": "Feature", "properties": { "工程（財產）名稱": "護坡", "工程（財產）別名": "排洪道公園植栽綠美化(工區1)-136.4M", "財產編號": "1110102-003B 00-0000006", "保管單位": "阿管中心", "入帳日期(購置日期)": "2011-12-31", "清查日期": "2012/05/25", "地籍": "高雄市田寮區牛稠埔段253-53號", "座標X(1)": 183904.0, "座標Y(1)": 2526283.0, "座標X(2)": null, "座標Y(2)": null, "有無貼牌": "--", "有無QRCode": "無", "說明": null, "保管人": "呂元鈞" }, "geometry": { "type": "Point", "coordinates": [ 120.356022478422872, 22.836142042720443 ] } },
{ "type": "Feature", "properties": { "工程（財產）名稱": "護坡", "工程（財產）別名": "山隙路96巷護坡-151.3", "財產編號": "1110102-003B 00-0000005", "保管單位": "阿管中心", "入帳日期(購置日期)": "2009-12-31", "清查日期": "--", "地籍": "岡山區 子段36地號", "座標X(1)": 182796.905, "座標Y(1)": 2524169.968, "座標X(2)": null, "座標Y(2)": null, "有無貼牌": "--", "有無QRCode": "無", "說明": null, "保管人": "林堉介" }, "geometry": { "type": "Point", "coordinates": [ 120.345327776984874, 22.81701666590482 ] } },
{ "type": "Feature", "properties": { "工程（財產）名稱": "內防波堤", "工程（財產）別名": "106阿公店水庫既設人工濕地更新工程", "財產編號": "1110102-0006 00-0000002", "保管單位": "阿管中心", "入帳日期(購置日期)": "2018-05-08", "清查日期": "2023/01/04", "地籍": "高雄市燕巢區尖山段1064-19號", "座標X(1)": 184702.38, "座標Y(1)": 2524166.68, "座標X(2)": "184724", "座標Y(2)": "2524114", "有無貼牌": "是", "有無QRCode": "無", "說明": null, "保管人": "陳煌祥" }, "geometry": { "type": "Point", "coordinates": [ 120.363889582016142, 22.817062140526243 ] } },
{ "type": "Feature", "properties": { "工程（財產）名稱": "多房間職務宿舍", "工程（財產）別名": "宿舍", "財產編號": "2010601-003A 00-0000105", "保管單位": "牡管中心", "入帳日期(購置日期)": "2001-11-07", "清查日期": "2025/01/24", "地籍": "屏東縣牡丹鄉石門段355號", "座標X(1)": 227508.92, "座標Y(1)": 2447927.85, "座標X(2)": null, "座標Y(2)": null, "有無貼牌": "是", "有無QRCode": "有", "說明": "單身宿舍-雙併第一棟含備勤宿舍", "保管人": "周百欽" }, "geometry": { "type": "Point", "coordinates": [ 120.781974209570222, 22.129647962608733 ] } },
{ "type": "Feature", "properties": { "工程（財產）名稱": "護岸", "工程（財產）別名": "石籠護岸/102水庫集水區牡丹三號橋上游野溪", "財產編號": "1110102-008H 00-0000497", "保管單位": "養護科", "入帳日期(購置日期)": "2013-10-29", "清查日期": "2020/09/23", "地籍": "河川地無籍(牡丹區牡丹段)", "座標X(1)": 232563.0, "座標Y(1)": 2452178.0, "座標X(2)": null, "座標Y(2)": null, "有無貼牌": "--", "有無QRCode": "無", "說明": null, "保管人": "吳宗翰" }, "geometry": { "type": "Point", "coordinates": [ 120.830921820950294, 22.168091925212437 ] } },
{ "type": "Feature", "properties": { "工程（財產）名稱": "多房間職務宿舍", "工程（財產）別名": "宿舍", "財產編號": "2010601-003A 00-0000102", "保管單位": "牡管中心", "入帳日期(購置日期)": "2001-11-07", "清查日期": "2024/01/24", "地籍": "屏東縣牡丹鄉石門段351號", "座標X(1)": 227500.0, "座標Y(1)": 2447996.16, "座標X(2)": null, "座標Y(2)": null, "有無貼牌": "是", "有無QRCode": "有", "說明": null, "保管人": "周百欽" }, "geometry": { "type": "Point", "coordinates": [ 120.781886791042879, 22.130264798979738 ] } },
{ "type": "Feature", "properties": { "工程（財產）名稱": "多房間職務宿舍", "工程（財產）別名": "宿舍", "財產編號": "2010601-003A 00-0000104", "保管單位": "牡管中心", "入帳日期(購置日期)": "2001-11-07", "清查日期": "2025/01/24", "地籍": "屏東縣牡丹鄉石門段351號", "座標X(1)": 227497.2, "座標Y(1)": 2447945.12, "座標X(2)": null, "座標Y(2)": null, "有無貼牌": "是", "有無QRCode": "有", "說明": "單身宿舍-雙併第四棟含眷屬宿舍", "保管人": "周百欽" }, "geometry": { "type": "Point", "coordinates": [ 120.78186035784104, 22.129803787401237 ] } },
{ "type": "Feature", "properties": { "工程（財產）名稱": "碼頭", "工程（財產）別名": "曾文永久河道放水口擋", "財產編號": "1110102-007E 91-0000001", "保管單位": "曾管中心", "入帳日期(購置日期)": "1999-06-30", "清查日期": "2022/10/30", "地籍": "台南市楠西區密枝段102-63號", "座標X(1)": 189356.0, "座標Y(1)": 2568498.93, "座標X(2)": null, "座標Y(2)": null, "有無貼牌": "是", "有無QRCode": "無", "說明": null, "保管人": "邱玟融" }, "geometry": { "type": "Point", "coordinates": [ 120.407475540042668, 23.21756717647721 ] } },
{ "type": "Feature", "properties": { "工程（財產）名稱": "農業用簡單網室", "工程（財產）別名": "農業用簡單網室", "財產編號": "2010103-0006 00-0000001", "保管單位": "曾管中心", "入帳日期(購置日期)": "2018-08-21", "清查日期": "2022/10/13", "地籍": "台南市楠西區密枝段104-34及104地號", "座標X(1)": 198896.96, "座標Y(1)": 2568750.89, "座標X(2)": "198862", "座標Y(2)": "2568755", "有無貼牌": "是", "有無QRCode": "無", "說明": "位於辦公區苗圃旁", "保管人": "李勝雄" }, "geometry": { "type": "Point", "coordinates": [ 120.500684393375224, 23.220166038572284 ] } },
{ "type": "Feature", "properties": { "工程（財產）名稱": "護坡", "工程（財產）別名": "100年度曾文庫湖域保護帶治理工程(第二期)", "財產編號": "1110102-003D 00-0000017", "保管單位": "曾管中心", "入帳日期(購置日期)": "2012-08-31", "清查日期": "2022/07/06", "地籍": "台南市楠西區密枝段104-9及104-29號等", "座標X(1)": 198660.0, "座標Y(1)": 2568262.0, "座標X(2)": "198671", "座標Y(2)": "2568270", "有無貼牌": "是", "有無QRCode": "無", "說明": "本案工程地點有11處:1. X198660 Y2568262 位台南市楠西區密枝段104-9號地 現地X198671 Y2568270 644708.jpg 644709.jpg 共2張相片2. X199198 Y2568738 位台南市楠西區密枝段585號地 現地X 199183 Y2568758 644739.jpg 644740.jpg 共2張相片3. X198627 Y2569067 位台南市楠西區密枝段98-20號地 現地X198642 Y2569072 644744.jpg 644745.jpg 共2張相片4. X198593 Y2569023 位台南市楠西區密枝段98-20號地 現地X198660 Y2569098 653421.jpg 653423.jpg5. X199355 Y2570132 位台南市楠西區密枝段948-5號地 現地X199329 Y2570154 653431.jpg 653432.jpg6. X199521 Y2570255 位台南市東山區下南勢段948-13號地,現地X199576Y2570275,653436.jpg653437.jpg 7. X199539 Y2570255 位台南市東山區下南勢段948-9號地 現地X199598Y2570273,653440jpg 653441.jpg8. X199668 Y2570299 位台南市東山區下南勢段948-9號地 現地X199508 Y270245,653444.jpg 653446.jpg9. X199680 Y2570306 位台南市東山區下南勢段948-9號地 現地X199493 Y2570233,653450.jpg 653451.jpg10.X199941 Y2570377 位台南市東山區下南勢段948-1號地 現地X200329 Y2570781,653459.jpg 653460.jpg11.X200311 Y2570736 位台南市東山區下南勢段948-8號地 現地X199920 Y2570367, 653479.jpg 653483.jpg", "保管人": "周駿宏" }, "geometry": { "type": "Point", "coordinates": [ 120.498385668987979, 23.215743924177961 ] } },
{ "type": "Feature", "properties": { "工程（財產）名稱": "護坡", "工程（財產）別名": "103曾文水庫湖域保護帶治理工程第一期", "財產編號": "1110102-003D 00-0000034", "保管單位": "曾管中心", "入帳日期(購置日期)": "2015-05-20", "清查日期": "--", "地籍": "台南市楠西區密枝段747號地", "座標X(1)": 203385.0, "座標Y(1)": 2569371.0, "座標X(2)": null, "座標Y(2)": null, "有無貼牌": "--", "有無QRCode": "無", "說明": null, "保管人": "陳乙震" }, "geometry": { "type": "Point", "coordinates": [ 120.544515844946332, 23.225898891303107 ] } },
{ "type": "Feature", "properties": { "工程（財產）名稱": "護坡", "工程（財產）別名": "101年度曾文水庫湖域保護帶治理工程第一期", "財產編號": "1110102-003D 00-0000021", "保管單位": "曾管中心", "入帳日期(購置日期)": "2013-01-15", "清查日期": "--", "地籍": "嘉義縣大埔鄉射免潭段62號", "座標X(1)": 213536.0, "座標Y(1)": 2577308.0, "座標X(2)": null, "座標Y(2)": null, "有無貼牌": "--", "有無QRCode": "無", "說明": null, "保管人": "陳乙震" }, "geometry": { "type": "Point", "coordinates": [ 120.643510963144493, 23.297828168180736 ] } },
{ "type": "Feature", "properties": { "工程（財產）名稱": "護坡", "工程（財產）別名": "自然生態團粒纖噴植-14210m2", "財產編號": "1110102-003D 00-0000009", "保管單位": "曾管中心", "入帳日期(購置日期)": "2010-07-20", "清查日期": "2014/03/04", "地籍": "嘉義縣大埔鄉射免潭段76號", "座標X(1)": 213578.58, "座標Y(1)": 2577319.62, "座標X(2)": null, "座標Y(2)": null, "有無貼牌": "--", "有無QRCode": "無", "說明": "位於大埔壩附近", "保管人": "陳乙震" }, "geometry": { "type": "Point", "coordinates": [ 120.643926959586835, 23.2979340450091 ] } },
{ "type": "Feature", "properties": { "工程（財產）名稱": "護坡", "工程（財產）別名": "植生", "財產編號": "1110102-003D 00-0000038", "保管單位": "曾管中心", "入帳日期(購置日期)": "2016-12-08", "清查日期": "--", "地籍": "未登錄土地無地籍資料", "座標X(1)": 200900.0, "座標Y(1)": 2570977.0, "座標X(2)": "203090", "座標Y(2)": "2570977", "有無貼牌": "--", "有無QRCode": "無", "說明": null, "保管人": "李勝雄" }, "geometry": { "type": "Point", "coordinates": [ 120.520183233044179, 23.240329089105192 ] } },
{ "type": "Feature", "properties": { "工程（財產）名稱": "護坡", "工程（財產）別名": "曾文湖域保護帶治理工程-8493M2", "財產編號": "1110102-003D 00-0000014", "保管單位": "曾管中心", "入帳日期(購置日期)": "2011-12-31", "清查日期": "2022/07/29", "地籍": "嘉義縣大埔鄉大埔段192-31及埔北段531號", "座標X(1)": 208426.9, "座標Y(1)": 2577597.4, "座標X(2)": "208423", "座標Y(2)": "2577566", "有無貼牌": "是", "有無QRCode": "無", "說明": "大埔市區光輝橋下游右岸擋土牆上方植生帶", "保管人": "周駿宏" }, "geometry": { "type": "Point", "coordinates": [ 120.593554998058934, 23.300320009791307 ] } },
{ "type": "Feature", "properties": { "工程（財產）名稱": "護坡", "工程（財產）別名": "曾文129線道路水保及崩塌地處理工程-4374M2", "財產編號": "1110102-003D 00-0000010", "保管單位": "曾管中心", "入帳日期(購置日期)": "2010-07-20", "清查日期": "2014/03/04", "地籍": "嘉義縣大埔鄉射免潭段62號", "座標X(1)": 213575.54, "座標Y(1)": 2577331.03, "座標X(2)": null, "座標Y(2)": null, "有無貼牌": "--", "有無QRCode": "無", "說明": "位於嘉129線道大埔壩附近", "保管人": "陳乙震" }, "geometry": { "type": "Point", "coordinates": [ 120.643896965343728, 23.298037012343791 ] } },
{ "type": "Feature", "properties": { "工程（財產）名稱": "護坡", "工程（財產）別名": "護坡/植生106曾文大壩左壩座新增邊坡崩坍搶", "財產編號": "1110102-003D 00-0000047", "保管單位": "曾管中心", "入帳日期(購置日期)": "2017-12-15", "清查日期": "--", "地籍": "嘉義縣大埔鄉柳藤潭段44-6號地", "座標X(1)": 202520.652, "座標Y(1)": 2571624.338, "座標X(2)": null, "座標Y(2)": null, "有無貼牌": "--", "有無QRCode": "無", "說明": "約3,500平方公尺", "保管人": "李勝雄" }, "geometry": { "type": "Point", "coordinates": [ 120.536000000576763, 23.246222218066489 ] } },
{ "type": "Feature", "properties": { "工程（財產）名稱": "護坡", "工程（財產）別名": "曾文大壩左山脊邊坡整建工程-20285M2", "財產編號": "1110102-003D 00-0000011", "保管單位": "曾管中心", "入帳日期(購置日期)": "2010-11-22", "清查日期": "2013/02/04", "地籍": "嘉義縣大埔鄉柳藤潭段44-5號", "座標X(1)": 202277.61, "座標Y(1)": 2571747.68, "座標X(2)": null, "座標Y(2)": null, "有無貼牌": "--", "有無QRCode": "無", "說明": "位於發電場辦公室左側", "保管人": "陳乙震" }, "geometry": { "type": "Point", "coordinates": [ 120.533621019487128, 23.247328982313331 ] } },
{ "type": "Feature", "properties": { "工程（財產）名稱": "護坡", "工程（財產）別名": "105年曾文湖域保護帶第二期", "財產編號": "1110102-003D 00-0000039", "保管單位": "曾管中心", "入帳日期(購置日期)": "2017-02-24", "清查日期": "2017/11/10", "地籍": null, "座標X(1)": 203051.0, "座標Y(1)": 2569831.0, "座標X(2)": null, "座標Y(2)": null, "有無貼牌": "--", "有無QRCode": "無", "說明": null, "保管人": "周駿宏" }, "geometry": { "type": "Point", "coordinates": [ 120.541238153481345, 23.230043286955969 ] } },
{ "type": "Feature", "properties": { "工程（財產）名稱": "護坡", "工程（財產）別名": "邊坡植生", "財產編號": "1110102-003D 00-0000037", "保管單位": "曾管中心", "入帳日期(購置日期)": "2016-11-15", "清查日期": "--", "地籍": "嘉義縣大埔鄉大埔段1484-1號", "座標X(1)": 199628.0, "座標Y(1)": 2569968.0, "座標X(2)": "203375", "座標Y(2)": "2569968", "有無貼牌": "--", "有無QRCode": "無", "說明": null, "保管人": "周駿宏" }, "geometry": { "type": "Point", "coordinates": [ 120.507786717599203, 23.231179237174842 ] } },
{ "type": "Feature", "properties": { "工程（財產）名稱": "護坡", "工程（財產）別名": "護坡/107曾文水庫湖域保護帶治理(第一期)", "財產編號": "1110102-003D 00-0000059", "保管單位": "曾管中心", "入帳日期(購置日期)": "2018-11-26", "清查日期": "--", "地籍": "嘉義縣大埔鄉大埔段1484-20號", "座標X(1)": 203226.104, "座標Y(1)": 2570886.911, "座標X(2)": null, "座標Y(2)": null, "有無貼牌": "--", "有無QRCode": "無", "說明": null, "保管人": "李勝雄" }, "geometry": { "type": "Point", "coordinates": [ 120.542916667025224, 23.239583337318642 ] } },
{ "type": "Feature", "properties": { "工程（財產）名稱": "多房間職務宿舍", "工程（財產）別名": "宿舍", "財產編號": "2010601-003A 00-0000103", "保管單位": "牡管中心", "入帳日期(購置日期)": "2001-11-07", "清查日期": "2024/01/24", "地籍": "屏東縣牡丹鄉石門段351號", "座標X(1)": 227509.22, "座標Y(1)": 2447969.16, "座標X(2)": null, "座標Y(2)": null, "有無貼牌": "是", "有無QRCode": "有", "說明": "單身宿舍-雙併第一棟含替代役宿舍", "保管人": "鄭仁嶽" }, "geometry": { "type": "Point", "coordinates": [ 120.781976543685232, 22.13002106388074 ] } },
{ "type": "Feature", "properties": { "工程（財產）名稱": "護岸", "工程（財產）別名": "護岸/111年牡丹水庫週邊零星工程", "財產編號": "1110102-008H 00-0000502", "保管單位": "牡管中心", "入帳日期(購置日期)": "2023-05-15", "清查日期": "--", "地籍": "牡丹鄉東源段238-1地號", "座標X(1)": 234959.0, "座標Y(1)": 2456269.0, "座標X(2)": null, "座標Y(2)": null, "有無貼牌": "--", "有無QRCode": "無", "說明": "地點：199線道路旁", "保管人": "蔡國山" }, "geometry": { "type": "Point", "coordinates": [ 120.854116474495996, 22.205062729586839 ] } },
{ "type": "Feature", "properties": { "工程（財產）名稱": "護岸", "工程（財產）別名": "大埔防砂壩清淤及佳明潭河道護岸工程", "財產編號": "1110102-008H 00-0000007", "保管單位": "曾管中心", "入帳日期(購置日期)": "2011-11-23", "清查日期": "2014/09/03", "地籍": "嘉義縣大埔鄉射免潭段75號", "座標X(1)": 213907.88, "座標Y(1)": 2577332.21, "座標X(2)": null, "座標Y(2)": null, "有無貼牌": "--", "有無QRCode": "無", "說明": "位於大埔壩右岸", "保管人": "陳乙震" }, "geometry": { "type": "Point", "coordinates": [ 120.647146004962522, 23.298055011723775 ] } },
{ "type": "Feature", "properties": { "工程（財產）名稱": "擋土牆", "工程（財產）別名": "擋土牆106阿公店水庫集水區水土保持零星", "財產編號": "1110102-0004 00-0000512", "保管單位": "阿管中心", "入帳日期(購置日期)": "2017-12-30", "清查日期": "2019/04/01", "地籍": "高雄市燕巢區尖山段800-5及800 -2地號", "座標X(1)": 184833.0, "座標Y(1)": 2523581.0, "座標X(2)": null, "座標Y(2)": null, "有無貼牌": "--", "有無QRCode": "無", "說明": null, "保管人": "陳煌祥" }, "geometry": { "type": "Point", "coordinates": [ 120.365186495107963, 22.811778294769006 ] } },
{ "type": "Feature", "properties": { "工程（財產）名稱": "擋土牆", "工程（財產）別名": "106年曾文水庫週邊零星工程", "財產編號": "1110102-0004 00-0000499", "保管單位": "養護科", "入帳日期(購置日期)": "2018-02-09", "清查日期": "--", "地籍": "大埔段1484-44地號", "座標X(1)": 202460.0, "座標Y(1)": 2570469.0, "座標X(2)": null, "座標Y(2)": null, "有無貼牌": "--", "有無QRCode": "無", "說明": "擋土牆", "保管人": "吳宗翰" }, "geometry": { "type": "Point", "coordinates": [ 120.535443407470794, 23.235787576030685 ] } },
{ "type": "Feature", "properties": { "工程（財產）名稱": "擋土牆", "工程（財產）別名": "擋土牆(RB段)曾文水庫防隧道工程", "財產編號": "1110102-0004 00-0000517", "保管單位": "曾管中心", "入帳日期(購置日期)": "2018-11-30", "清查日期": "--", "地籍": "河床無地籍資料", "座標X(1)": 201078.52, "座標Y(1)": 2571088.69, "座標X(2)": null, "座標Y(2)": null, "有無貼牌": "--", "有無QRCode": "無", "說明": "擋土牆(RB段)", "保管人": "周駿宏" }, "geometry": { "type": "Point", "coordinates": [ 120.521924131829195, 23.24134298344951 ] } },
{ "type": "Feature", "properties": { "工程（財產）名稱": "擋土牆", "工程（財產）別名": "105年阿公店水庫集水區水土保持工程", "財產編號": "1110102-0004 00-0000496", "保管單位": "阿管中心", "入帳日期(購置日期)": "2017-01-30", "清查日期": "2019/06/21", "地籍": "高雄市岡山區 子段6-1號", "座標X(1)": 182559.0, "座標Y(1)": 2525293.0, "座標X(2)": null, "座標Y(2)": null, "有無貼牌": "--", "有無QRCode": "無", "說明": null, "保管人": "陳煌祥" }, "geometry": { "type": "Point", "coordinates": [ 120.34296163478507, 22.827148492856171 ] } },
{ "type": "Feature", "properties": { "工程（財產）名稱": "擋土牆", "工程（財產）別名": "擋土牆(半重力式)", "財產編號": "1110102-0004 00-0000535", "保管單位": "阿管中心", "入帳日期(購置日期)": "2019-03-06", "清查日期": "--", "地籍": "南安老段590", "座標X(1)": 186955.0, "座標Y(1)": 2530313.0, "座標X(2)": null, "座標Y(2)": null, "有無貼牌": "--", "有無QRCode": "無", "說明": null, "保管人": "陳煌祥" }, "geometry": { "type": "Point", "coordinates": [ 120.385583682851717, 22.872651889673183 ] } },
{ "type": "Feature", "properties": { "工程（財產）名稱": "擋土牆", "工程（財產）別名": "擋土牆", "財產編號": "1110102-0004 00-0000453", "保管單位": "曾管中心", "入帳日期(購置日期)": "2015-12-28", "清查日期": "--", "地籍": null, "座標X(1)": 198186.0, "座標Y(1)": 2569007.0, "座標X(2)": null, "座標Y(2)": null, "有無貼牌": "--", "有無QRCode": "無", "說明": "地點：曾文東口露營區附近(南市東山區南勢1138號)座標：X：198186.90Y：2569007.71說明：擋土牆(含箱函一座)", "保管人": "周駿宏" }, "geometry": { "type": "Point", "coordinates": [ 120.49372926311851, 23.222456532306612 ] } },
{ "type": "Feature", "properties": { "工程（財產）名稱": "擋土牆", "工程（財產）別名": "103曾文水庫集水區主流新美段懸臂式擋土牆", "財產編號": "1110102-0004 00-0000455", "保管單位": "曾管中心", "入帳日期(購置日期)": "2015-12-25", "清查日期": "2022/12/22", "地籍": "嘉義縣阿里山鄉樂新美段266號", "座標X(1)": 216509.74, "座標Y(1)": 2581769.65, "座標X(2)": "216250", "座標Y(2)": "2586054", "有無貼牌": "是", "有無QRCode": "無", "說明": null, "保管人": "許玿瑛" }, "geometry": { "type": "Point", "coordinates": [ 120.672484549647251, 23.338181256898153 ] } },
{ "type": "Feature", "properties": { "工程（財產）名稱": "擋土牆", "工程（財產）別名": "南化高屏聯通管內湖橋週邊擋土牆改善工程", "財產編號": "1110102-0004 00-0000491", "保管單位": "高屏溪攔河堰", "入帳日期(購置日期)": "2018-02-21", "清查日期": "2022/08/26", "地籍": "高雄市內門區木柵段727-2、728-2及746-1", "座標X(1)": 195722.0, "座標Y(1)": 2539772.0, "座標X(2)": null, "座標Y(2)": null, "有無貼牌": "是", "有無QRCode": "無", "說明": null, "保管人": "沈文忠" }, "geometry": { "type": "Point", "coordinates": [ 120.470689415416615, 22.958377933225719 ] } },
{ "type": "Feature", "properties": { "工程（財產）名稱": "擋土牆", "工程（財產）別名": "護坡/108曾文水庫湖域保護帶治理第一", "財產編號": "1110102-0004 00-0000557", "保管單位": "曾管中心", "入帳日期(購置日期)": "2020-03-25", "清查日期": "--", "地籍": "嘉義縣大埔鄉柳藤潭段(0834)11-10地號", "座標X(1)": 202765.275, "座標Y(1)": 2572148.963, "座標X(2)": null, "座標Y(2)": null, "有無貼牌": "--", "有無QRCode": "無", "說明": "擋土牆", "保管人": "周駿宏" }, "geometry": { "type": "Point", "coordinates": [ 120.538374255312988, 23.250966707150379 ] } },
{ "type": "Feature", "properties": { "工程（財產）名稱": "護坡", "工程（財產）別名": "曾文水庫集水區主流山美達娜依谷上游河", "財產編號": "1110102-003D 00-0000016", "保管單位": "曾管中心", "入帳日期(購置日期)": "2012-07-01", "清查日期": "2014/08/13", "地籍": "無", "座標X(1)": 216623.0, "座標Y(1)": 2586020.0, "座標X(2)": null, "座標Y(2)": null, "有無貼牌": "--", "有無QRCode": "無", "說明": "位於達娜依谷河道上邊坡（福美吊橋橋基旁）", "保管人": "陳乙震" }, "geometry": { "type": "Point", "coordinates": [ 120.673498244729956, 23.376564994194823 ] } },
{ "type": "Feature", "properties": { "工程（財產）名稱": "護岸", "工程（財產）別名": "護岸/108年阿公店水庫邊緣設施崩塌地處理工", "財產編號": "1110102-008H 00-0000499", "保管單位": "阿管中心", "入帳日期(購置日期)": "2020-09-15", "清查日期": "2021/05/14", "地籍": "高雄市田寮區牛稠埔段500-29及500-34地號(本局)", "座標X(1)": 185441.0, "座標Y(1)": 2525153.0, "座標X(2)": "185427", "座標Y(2)": "2525153", "有無貼牌": "是", "有無QRCode": "無", "說明": null, "保管人": "陳煌祥" }, "geometry": { "type": "Point", "coordinates": [ 120.371043757747856, 22.825997553164672 ] } },
{ "type": "Feature", "properties": { "工程（財產）名稱": "涼亭", "工程（財產）別名": "涼亭/109曾文水庫公共設施工程第一期", "財產編號": "2020202-005D 00-0000003", "保管單位": "曾管中心", "入帳日期(購置日期)": "2021-05-13", "清查日期": "2025/02/18", "地籍": "嘉義縣大埔鄉柳藤潭段24-3及24-2號", "座標X(1)": 202592.0, "座標Y(1)": 2572094.0, "座標X(2)": "202584", "座標Y(2)": "2572096", "有無貼牌": "是", "有無QRCode": "有", "說明": null, "保管人": "王昭文" }, "geometry": { "type": "Point", "coordinates": [ 120.536682593323107, 23.250465397018189 ] } },
{ "type": "Feature", "properties": { "工程（財產）名稱": "擋土牆", "工程（財產）別名": "擋土牆/110~111固定資產/曾文水庫壩區及蓄", "財產編號": "1110102-0004 00-0000657", "保管單位": "曾管中心", "入帳日期(購置日期)": "2022-07-06", "清查日期": "--", "地籍": null, "座標X(1)": 199115.0, "座標Y(1)": 2568887.0, "座標X(2)": null, "座標Y(2)": null, "有無貼牌": "--", "有無QRCode": "無", "說明": null, "保管人": "王昭文" }, "geometry": { "type": "Point", "coordinates": [ 120.502810197949131, 23.221401882103866 ] } },
{ "type": "Feature", "properties": { "工程（財產）名稱": "護坡", "工程（財產）別名": "護坡/110~111固定資產/曾文水庫壩區及蓄水", "財產編號": "1110102-003C 00-0000007", "保管單位": "曾管中心", "入帳日期(購置日期)": "2022-07-06", "清查日期": "--", "地籍": null, "座標X(1)": 201964.0, "座標Y(1)": 2572295.0, "座標X(2)": null, "座標Y(2)": null, "有無貼牌": "--", "有無QRCode": "無", "說明": null, "保管人": "王昭文" }, "geometry": { "type": "Point", "coordinates": [ 120.530538966772113, 23.252262233480362 ] } },
{ "type": "Feature", "properties": { "工程（財產）名稱": "涼亭", "工程（財產）別名": "排洪道公園植栽綠美化工程(工區2)", "財產編號": "2020202-005A 00-0000006", "保管單位": "阿管中心", "入帳日期(購置日期)": "2011-12-31", "清查日期": "2012/05/25", "地籍": null, "座標X(1)": 184185.0, "座標Y(1)": 2526554.0, "座標X(2)": null, "座標Y(2)": null, "有無貼牌": "--", "有無QRCode": "無", "說明": null, "保管人": "呂元鈞" }, "geometry": { "type": "Point", "coordinates": [ 120.358748677757106, 22.838600314207248 ] } },
{ "type": "Feature", "properties": { "工程（財產）名稱": "水塔", "工程（財產）別名": "蓄水池、水塔", "財產編號": "2020401-002A 00-0000001", "保管單位": "牡管中心", "入帳日期(購置日期)": "2001-11-07", "清查日期": "2025/01/24", "地籍": "屏東縣牡丹鄉石門段352號", "座標X(1)": 227526.4, "座標Y(1)": 2447915.7, "座標X(2)": null, "座標Y(2)": null, "有無貼牌": "是", "有無QRCode": "有", "說明": null, "保管人": "周百欽" }, "geometry": { "type": "Point", "coordinates": [ 120.782143826326262, 22.129538454296203 ] } },
{ "type": "Feature", "properties": { "工程（財產）名稱": "明渠", "工程（財產）別名": "101高屏溪攔河堰上游週邊環境委辦零星工", "財產編號": "1110101-029C 00-0000329", "保管單位": "高屏溪攔河堰", "入帳日期(購置日期)": "2013-12-30", "清查日期": "--", "地籍": "高雄市大樹區小坪段172號~173號", "座標X(1)": 187877.0, "座標Y(1)": 2510400.0, "座標X(2)": "2510410", "座標Y(2)": "187877", "有無貼牌": "--", "有無QRCode": "無", "說明": null, "保管人": "沈文忠" }, "geometry": { "type": "Point", "coordinates": [ 120.395361854480086, 22.692862441429323 ] } },
{ "type": "Feature", "properties": { "工程（財產）名稱": "護坡", "工程（財產）別名": "排水溝", "財產編號": "1110102-003A 00-0000440", "保管單位": "阿管中心", "入帳日期(購置日期)": "2016-01-08", "清查日期": "2016/01/08", "地籍": "高雄市燕巢區尖山段524-5號", "座標X(1)": 186917.42, "座標Y(1)": 2522710.85, "座標X(2)": null, "座標Y(2)": null, "有無貼牌": "--", "有無QRCode": "無", "說明": null, "保管人": "呂元鈞" }, "geometry": { "type": "Point", "coordinates": [ 120.385525851061146, 22.804000030609977 ] } },
{ "type": "Feature", "properties": { "工程（財產）名稱": "圍牆", "工程（財產）別名": "圍牆/109阿公店水庫森林教室公廁新建工程", "財產編號": "1110102-002C 00-0000004", "保管單位": "阿管中心", "入帳日期(購置日期)": "2021-01-08", "清查日期": "--", "地籍": null, "座標X(1)": 183019.122, "座標Y(1)": 2523661.356, "座標X(2)": null, "座標Y(2)": null, "有無貼牌": "--", "有無QRCode": "無", "說明": null, "保管人": "陳煌祥" }, "geometry": { "type": "Point", "coordinates": [ 120.34751431819339, 22.812432594264177 ] } },
{ "type": "Feature", "properties": { "工程（財產）名稱": "明渠", "工程（財產）別名": "101高屏溪攔河堰上游週邊環境委辦零星工", "財產編號": "1110101-029C 00-0000328", "保管單位": "高屏溪攔河堰", "入帳日期(購置日期)": "2013-12-30", "清查日期": "--", "地籍": "高雄市大樹區坪頂段444號~379號", "座標X(1)": 189234.0, "座標Y(1)": 2508275.0, "座標X(2)": "2508253", "座標Y(2)": "189234", "有無貼牌": "--", "有無QRCode": "無", "說明": null, "保管人": "沈文忠" }, "geometry": { "type": "Point", "coordinates": [ 120.408651197803607, 22.673721737793706 ] } },
{ "type": "Feature", "properties": { "工程（財產）名稱": "明渠", "工程（財產）別名": "101高屏溪攔河堰上游週邊環境委辦零星工程", "財產編號": "1110101-029C 00-0000331", "保管單位": "高屏溪攔河堰", "入帳日期(購置日期)": "2013-12-30", "清查日期": "--", "地籍": "高雄市大樹區溪埔段746-3號", "座標X(1)": 192237.0, "座標Y(1)": 2514473.0, "座標X(2)": "2514499", "座標Y(2)": "192237", "有無貼牌": "--", "有無QRCode": "無", "說明": null, "保管人": "沈文忠" }, "geometry": { "type": "Point", "coordinates": [ 120.437645530370744, 22.729798865355914 ] } },
{ "type": "Feature", "properties": { "工程（財產）名稱": "護坡", "工程（財產）別名": "阿公店水庫集水區水土保持零星工程-大埔巷", "財產編號": "1110102-003A 00-0000087", "保管單位": "阿管中心", "入帳日期(購置日期)": "2012-03-03", "清查日期": "2019/07/10", "地籍": "高雄市田寮區水蛙潭段421-2號、419-38、419-25、419-8", "座標X(1)": 187614.0, "座標Y(1)": 2523669.0, "座標X(2)": null, "座標Y(2)": null, "有無貼牌": "--", "有無QRCode": "無", "說明": null, "保管人": "呂元鈞" }, "geometry": { "type": "Point", "coordinates": [ 120.392272419573956, 22.81267855437801 ] } },
{ "type": "Feature", "properties": { "工程（財產）名稱": "護坡", "工程（財產）別名": "阿公店水庫集水區水土保持零星工程-大埔巷", "財產編號": "1110102-003A 00-0000088", "保管單位": "阿管中心", "入帳日期(購置日期)": "2012-03-03", "清查日期": "2019/07/10", "地籍": "水蛙潭段421-2號、419-38、419-25、419-8", "座標X(1)": 187290.0, "座標Y(1)": 2524482.0, "座標X(2)": null, "座標Y(2)": null, "有無貼牌": "--", "有無QRCode": "無", "說明": null, "保管人": "呂元鈞" }, "geometry": { "type": "Point", "coordinates": [ 120.389083595073387, 22.820008229510137 ] } },
{ "type": "Feature", "properties": { "工程（財產）名稱": "明渠", "工程（財產）別名": "101高屏溪瀾河堰上游週邊委辦零星工程", "財產編號": "1110101-029C 00-0000330", "保管單位": "高屏溪攔河堰", "入帳日期(購置日期)": "2013-12-30", "清查日期": "--", "地籍": "高雄市大樹區龍目段422號~423號", "座標X(1)": 190159.0, "座標Y(1)": 2510161.0, "座標X(2)": "2510140", "座標Y(2)": "190159", "有無貼牌": "--", "有無QRCode": "無", "說明": null, "保管人": "沈文忠" }, "geometry": { "type": "Point", "coordinates": [ 120.417580598794984, 22.690786485209951 ] } },
{ "type": "Feature", "properties": { "工程（財產）名稱": "明渠", "工程（財產）別名": "101高屏溪瀾河堰上游週邊環境委辦零星工", "財產編號": "1110101-029C 00-0000325", "保管單位": "高屏溪攔河堰", "入帳日期(購置日期)": "2013-12-30", "清查日期": "2024/11/25", "地籍": "高雄市大樹區龍目段944號~1089號", "座標X(1)": 189641.0, "座標Y(1)": 2509897.0, "座標X(2)": "2509836", "座標Y(2)": "189641", "有無貼牌": "是", "有無QRCode": "無", "說明": "113年11月25日現地盤點成果:1.珼地貼牌座標X189648 Y25098312.在一間廟旁巷子的地面上排水溝渠", "保管人": "沈文忠" }, "geometry": { "type": "Point", "coordinates": [ 120.412549382740764, 22.688383980467211 ] } },
{ "type": "Feature", "properties": { "工程（財產）名稱": "明渠", "工程（財產）別名": "101年高屏溪攔河堰上游週邊環境委辦零星工", "財產編號": "1110101-029C 00-0000322", "保管單位": "高屏溪攔河堰", "入帳日期(購置日期)": "2013-12-30", "清查日期": "--", "地籍": "高雄市大樹區姑山段369號~376號", "座標X(1)": 190376.0, "座標Y(1)": 2512085.0, "座標X(2)": "2512072", "座標Y(2)": "190376", "有無貼牌": "是", "有無QRCode": "無", "說明": null, "保管人": "沈文忠" }, "geometry": { "type": "Point", "coordinates": [ 120.419619330434912, 22.70816905360509 ] } },
{ "type": "Feature", "properties": { "工程（財產）名稱": "地坪", "工程（財產）別名": "地坪/110曾文水庫公共設施工程", "財產編號": "1110101-0030 00-0000441", "保管單位": "曾管中心", "入帳日期(購置日期)": "2022-07-11", "清查日期": "--", "地籍": null, "座標X(1)": 198655.41, "座標Y(1)": 2568880.73, "座標X(2)": null, "座標Y(2)": null, "有無貼牌": "--", "有無QRCode": "無", "說明": "曾文辦公室正門圓環", "保管人": "李勝雄" }, "geometry": { "type": "Point", "coordinates": [ 120.498319956153651, 23.221330999100829 ] } },
{ "type": "Feature", "properties": { "工程（財產）名稱": "公廁", "工程（財產）別名": "公廁/109阿公店水庫森林教室公廁新建工程", "財產編號": "2020202-006A 00-0000012", "保管單位": "阿管中心", "入帳日期(購置日期)": "2021-01-08", "清查日期": "--", "地籍": null, "座標X(1)": 183019.122, "座標Y(1)": 2523661.356, "座標X(2)": null, "座標Y(2)": null, "有無貼牌": "是", "有無QRCode": "無", "說明": null, "保管人": "陳煌祥" }, "geometry": { "type": "Point", "coordinates": [ 120.34751431819339, 22.812432594264177 ] } },
{ "type": "Feature", "properties": { "工程（財產）名稱": "護岸", "工程（財產）別名": "阿公店水庫濁水溪四號攔砂壩渠槽新建及下游", "財產編號": "1110102-008A 00-0000051", "保管單位": "阿管中心", "入帳日期(購置日期)": "2012-08-17", "清查日期": "2012/05/25", "地籍": "千秋寮段：131-11、131-5、131-19、131-20、131-12；尖山段：532-5、547-1、547-2、547-5、526", "座標X(1)": 186824.19, "座標Y(1)": 2522714.71, "座標X(2)": null, "座標Y(2)": null, "有無貼牌": "--", "有無QRCode": "無", "說明": null, "保管人": "呂元鈞" }, "geometry": { "type": "Point", "coordinates": [ 120.384617601020565, 22.804031385865439 ] } },
{ "type": "Feature", "properties": { "工程（財產）名稱": "箱涵", "工程（財產）別名": "阿公店水庫濁水溪4號攔砂壩渠槽新建及下游", "財產編號": "1110101-028A 00-0000078", "保管單位": "阿管中心", "入帳日期(購置日期)": "2012-08-17", "清查日期": "2019/07/10", "地籍": "千秋寮段：131-11、131-5、131-19、131-20、131-12；尖山段：532-5、547-1、547-2、547-5、526", "座標X(1)": 186824.19, "座標Y(1)": 2522714.71, "座標X(2)": null, "座標Y(2)": null, "有無貼牌": "--", "有無QRCode": "無", "說明": null, "保管人": "呂元鈞" }, "geometry": { "type": "Point", "coordinates": [ 120.384617601020565, 22.804031385865439 ] } }
]
}
